,FIPS,State,County,Number of Counties Included in Health Groups,Health_Z_Score,Health Group,Health Group Range,Community_Z_Score,Health Group.1,Health Group Range.1
1,01001,Alabama,Autauga,67,-0.0408937137,5.0,-0.05 to 0.27,0.114427885,5.0,-0.17 to 0.03
2,01003,Alabama,Baldwin,67,0.309818044,4.0,-0.38 to -0.06,0.386812059,3.0,-0.58 to -0.37
3,01005,Alabama,Barbour,67,-1.116797271,8.0,0.96 to 1.38,-0.8229735094,9.0,0.73 to 1.09
4,01007,Alabama,Bibb,67,-0.6650552323,7.0,0.6 to 0.95,-0.5945009641,8.0,0.47 to 0.72
5,01009,Alabama,Blount,67,-0.3569643885,6.0,0.28 to 0.6,-0.1479884544,6.0,0.03 to 0.24
6,01011,Alabama,Bullock,67,-1.8991973922,9.0,1.39 to 1.93,-1.2805167403,10.0,1.09 to 1.98
7,01013,Alabama,Butler,67,-1.3196926424,8.0,0.96 to 1.38,-0.5798511383,8.0,0.47 to 0.72
8,01015,Alabama,Calhoun,67,-0.8588746532,7.0,0.6 to 0.95,-0.2605203142,7.0,0.24 to 0.46
9,01017,Alabama,Chambers,67,-1.0289725268,8.0,0.96 to 1.38,-0.364935885,7.0,0.24 to 0.46
10,01019,Alabama,Cherokee,67,-0.3556973598,6.0,0.28 to 0.6,-0.1429991733,6.0,0.03 to 0.24
11,01021,Alabama,Chilton,67,-0.3492380209,6.0,0.28 to 0.6,-0.1944934443,6.0,0.03 to 0.24
12,01023,Alabama,Choctaw,67,-0.9154528367,7.0,0.6 to 0.95,-0.8387518073,9.0,0.73 to 1.09
13,01025,Alabama,Clarke,67,-1.6270939502,9.0,1.39 to 1.93,-0.7540072575,9.0,0.73 to 1.09
14,01027,Alabama,Clay,67,-0.7297677647,7.0,0.6 to 0.95,-0.14798942,6.0,0.03 to 0.24
15,01029,Alabama,Cleburne,67,-0.5156314464,6.0,0.28 to 0.6,-0.2750468154,7.0,0.24 to 0.46
16,01031,Alabama,Coffee,67,0.010389278,5.0,-0.05 to 0.27,-0.1574854706,6.0,0.03 to 0.24
17,01033,Alabama,Colbert,67,-0.5113577442,6.0,0.28 to 0.6,-0.0078972201,5.0,-0.17 to 0.03
18,01035,Alabama,Conecuh,67,-2.0646971402,10.0,1.95 to 3.17,-0.8435954286,9.0,0.73 to 1.09
19,01037,Alabama,Coosa,67,-1.0432406981,8.0,0.96 to 1.38,-0.2529127187,7.0,0.24 to 0.46
20,01039,Alabama,Covington,67,-0.9329712181,7.0,0.6 to 0.95,-0.4167986674,7.0,0.24 to 0.46
21,01041,Alabama,Crenshaw,67,-0.8669354019,7.0,0.6 to 0.95,-0.5812055367,8.0,0.47 to 0.72
22,01043,Alabama,Cullman,67,-0.3794817632,6.0,0.28 to 0.6,-0.0063984002,5.0,-0.17 to 0.03
23,01045,Alabama,Dale,67,-0.4289268782,6.0,0.28 to 0.6,-0.1161327556,6.0,0.03 to 0.24
24,01047,Alabama,Dallas,67,-2.2819835133,10.0,1.95 to 3.17,-0.7765520202,9.0,0.73 to 1.09
25,01049,Alabama,DeKalb,67,-0.6220151344,7.0,0.6 to 0.95,-0.3285515079,7.0,0.24 to 0.46
26,01051,Alabama,Elmore,67,0.038306932,5.0,-0.05 to 0.27,0.119778666,5.0,-0.17 to 0.03
27,01053,Alabama,Escambia,67,-1.1978824285,8.0,0.96 to 1.38,-0.6935676052,8.0,0.47 to 0.72
28,01055,Alabama,Etowah,67,-0.728675148,7.0,0.6 to 0.95,-0.2047061748,6.0,0.03 to 0.24
29,01057,Alabama,Fayette,67,-1.1045111,8.0,0.96 to 1.38,-0.3934376659,7.0,0.24 to 0.46
30,01059,Alabama,Franklin,67,-0.7875114938,7.0,0.6 to 0.95,-0.6523178773,8.0,0.47 to 0.72
31,01061,Alabama,Geneva,67,-0.9129219869,7.0,0.6 to 0.95,-0.3811360128,7.0,0.24 to 0.46
32,01063,Alabama,Greene,67,-2.0531757099,10.0,1.95 to 3.17,-1.175044919,10.0,1.09 to 1.98
33,01065,Alabama,Hale,67,-1.422572044,9.0,1.39 to 1.93,-0.7785541144,9.0,0.73 to 1.09
34,01067,Alabama,Henry,67,-0.668028432,7.0,0.6 to 0.95,-0.4694188956,8.0,0.47 to 0.72
35,01069,Alabama,Houston,67,-0.4745865546,6.0,0.28 to 0.6,-0.0563779626,6.0,0.03 to 0.24
36,01071,Alabama,Jackson,67,-0.8083829733,7.0,0.6 to 0.95,-0.1308509082,6.0,0.03 to 0.24
37,01073,Alabama,Jefferson,67,-0.5513069759,6.0,0.28 to 0.6,0.068290949,5.0,-0.17 to 0.03
38,01075,Alabama,Lamar,67,-0.5914814408,6.0,0.28 to 0.6,-0.3455199319,7.0,0.24 to 0.46
39,01077,Alabama,Lauderdale,67,-0.0449077897,5.0,-0.05 to 0.27,0.162440712,5.0,-0.17 to 0.03
40,01079,Alabama,Lawrence,67,-0.7665105647,7.0,0.6 to 0.95,-0.1627696976,6.0,0.03 to 0.24
41,01081,Alabama,Lee,67,0.235049698,4.0,-0.38 to -0.06,0.129225872,5.0,-0.17 to 0.03
42,01083,Alabama,Limestone,67,0.291161152,4.0,-0.38 to -0.06,0.356304847,4.0,-0.37 to -0.17
43,01085,Alabama,Lowndes,67,-2.2919957939,10.0,1.95 to 3.17,-1.2404492795,10.0,1.09 to 1.98
44,01087,Alabama,Macon,67,-1.4736876544,9.0,1.39 to 1.93,-0.7203014657,8.0,0.47 to 0.72
45,01089,Alabama,Madison,67,0.177521801,4.0,-0.38 to -0.06,0.607529,2.0,-0.81 to -0.58
46,01091,Alabama,Marengo,67,-1.1700657243,8.0,0.96 to 1.38,-0.665175298,8.0,0.47 to 0.72
47,01093,Alabama,Marion,67,-0.7503615322,7.0,0.6 to 0.95,-0.4616995696,7.0,0.24 to 0.46
48,01095,Alabama,Marshall,67,-0.4187561226,6.0,0.28 to 0.6,-0.055763772,6.0,0.03 to 0.24
49,01097,Alabama,Mobile,67,-0.7818759796,7.0,0.6 to 0.95,-0.2205694546,6.0,0.03 to 0.24
50,01099,Alabama,Monroe,67,-1.3381091634,8.0,0.96 to 1.38,-0.8258184279,9.0,0.73 to 1.09
51,01101,Alabama,Montgomery,67,-0.9448044014,7.0,0.6 to 0.95,0.009454605,5.0,-0.17 to 0.03
52,01103,Alabama,Morgan,67,-0.4653289708,6.0,0.28 to 0.6,0.035588014,5.0,-0.17 to 0.03
53,01105,Alabama,Perry,67,-2.2230293912,10.0,1.95 to 3.17,-0.9172215084,9.0,0.73 to 1.09
54,01107,Alabama,Pickens,67,-0.9764585971,8.0,0.96 to 1.38,-0.5536228955,8.0,0.47 to 0.72
55,01109,Alabama,Pike,67,-0.9247534878,7.0,0.6 to 0.95,-0.3249446258,7.0,0.24 to 0.46
56,01111,Alabama,Randolph,67,-0.6085409272,7.0,0.6 to 0.95,-0.400647341,7.0,0.24 to 0.46
57,01113,Alabama,Russell,67,-1.0543771036,8.0,0.96 to 1.38,-0.3348336315,7.0,0.24 to 0.46
58,01115,Alabama,St. Clair,67,-0.3055234483,6.0,0.28 to 0.6,0.119490743,5.0,-0.17 to 0.03
59,01117,Alabama,Shelby,67,0.711933044,2.0,-1.07 to -0.71,0.658462501,2.0,-0.81 to -0.58
60,01119,Alabama,Sumter,67,-1.6105520862,9.0,1.39 to 1.93,-0.5916871902,8.0,0.47 to 0.72
61,01121,Alabama,Talladega,67,-1.1128584774,8.0,0.96 to 1.38,-0.3006327679,7.0,0.24 to 0.46
62,01123,Alabama,Tallapoosa,67,-0.8952721053,7.0,0.6 to 0.95,-0.1228131299,6.0,0.03 to 0.24
63,01125,Alabama,Tuscaloosa,67,-0.4725031253,6.0,0.28 to 0.6,0.028639216,5.0,-0.17 to 0.03
64,01127,Alabama,Walker,67,-1.5917279724,9.0,1.39 to 1.93,-0.4763251061,8.0,0.47 to 0.72
65,01129,Alabama,Washington,67,-0.9095315866,7.0,0.6 to 0.95,-0.5422625588,8.0,0.47 to 0.72
66,01131,Alabama,Wilcox,67,-2.4383555178,10.0,1.95 to 3.17,-1.7349960972,10.0,1.09 to 1.98
67,01133,Alabama,Winston,67,-0.5547174682,6.0,0.28 to 0.6,-0.4483459735,7.0,0.24 to 0.46
69,02013,Alaska,Aleutians East,25,-0.3858183096,6.0,0.28 to 0.6,-0.3417069604,7.0,0.24 to 0.46
70,02016,Alaska,Aleutians West,25,0.272575839,4.0,-0.38 to -0.06,0.291889716,4.0,-0.37 to -0.17
71,02020,Alaska,Anchorage,25,0.566665777,3.0,-0.71 to -0.38,0.495677579,3.0,-0.58 to -0.37
72,02050,Alaska,Bethel,25,-1.6127246381,9.0,1.39 to 1.93,-1.2735167121,10.0,1.09 to 1.98
73,02060,Alaska,Bristol Bay,25,0.010745254,5.0,-0.05 to 0.27,0.234329701,4.0,-0.37 to -0.17
77,02070,Alaska,Dillingham,25,-1.6813670952,9.0,1.39 to 1.93,-0.8319474538,9.0,0.73 to 1.09
78,02090,Alaska,Fairbanks North Star,25,0.680875609,3.0,-0.71 to -0.38,0.204450983,4.0,-0.37 to -0.17
79,02100,Alaska,Haines,25,0.10891478,4.0,-0.38 to -0.06,0.281650312,4.0,-0.37 to -0.17
80,02105,Alaska,Hoonah-Angoon,25,-0.1935990763,5.0,-0.05 to 0.27,-0.6204255339,8.0,0.47 to 0.72
81,02110,Alaska,Juneau,25,1.005488382,2.0,-1.07 to -0.71,0.918219344,1.0,-1.61 to -0.81
82,02122,Alaska,Kenai Peninsula,25,0.650050785,3.0,-0.71 to -0.38,0.079703054,5.0,-0.17 to 0.03
83,02130,Alaska,Ketchikan Gateway,25,0.423539955,3.0,-0.71 to -0.38,0.333625584,4.0,-0.37 to -0.17
84,02150,Alaska,Kodiak Island,25,0.977478957,2.0,-1.07 to -0.71,0.420818229,3.0,-0.58 to -0.37
85,02158,Alaska,Kusilvak,25,-2.3051837389,10.0,1.95 to 3.17,-1.2111288096,10.0,1.09 to 1.98
86,02164,Alaska,Lake and Peninsula,25,-0.4185710783,6.0,0.28 to 0.6,-0.7632421512,9.0,0.73 to 1.09
87,02170,Alaska,Matanuska-Susitna,25,0.497001991,3.0,-0.71 to -0.38,0.117095782,5.0,-0.17 to 0.03
88,02180,Alaska,Nome,25,-1.377090332,8.0,0.96 to 1.38,-0.9690021891,9.0,0.73 to 1.09
89,02185,Alaska,North Slope,25,0.302462614,4.0,-0.38 to -0.06,-0.2387171756,6.0,0.03 to 0.24
90,02188,Alaska,Northwest Arctic,25,-1.7635082634,9.0,1.39 to 1.93,-0.9062698696,9.0,0.73 to 1.09
91,02195,Alaska,Petersburg,25,0.091018636,4.0,-0.38 to -0.06,0.097027214,5.0,-0.17 to 0.03
92,02198,Alaska,Prince of Wales-Hyder,25,-0.4211131481,6.0,0.28 to 0.6,-0.4258738633,7.0,0.24 to 0.46
94,02220,Alaska,Sitka,25,1.025300221,2.0,-1.07 to -0.71,0.655959837,2.0,-0.81 to -0.58
97,02240,Alaska,Southeast Fairbanks,25,0.685097913,3.0,-0.71 to -0.38,-0.1604063655,6.0,0.03 to 0.24
100,02275,Alaska,Wrangell,25,-0.0596601869,5.0,-0.05 to 0.27,0.105523452,5.0,-0.17 to 0.03
103,02290,Alaska,Yukon-Koyukuk,25,-1.686632252,9.0,1.39 to 1.93,-1.0768329087,9.0,0.73 to 1.09
105,04001,Arizona,Apache,15,-3.171721086,10.0,1.95 to 3.17,-1.6859027623,10.0,1.09 to 1.98
106,04003,Arizona,Cochise,15,0.10623987,4.0,-0.38 to -0.06,-0.1239513909,6.0,0.03 to 0.24
107,04005,Arizona,Coconino,15,-0.1489086105,5.0,-0.05 to 0.27,0.05305051,5.0,-0.17 to 0.03
108,04007,Arizona,Gila,15,-1.6786100973,9.0,1.39 to 1.93,-0.273872736,7.0,0.24 to 0.46
109,04009,Arizona,Graham,15,-0.2704686963,5.0,-0.05 to 0.27,-0.1782349868,6.0,0.03 to 0.24
110,04011,Arizona,Greenlee,15,-0.2770459887,6.0,0.28 to 0.6,0.377374109,3.0,-0.58 to -0.37
111,04012,Arizona,La Paz,15,-1.7659577803,9.0,1.39 to 1.93,-0.7309185613,9.0,0.73 to 1.09
112,04013,Arizona,Maricopa,15,0.469711065,3.0,-0.71 to -0.38,0.079280497,5.0,-0.17 to 0.03
113,04015,Arizona,Mohave,15,-0.5669578034,6.0,0.28 to 0.6,-0.3152076213,7.0,0.24 to 0.46
114,04017,Arizona,Navajo,15,-2.0431988139,10.0,1.95 to 3.17,-0.8569699856,9.0,0.73 to 1.09
115,04019,Arizona,Pima,15,0.093626296,4.0,-0.38 to -0.06,0.198595965,4.0,-0.37 to -0.17
116,04021,Arizona,Pinal,15,0.149167112,4.0,-0.38 to -0.06,-0.2393147722,6.0,0.03 to 0.24
117,04023,Arizona,Santa Cruz,15,0.563345546,3.0,-0.71 to -0.38,-0.7705298631,9.0,0.73 to 1.09
118,04025,Arizona,Yavapai,15,0.20345298,4.0,-0.38 to -0.06,0.110147816,5.0,-0.17 to 0.03
119,04027,Arizona,Yuma,15,0.052364829,5.0,-0.05 to 0.27,-1.075337835,9.0,0.73 to 1.09
121,05001,Arkansas,Arkansas,75,-1.6049609013,9.0,1.39 to 1.93,-0.160081412,6.0,0.03 to 0.24
122,05003,Arkansas,Ashley,75,-1.2517197521,8.0,0.96 to 1.38,-0.5019619652,8.0,0.47 to 0.72
123,05005,Arkansas,Baxter,75,-0.1735997332,5.0,-0.05 to 0.27,0.001348769,5.0,-0.17 to 0.03
124,05007,Arkansas,Benton,75,0.627248812,3.0,-0.71 to -0.38,0.445624463,3.0,-0.58 to -0.37
125,05009,Arkansas,Boone,75,-0.1945034286,5.0,-0.05 to 0.27,0.197139767,4.0,-0.37 to -0.17
126,05011,Arkansas,Bradley,75,-1.3636936671,8.0,0.96 to 1.38,-0.6813430076,8.0,0.47 to 0.72
127,05013,Arkansas,Calhoun,75,-1.3603648011,8.0,0.96 to 1.38,-0.3521763558,7.0,0.24 to 0.46
128,05015,Arkansas,Carroll,75,-0.2251172301,5.0,-0.05 to 0.27,-0.2645423247,7.0,0.24 to 0.46
129,05017,Arkansas,Chicot,75,-1.9157831151,9.0,1.39 to 1.93,-1.0183407123,9.0,0.73 to 1.09
130,05019,Arkansas,Clark,75,-0.6440657959,7.0,0.6 to 0.95,-0.141565948,6.0,0.03 to 0.24
131,05021,Arkansas,Clay,75,-0.4450722209,6.0,0.28 to 0.6,-0.4447898709,7.0,0.24 to 0.46
132,05023,Arkansas,Cleburne,75,-0.212180983,5.0,-0.05 to 0.27,-0.1522245531,6.0,0.03 to 0.24
133,05025,Arkansas,Cleveland,75,-1.0053923994,8.0,0.96 to 1.38,-0.1908721371,6.0,0.03 to 0.24
134,05027,Arkansas,Columbia,75,-0.9280996874,7.0,0.6 to 0.95,-0.5311780649,8.0,0.47 to 0.72
135,05029,Arkansas,Conway,75,-0.7367202852,7.0,0.6 to 0.95,-0.2587921961,7.0,0.24 to 0.46
136,05031,Arkansas,Craighead,75,-0.4901170827,6.0,0.28 to 0.6,0.043189084,5.0,-0.17 to 0.03
137,05033,Arkansas,Crawford,75,-0.4680156734,6.0,0.28 to 0.6,-0.1307104154,6.0,0.03 to 0.24
138,05035,Arkansas,Crittenden,75,-1.8645163902,9.0,1.39 to 1.93,-0.4496146718,7.0,0.24 to 0.46
139,05037,Arkansas,Cross,75,-0.9850173885,8.0,0.96 to 1.38,-0.5442078812,8.0,0.47 to 0.72
140,05039,Arkansas,Dallas,75,-1.2240600025,8.0,0.96 to 1.38,-0.3467477235,7.0,0.24 to 0.46
141,05041,Arkansas,Desha,75,-1.9555645615,10.0,1.95 to 3.17,-0.8878281895,9.0,0.73 to 1.09
142,05043,Arkansas,Drew,75,-0.8096547045,7.0,0.6 to 0.95,-0.4075547615,7.0,0.24 to 0.46
143,05045,Arkansas,Faulkner,75,-0.0551462159,5.0,-0.05 to 0.27,0.19992911,4.0,-0.37 to -0.17
144,05047,Arkansas,Franklin,75,-0.76820016,7.0,0.6 to 0.95,-0.1921899048,6.0,0.03 to 0.24
145,05049,Arkansas,Fulton,75,-0.799454483,7.0,0.6 to 0.95,-0.4635637678,7.0,0.24 to 0.46
146,05051,Arkansas,Garland,75,-0.7781716266,7.0,0.6 to 0.95,-0.115494311,6.0,0.03 to 0.24
147,05053,Arkansas,Grant,75,-0.4331650822,6.0,0.28 to 0.6,0.070448891,5.0,-0.17 to 0.03
148,05055,Arkansas,Greene,75,-0.4813109337,6.0,0.28 to 0.6,-0.0907550246,6.0,0.03 to 0.24
149,05057,Arkansas,Hempstead,75,-0.7425799404,7.0,0.6 to 0.95,-0.5778603217,8.0,0.47 to 0.72
150,05059,Arkansas,Hot Spring,75,-0.6869699425,7.0,0.6 to 0.95,-0.2996622428,7.0,0.24 to 0.46
151,05061,Arkansas,Howard,75,-0.7363574744,7.0,0.6 to 0.95,-0.3061657323,7.0,0.24 to 0.46
152,05063,Arkansas,Independence,75,-0.5699724079,6.0,0.28 to 0.6,-0.1675856316,6.0,0.03 to 0.24
153,05065,Arkansas,Izard,75,-0.5747911256,6.0,0.28 to 0.6,-0.5370001547,8.0,0.47 to 0.72
154,05067,Arkansas,Jackson,75,-1.1943206779,8.0,0.96 to 1.38,-0.6747247448,8.0,0.47 to 0.72
155,05069,Arkansas,Jefferson,75,-1.6410338136,9.0,1.39 to 1.93,-0.5196806021,8.0,0.47 to 0.72
156,05071,Arkansas,Johnson,75,-0.6754840965,7.0,0.6 to 0.95,-0.4129076471,7.0,0.24 to 0.46
157,05073,Arkansas,Lafayette,75,-1.0760188152,8.0,0.96 to 1.38,-0.9226781679,9.0,0.73 to 1.09
158,05075,Arkansas,Lawrence,75,-1.0952594071,8.0,0.96 to 1.38,-0.4320637216,7.0,0.24 to 0.46
159,05077,Arkansas,Lee,75,-2.1577886872,10.0,1.95 to 3.17,-1.286936748,10.0,1.09 to 1.98
160,05079,Arkansas,Lincoln,75,-0.5448560635,6.0,0.28 to 0.6,-0.645994957,8.0,0.47 to 0.72
161,05081,Arkansas,Little River,75,-0.7380725661,7.0,0.6 to 0.95,-0.3000922358,7.0,0.24 to 0.46
162,05083,Arkansas,Logan,75,-0.898282142,7.0,0.6 to 0.95,-0.1976186851,6.0,0.03 to 0.24
163,05085,Arkansas,Lonoke,75,0.003951224,5.0,-0.05 to 0.27,0.174525983,4.0,-0.37 to -0.17
164,05087,Arkansas,Madison,75,-0.3530165262,6.0,0.28 to 0.6,-0.0532743041,6.0,0.03 to 0.24
165,05089,Arkansas,Marion,75,-0.4238473359,6.0,0.28 to 0.6,-0.2855302318,7.0,0.24 to 0.46
166,05091,Arkansas,Miller,75,-1.0114677178,8.0,0.96 to 1.38,-0.5102516157,8.0,0.47 to 0.72
167,05093,Arkansas,Mississippi,75,-1.8896862764,9.0,1.39 to 1.93,-0.7369844258,9.0,0.73 to 1.09
168,05095,Arkansas,Monroe,75,-1.7256210288,9.0,1.39 to 1.93,-0.9460052754,9.0,0.73 to 1.09
169,05097,Arkansas,Montgomery,75,-0.8111093942,7.0,0.6 to 0.95,-0.6953978058,8.0,0.47 to 0.72
170,05099,Arkansas,Nevada,75,-1.1944922312,8.0,0.96 to 1.38,-0.657557475,8.0,0.47 to 0.72
171,05101,Arkansas,Newton,75,-0.3191501608,6.0,0.28 to 0.6,-0.1878128633,6.0,0.03 to 0.24
172,05103,Arkansas,Ouachita,75,-1.2779113315,8.0,0.96 to 1.38,-0.3078345728,7.0,0.24 to 0.46
173,05105,Arkansas,Perry,75,-0.3388883697,6.0,0.28 to 0.6,-0.0669412285,6.0,0.03 to 0.24
174,05107,Arkansas,Phillips,75,-2.4844176756,10.0,1.95 to 3.17,-1.2517248638,10.0,1.09 to 1.98
175,05109,Arkansas,Pike,75,-0.7837810122,7.0,0.6 to 0.95,-0.4002567857,7.0,0.24 to 0.46
176,05111,Arkansas,Poinsett,75,-1.6815489606,9.0,1.39 to 1.93,-0.5243723466,8.0,0.47 to 0.72
177,05113,Arkansas,Polk,75,-0.5398976098,6.0,0.28 to 0.6,-0.358632775,7.0,0.24 to 0.46
178,05115,Arkansas,Pope,75,-0.0917194568,5.0,-0.05 to 0.27,-0.0168390085,5.0,-0.17 to 0.03
179,05117,Arkansas,Prairie,75,-0.5782929964,6.0,0.28 to 0.6,-0.1275571385,6.0,0.03 to 0.24
180,05119,Arkansas,Pulaski,75,-0.7053652798,7.0,0.6 to 0.95,0.11506666,5.0,-0.17 to 0.03
181,05121,Arkansas,Randolph,75,-0.877576295,7.0,0.6 to 0.95,-0.3258298209,7.0,0.24 to 0.46
182,05123,Arkansas,St. Francis,75,-1.733039582,9.0,1.39 to 1.93,-0.8698040752,9.0,0.73 to 1.09
183,05125,Arkansas,Saline,75,0.166768343,4.0,-0.38 to -0.06,0.297423905,4.0,-0.37 to -0.17
184,05127,Arkansas,Scott,75,-1.4454160939,9.0,1.39 to 1.93,-0.4232069266,7.0,0.24 to 0.46
185,05129,Arkansas,Searcy,75,-0.5314805085,6.0,0.28 to 0.6,-0.766176301,9.0,0.73 to 1.09
186,05131,Arkansas,Sebastian,75,-0.5616546,6.0,0.28 to 0.6,-0.0513178122,6.0,0.03 to 0.24
187,05133,Arkansas,Sevier,75,-0.5044291526,6.0,0.28 to 0.6,-0.8142930983,9.0,0.73 to 1.09
188,05135,Arkansas,Sharp,75,-0.7779670491,7.0,0.6 to 0.95,-0.4199377781,7.0,0.24 to 0.46
189,05137,Arkansas,Stone,75,-0.5311024303,6.0,0.28 to 0.6,-0.5278379575,8.0,0.47 to 0.72
190,05139,Arkansas,Union,75,-0.9817801422,8.0,0.96 to 1.38,-0.4201651159,7.0,0.24 to 0.46
191,05141,Arkansas,Van Buren,75,-0.7071496586,7.0,0.6 to 0.95,-0.4902282461,8.0,0.47 to 0.72
192,05143,Arkansas,Washington,75,0.195628924,4.0,-0.38 to -0.06,0.277717572,4.0,-0.37 to -0.17
193,05145,Arkansas,White,75,-0.4367103362,6.0,0.28 to 0.6,-0.2619923105,7.0,0.24 to 0.46
194,05147,Arkansas,Woodruff,75,-0.8148429907,7.0,0.6 to 0.95,-0.9136767309,9.0,0.73 to 1.09
195,05149,Arkansas,Yell,75,-0.5443071653,6.0,0.28 to 0.6,-0.4558026825,7.0,0.24 to 0.46
197,06001,California,Alameda,58,1.02248836,2.0,-1.07 to -0.71,0.363815565,4.0,-0.37 to -0.17
198,06003,California,Alpine,58,0.519560317,3.0,-0.71 to -0.38,-0.1529384434,6.0,0.03 to 0.24
199,06005,California,Amador,58,0.681715129,3.0,-0.71 to -0.38,-0.0681044476,6.0,0.03 to 0.24
200,06007,California,Butte,58,0.214080324,4.0,-0.38 to -0.06,-0.5073661019,8.0,0.47 to 0.72
201,06009,California,Calaveras,58,0.443356993,3.0,-0.71 to -0.38,-0.099611182,6.0,0.03 to 0.24
202,06011,California,Colusa,58,0.523225212,3.0,-0.71 to -0.38,-1.2318460451,10.0,1.09 to 1.98
203,06013,California,Contra Costa,58,0.997256829,2.0,-1.07 to -0.71,0.262140802,4.0,-0.37 to -0.17
204,06015,California,Del Norte,58,-0.2503816985,5.0,-0.05 to 0.27,-0.3312568325,7.0,0.24 to 0.46
205,06017,California,El Dorado,58,1.021477117,2.0,-1.07 to -0.71,0.184187487,4.0,-0.37 to -0.17
206,06019,California,Fresno,58,0.02664477,5.0,-0.05 to 0.27,-1.057767875,9.0,0.73 to 1.09
207,06021,California,Glenn,58,0.064056192,4.0,-0.38 to -0.06,-0.7309610395,9.0,0.73 to 1.09
208,06023,California,Humboldt,58,0.139198585,4.0,-0.38 to -0.06,-0.038704749,6.0,0.03 to 0.24
209,06025,California,Imperial,58,0.013628542,5.0,-0.05 to 0.27,-1.6620668727,10.0,1.09 to 1.98
210,06027,California,Inyo,58,0.034217765,5.0,-0.05 to 0.27,0.007139754,5.0,-0.17 to 0.03
211,06029,California,Kern,58,-0.1707129786,5.0,-0.05 to 0.27,-1.3122467996,10.0,1.09 to 1.98
212,06031,California,Kings,58,0.160341788,4.0,-0.38 to -0.06,-1.1388455417,10.0,1.09 to 1.98
213,06033,California,Lake,58,-0.2731862211,5.0,-0.05 to 0.27,-0.6113910628,8.0,0.47 to 0.72
214,06035,California,Lassen,58,-0.293064364,6.0,0.28 to 0.6,-0.5858440799,8.0,0.47 to 0.72
215,06037,California,Los Angeles,58,0.580233098,3.0,-0.71 to -0.38,-0.5387409901,8.0,0.47 to 0.72
216,06039,California,Madera,58,0.056871277,4.0,-0.38 to -0.06,-1.105092571,10.0,1.09 to 1.98
217,06041,California,Marin,58,1.498295108,1.0,-1.81 to -1.08,0.752685206,2.0,-0.81 to -0.58
218,06043,California,Mariposa,58,0.108180214,4.0,-0.38 to -0.06,-0.2997041398,7.0,0.24 to 0.46
219,06045,California,Mendocino,58,0.059200806,4.0,-0.38 to -0.06,-0.5008719672,8.0,0.47 to 0.72
220,06047,California,Merced,58,0.010879791,5.0,-0.05 to 0.27,-1.213873268,10.0,1.09 to 1.98
221,06049,California,Modoc,58,-0.5853692633,6.0,0.28 to 0.6,-0.5374616002,8.0,0.47 to 0.72
222,06051,California,Mono,58,0.826364896,2.0,-1.07 to -0.71,0.147564372,5.0,-0.17 to 0.03
223,06053,California,Monterey,58,0.593334823,3.0,-0.71 to -0.38,-0.5494278057,8.0,0.47 to 0.72
224,06055,California,Napa,58,1.021969935,2.0,-1.07 to -0.71,0.209316275,4.0,-0.37 to -0.17
225,06057,California,Nevada,58,0.751418441,2.0,-1.07 to -0.71,0.109138498,5.0,-0.17 to 0.03
226,06059,California,Orange,58,1.11469989,1.0,-1.81 to -1.08,0.242464862,4.0,-0.37 to -0.17
227,06061,California,Placer,58,1.162743472,1.0,-1.81 to -1.08,0.545897476,3.0,-0.58 to -0.37
228,06063,California,Plumas,58,0.218685136,4.0,-0.38 to -0.06,-0.245404779,7.0,0.24 to 0.46
229,06065,California,Riverside,58,0.539783871,3.0,-0.71 to -0.38,-0.3876901478,7.0,0.24 to 0.46
230,06067,California,Sacramento,58,0.49730839,3.0,-0.71 to -0.38,-0.1082426586,6.0,0.03 to 0.24
231,06069,California,San Benito,58,0.727597179,2.0,-1.07 to -0.71,-0.0473978496,6.0,0.03 to 0.24
232,06071,California,San Bernardino,58,0.141703383,4.0,-0.38 to -0.06,-0.6139224875,8.0,0.47 to 0.72
233,06073,California,San Diego,58,0.952553016,2.0,-1.07 to -0.71,-0.2045691514,6.0,0.03 to 0.24
234,06075,California,San Francisco,58,1.142264749,1.0,-1.81 to -1.08,0.574328072,3.0,-0.58 to -0.37
235,06077,California,San Joaquin,58,0.294649211,4.0,-0.38 to -0.06,-0.5950393173,8.0,0.47 to 0.72
236,06079,California,San Luis Obispo,58,0.907350097,2.0,-1.07 to -0.71,0.300284802,4.0,-0.37 to -0.17
237,06081,California,San Mateo,58,1.452428812,1.0,-1.81 to -1.08,0.592226495,2.0,-0.81 to -0.58
238,06083,California,Santa Barbara,58,0.771035459,2.0,-1.07 to -0.71,0.035038631,5.0,-0.17 to 0.03
239,06085,California,Santa Clara,58,1.394810569,1.0,-1.81 to -1.08,0.412116216,3.0,-0.58 to -0.37
240,06087,California,Santa Cruz,58,0.973690363,2.0,-1.07 to -0.71,0.007365553,5.0,-0.17 to 0.03
241,06089,California,Shasta,58,0.123468077,4.0,-0.38 to -0.06,-0.1178162305,6.0,0.03 to 0.24
242,06091,California,Sierra,58,0.127323917,4.0,-0.38 to -0.06,-0.8549151888,9.0,0.73 to 1.09
243,06093,California,Siskiyou,58,-0.5892734281,6.0,0.28 to 0.6,-0.4900601323,8.0,0.47 to 0.72
244,06095,California,Solano,58,0.62976945,3.0,-0.71 to -0.38,0.022537566,5.0,-0.17 to 0.03
245,06097,California,Sonoma,58,0.93133125,2.0,-1.07 to -0.71,0.415061432,3.0,-0.58 to -0.37
246,06099,California,Stanislaus,58,0.222760161,4.0,-0.38 to -0.06,-0.5873449687,8.0,0.47 to 0.72
247,06101,California,Sutter,58,0.276199055,4.0,-0.38 to -0.06,-0.7376695114,9.0,0.73 to 1.09
248,06103,California,Tehama,58,-0.1413649076,5.0,-0.05 to 0.27,-0.5622516442,8.0,0.47 to 0.72
249,06105,California,Trinity,58,-0.3311794467,6.0,0.28 to 0.6,-0.5521098952,8.0,0.47 to 0.72
250,06107,California,Tulare,58,0.041222005,5.0,-0.05 to 0.27,-1.3289396602,10.0,1.09 to 1.98
251,06109,California,Tuolumne,58,0.374034805,4.0,-0.38 to -0.06,-0.1132492124,6.0,0.03 to 0.24
252,06111,California,Ventura,58,0.893836671,2.0,-1.07 to -0.71,0.185579358,4.0,-0.37 to -0.17
253,06113,California,Yolo,58,0.846756876,2.0,-1.07 to -0.71,-0.1895744016,6.0,0.03 to 0.24
254,06115,California,Yuba,58,-0.0656963792,5.0,-0.05 to 0.27,-0.6813118418,8.0,0.47 to 0.72
256,08001,Colorado,Adams,60,0.313630503,4.0,-0.38 to -0.06,0.044306625,5.0,-0.17 to 0.03
257,08003,Colorado,Alamosa,60,-0.5740151977,6.0,0.28 to 0.6,-0.0157299932,5.0,-0.17 to 0.03
258,08005,Colorado,Arapahoe,60,0.648623246,3.0,-0.71 to -0.38,0.679651699,2.0,-0.81 to -0.58
259,08007,Colorado,Archuleta,60,0.536700764,3.0,-0.71 to -0.38,0.440128241,3.0,-0.58 to -0.37
260,08009,Colorado,Baca,60,-1.1682545124,8.0,0.96 to 1.38,-0.3396323082,7.0,0.24 to 0.46
261,08011,Colorado,Bent,60,-0.2588029671,5.0,-0.05 to 0.27,-0.4741335271,8.0,0.47 to 0.72
262,08013,Colorado,Boulder,60,1.187089585,1.0,-1.81 to -1.08,0.600477789,2.0,-0.81 to -0.58
263,08014,Colorado,Broomfield,60,1.1834089,1.0,-1.81 to -1.08,1.027932595,1.0,-1.61 to -0.81
264,08015,Colorado,Chaffee,60,0.626189912,3.0,-0.71 to -0.38,0.582419992,2.0,-0.81 to -0.58
265,08017,Colorado,Cheyenne,60,0.193480264,4.0,-0.38 to -0.06,0.333574752,4.0,-0.37 to -0.17
266,08019,Colorado,Clear Creek,60,1.041969516,2.0,-1.07 to -0.71,0.528356026,3.0,-0.58 to -0.37
267,08021,Colorado,Conejos,60,-0.5165465793,6.0,0.28 to 0.6,-0.1935885601,6.0,0.03 to 0.24
268,08023,Colorado,Costilla,60,-2.0924498137,10.0,1.95 to 3.17,-0.7457686499,9.0,0.73 to 1.09
269,08025,Colorado,Crowley,60,-1.24889078,8.0,0.96 to 1.38,-0.7855094824,9.0,0.73 to 1.09
270,08027,Colorado,Custer,60,-0.0922612161,5.0,-0.05 to 0.27,0.376702039,3.0,-0.58 to -0.37
271,08029,Colorado,Delta,60,-0.0894877142,5.0,-0.05 to 0.27,-0.1002112106,6.0,0.03 to 0.24
272,08031,Colorado,Denver,60,0.352021048,4.0,-0.38 to -0.06,0.389805739,3.0,-0.58 to -0.37
273,08033,Colorado,Dolores,60,-0.252361333,5.0,-0.05 to 0.27,0.211202364,4.0,-0.37 to -0.17
274,08035,Colorado,Douglas,60,1.418058984,1.0,-1.81 to -1.08,1.126127545,1.0,-1.61 to -0.81
275,08037,Colorado,Eagle,60,1.182970894,1.0,-1.81 to -1.08,0.742527989,2.0,-0.81 to -0.58
276,08039,Colorado,Elbert,60,0.827815641,2.0,-1.07 to -0.71,0.581304692,2.0,-0.81 to -0.58
277,08041,Colorado,El Paso,60,0.167405644,4.0,-0.38 to -0.06,0.558275191,3.0,-0.58 to -0.37
278,08043,Colorado,Fremont,60,0.083358524,4.0,-0.38 to -0.06,-0.1413134388,6.0,0.03 to 0.24
279,08045,Colorado,Garfield,60,0.745776099,2.0,-1.07 to -0.71,0.452698704,3.0,-0.58 to -0.37
280,08047,Colorado,Gilpin,60,0.590170755,3.0,-0.71 to -0.38,0.460882306,3.0,-0.58 to -0.37
281,08049,Colorado,Grand,60,0.334234549,4.0,-0.38 to -0.06,0.590711866,2.0,-0.81 to -0.58
282,08051,Colorado,Gunnison,60,1.083989466,1.0,-1.81 to -1.08,0.803262484,2.0,-0.81 to -0.58
284,08055,Colorado,Huerfano,60,-0.5252012308,6.0,0.28 to 0.6,-0.3113834333,7.0,0.24 to 0.46
286,08059,Colorado,Jefferson,60,0.744596126,2.0,-1.07 to -0.71,0.653574049,2.0,-0.81 to -0.58
287,08061,Colorado,Kiowa,60,-0.1212877274,5.0,-0.05 to 0.27,0.08724616,5.0,-0.17 to 0.03
288,08063,Colorado,Kit Carson,60,0.178894753,4.0,-0.38 to -0.06,0.216912646,4.0,-0.37 to -0.17
289,08065,Colorado,Lake,60,0.126204578,4.0,-0.38 to -0.06,0.598853063,2.0,-0.81 to -0.58
290,08067,Colorado,La Plata,60,0.592268151,3.0,-0.71 to -0.38,0.626862662,2.0,-0.81 to -0.58
291,08069,Colorado,Larimer,60,0.842574266,2.0,-1.07 to -0.71,0.654002345,2.0,-0.81 to -0.58
292,08071,Colorado,Las Animas,60,-0.691269195,7.0,0.6 to 0.95,-0.2368922851,6.0,0.03 to 0.24
293,08073,Colorado,Lincoln,60,0.248397791,4.0,-0.38 to -0.06,-0.1223868683,6.0,0.03 to 0.24
294,08075,Colorado,Logan,60,-0.1868925022,5.0,-0.05 to 0.27,0.321742986,4.0,-0.37 to -0.17
295,08077,Colorado,Mesa,60,0.260378848,4.0,-0.38 to -0.06,0.421928743,3.0,-0.58 to -0.37
297,08081,Colorado,Moffat,60,-0.107687971,5.0,-0.05 to 0.27,-0.0006566432,5.0,-0.17 to 0.03
298,08083,Colorado,Montezuma,60,-0.4086021775,6.0,0.28 to 0.6,0.150790287,5.0,-0.17 to 0.03
299,08085,Colorado,Montrose,60,0.21453505,4.0,-0.38 to -0.06,0.182187926,4.0,-0.37 to -0.17
300,08087,Colorado,Morgan,60,0.155971202,4.0,-0.38 to -0.06,0.042925618,5.0,-0.17 to 0.03
301,08089,Colorado,Otero,60,-0.8581786194,7.0,0.6 to 0.95,-0.0015987635,5.0,-0.17 to 0.03
302,08091,Colorado,Ouray,60,0.743896316,2.0,-1.07 to -0.71,0.74934185,2.0,-0.81 to -0.58
303,08093,Colorado,Park,60,0.457994228,3.0,-0.71 to -0.38,0.706576704,2.0,-0.81 to -0.58
304,08095,Colorado,Phillips,60,0.387730147,3.0,-0.71 to -0.38,0.154837012,5.0,-0.17 to 0.03
305,08097,Colorado,Pitkin,60,1.162262881,1.0,-1.81 to -1.08,0.970991638,1.0,-1.61 to -0.81
306,08099,Colorado,Prowers,60,-0.4126027537,6.0,0.28 to 0.6,-0.2140935441,6.0,0.03 to 0.24
307,08101,Colorado,Pueblo,60,-0.6925156694,7.0,0.6 to 0.95,-0.0507830616,6.0,0.03 to 0.24
308,08103,Colorado,Rio Blanco,60,0.645315101,3.0,-0.71 to -0.38,0.350500473,4.0,-0.37 to -0.17
309,08105,Colorado,Rio Grande,60,-0.8308660812,7.0,0.6 to 0.95,-0.0217097567,5.0,-0.17 to 0.03
310,08107,Colorado,Routt,60,0.931319176,2.0,-1.07 to -0.71,0.839660687,1.0,-1.61 to -0.81
311,08109,Colorado,Saguache,60,-0.5577643125,6.0,0.28 to 0.6,-0.3508981937,7.0,0.24 to 0.46
313,08113,Colorado,San Miguel,60,0.429194158,3.0,-0.71 to -0.38,0.634540726,2.0,-0.81 to -0.58
314,08115,Colorado,Sedgwick,60,0.165910566,4.0,-0.38 to -0.06,0.049515744,5.0,-0.17 to 0.03
315,08117,Colorado,Summit,60,0.720581779,2.0,-1.07 to -0.71,1.004986883,1.0,-1.61 to -0.81
316,08119,Colorado,Teller,60,0.035566907,5.0,-0.05 to 0.27,0.64724454,2.0,-0.81 to -0.58
317,08121,Colorado,Washington,60,0.175440291,4.0,-0.38 to -0.06,0.03645755,5.0,-0.17 to 0.03
318,08123,Colorado,Weld,60,0.670864398,3.0,-0.71 to -0.38,0.209130044,4.0,-0.37 to -0.17
319,08125,Colorado,Yuma,60,0.83503329,2.0,-1.07 to -0.71,0.248970339,4.0,-0.37 to -0.17
329,09110,Connecticut,Capitol,9,0.758584302,2.0,-1.07 to -0.71,0.286578326,4.0,-0.37 to -0.17
330,09120,Connecticut,Greater Bridgeport,9,0.793513853,2.0,-1.07 to -0.71,0.050140855,5.0,-0.17 to 0.03
331,09130,Connecticut,Lower Connecticut River Valley,9,0.890132116,2.0,-1.07 to -0.71,0.515022368,3.0,-0.58 to -0.37
332,09140,Connecticut,Naugatuck Valley,9,0.70740327,3.0,-0.71 to -0.38,0.214771437,4.0,-0.37 to -0.17
333,09150,Connecticut,Northeastern Connecticut,9,0.661606461,3.0,-0.71 to -0.38,0.303134818,4.0,-0.37 to -0.17
334,09160,Connecticut,Northwest Hills,9,0.777773879,2.0,-1.07 to -0.71,0.362774748,4.0,-0.37 to -0.17
335,09170,Connecticut,South Central Connecticut,9,0.705451388,3.0,-0.71 to -0.38,0.171899202,5.0,-0.17 to 0.03
336,09180,Connecticut,Southeastern Connecticut,9,0.697875898,3.0,-0.71 to -0.38,0.248733703,4.0,-0.37 to -0.17
337,09190,Connecticut,Western Connecticut,9,1.011467172,2.0,-1.07 to -0.71,0.378335773,3.0,-0.58 to -0.37
339,10001,Delaware,Kent,3,0.126794894,4.0,-0.38 to -0.06,0.171200474,5.0,-0.17 to 0.03
340,10003,Delaware,New Castle,3,0.489844103,3.0,-0.71 to -0.38,0.423385009,3.0,-0.58 to -0.37
341,10005,Delaware,Sussex,3,0.488460053,3.0,-0.71 to -0.38,0.167273201,5.0,-0.17 to 0.03
343,11001,District of Columbia,District of Columbia,1,0.483046283,3.0,-0.71 to -0.38,0.209593796,4.0,-0.37 to -0.17
345,12001,Florida,Alachua,67,0.195095196,4.0,-0.38 to -0.06,0.315235831,4.0,-0.37 to -0.17
346,12003,Florida,Baker,67,-0.2085474056,5.0,-0.05 to 0.27,-0.0643465069,6.0,0.03 to 0.24
347,12005,Florida,Bay,67,-0.1014150644,5.0,-0.05 to 0.27,0.127567497,5.0,-0.17 to 0.03
348,12007,Florida,Bradford,67,-0.6428861226,7.0,0.6 to 0.95,-0.4778109744,8.0,0.47 to 0.72
349,12009,Florida,Brevard,67,0.154744047,4.0,-0.38 to -0.06,0.2402364,4.0,-0.37 to -0.17
350,12011,Florida,Broward,67,0.445685619,3.0,-0.71 to -0.38,0.108085704,5.0,-0.17 to 0.03
351,12013,Florida,Calhoun,67,-0.3501989159,6.0,0.28 to 0.6,-0.7182556349,8.0,0.47 to 0.72
352,12015,Florida,Charlotte,67,0.132096617,4.0,-0.38 to -0.06,0.160927957,5.0,-0.17 to 0.03
353,12017,Florida,Citrus,67,-0.4279747836,6.0,0.28 to 0.6,-0.2048728299,6.0,0.03 to 0.24
354,12019,Florida,Clay,67,0.201575598,4.0,-0.38 to -0.06,0.459422968,3.0,-0.58 to -0.37
355,12021,Florida,Collier,67,0.873148502,2.0,-1.07 to -0.71,0.196466619,4.0,-0.37 to -0.17
356,12023,Florida,Columbia,67,-0.6867701449,7.0,0.6 to 0.95,-0.269567363,7.0,0.24 to 0.46
357,12027,Florida,DeSoto,67,-0.4795556656,6.0,0.28 to 0.6,-0.6717393856,8.0,0.47 to 0.72
358,12029,Florida,Dixie,67,-0.8640352039,7.0,0.6 to 0.95,-0.7609652534,9.0,0.73 to 1.09
359,12031,Florida,Duval,67,-0.258733689,5.0,-0.05 to 0.27,0.151723132,5.0,-0.17 to 0.03
360,12033,Florida,Escambia,67,-0.5793833314,6.0,0.28 to 0.6,0.052516501,5.0,-0.17 to 0.03
361,12035,Florida,Flagler,67,0.346830543,4.0,-0.38 to -0.06,0.143314153,5.0,-0.17 to 0.03
362,12037,Florida,Franklin,67,-0.1753229771,5.0,-0.05 to 0.27,-0.3596363651,7.0,0.24 to 0.46
363,12039,Florida,Gadsden,67,-1.06187734,8.0,0.96 to 1.38,-0.6280339941,8.0,0.47 to 0.72
364,12041,Florida,Gilchrist,67,-0.1490905912,5.0,-0.05 to 0.27,-0.2540572202,7.0,0.24 to 0.46
365,12043,Florida,Glades,67,-0.3921863006,6.0,0.28 to 0.6,-0.9545713955,9.0,0.73 to 1.09
366,12045,Florida,Gulf,67,-0.0483686799,5.0,-0.05 to 0.27,-0.0727725312,6.0,0.03 to 0.24
367,12047,Florida,Hamilton,67,-1.2880678847,8.0,0.96 to 1.38,-0.8478058833,9.0,0.73 to 1.09
368,12049,Florida,Hardee,67,-0.5087212834,6.0,0.28 to 0.6,-0.7905202588,9.0,0.73 to 1.09
369,12051,Florida,Hendry,67,-0.4334217621,6.0,0.28 to 0.6,-0.8756223708,9.0,0.73 to 1.09
370,12053,Florida,Hernando,67,-0.1997893203,5.0,-0.05 to 0.27,0.05892403,5.0,-0.17 to 0.03
371,12055,Florida,Highlands,67,-0.6623030426,7.0,0.6 to 0.95,-0.4258988546,7.0,0.24 to 0.46
372,12057,Florida,Hillsborough,67,0.363793777,4.0,-0.38 to -0.06,0.207564061,4.0,-0.37 to -0.17
373,12059,Florida,Holmes,67,-0.7458327162,7.0,0.6 to 0.95,-0.6225733569,8.0,0.47 to 0.72
374,12061,Florida,Indian River,67,0.349092488,4.0,-0.38 to -0.06,0.231151971,4.0,-0.37 to -0.17
375,12063,Florida,Jackson,67,-0.8239943793,7.0,0.6 to 0.95,-0.6492951989,8.0,0.47 to 0.72
376,12065,Florida,Jefferson,67,-0.225673881,5.0,-0.05 to 0.27,-0.618309017,8.0,0.47 to 0.72
377,12067,Florida,Lafayette,67,-0.4775857982,6.0,0.28 to 0.6,-0.565667775,8.0,0.47 to 0.72
378,12069,Florida,Lake,67,0.290089388,4.0,-0.38 to -0.06,0.14876572,5.0,-0.17 to 0.03
379,12071,Florida,Lee,67,0.46271166,3.0,-0.71 to -0.38,0.091624559,5.0,-0.17 to 0.03
380,12073,Florida,Leon,67,0.095574521,4.0,-0.38 to -0.06,0.317051872,4.0,-0.37 to -0.17
381,12075,Florida,Levy,67,-0.2986615682,6.0,0.28 to 0.6,-0.4447649937,7.0,0.24 to 0.46
382,12077,Florida,Liberty,67,-0.3482714723,6.0,0.28 to 0.6,-0.7702597376,9.0,0.73 to 1.09
383,12079,Florida,Madison,67,-0.9839862391,8.0,0.96 to 1.38,-0.5344728305,8.0,0.47 to 0.72
384,12081,Florida,Manatee,67,0.35309048,4.0,-0.38 to -0.06,0.272484495,4.0,-0.37 to -0.17
385,12083,Florida,Marion,67,-0.3958279118,6.0,0.28 to 0.6,-0.2026205934,6.0,0.03 to 0.24
386,12085,Florida,Martin,67,0.75250589,2.0,-1.07 to -0.71,0.290518781,4.0,-0.37 to -0.17
387,12086,Florida,Miami-Dade,67,0.669803791,3.0,-0.71 to -0.38,-0.1660902277,6.0,0.03 to 0.24
388,12087,Florida,Monroe,67,0.766734189,2.0,-1.07 to -0.71,0.279934428,4.0,-0.37 to -0.17
389,12089,Florida,Nassau,67,0.358788573,4.0,-0.38 to -0.06,0.424863158,3.0,-0.58 to -0.37
390,12091,Florida,Okaloosa,67,0.3029784,4.0,-0.38 to -0.06,0.38764074,3.0,-0.58 to -0.37
391,12093,Florida,Okeechobee,67,-0.4674611723,6.0,0.28 to 0.6,-0.5440920018,8.0,0.47 to 0.72
392,12095,Florida,Orange,67,0.476561436,3.0,-0.71 to -0.38,0.31283507,4.0,-0.37 to -0.17
393,12097,Florida,Osceola,67,0.49808313,3.0,-0.71 to -0.38,-0.0742077476,6.0,0.03 to 0.24
394,12099,Florida,Palm Beach,67,0.566742894,3.0,-0.71 to -0.38,0.140230274,5.0,-0.17 to 0.03
395,12101,Florida,Pasco,67,0.157968899,4.0,-0.38 to -0.06,0.089336052,5.0,-0.17 to 0.03
396,12103,Florida,Pinellas,67,0.253319058,4.0,-0.38 to -0.06,0.302649662,4.0,-0.37 to -0.17
397,12105,Florida,Polk,67,-0.1076280409,5.0,-0.05 to 0.27,-0.1624004417,6.0,0.03 to 0.24
398,12107,Florida,Putnam,67,-1.3197974374,8.0,0.96 to 1.38,-0.7366697093,9.0,0.73 to 1.09
399,12109,Florida,St. Johns,67,1.173877061,1.0,-1.81 to -1.08,0.764909527,2.0,-0.81 to -0.58
400,12111,Florida,St. Lucie,67,0.19393548,4.0,-0.38 to -0.06,0.013313087,5.0,-0.17 to 0.03
401,12113,Florida,Santa Rosa,67,0.489997737,3.0,-0.71 to -0.38,0.346698197,4.0,-0.37 to -0.17
402,12115,Florida,Sarasota,67,0.70613473,3.0,-0.71 to -0.38,0.462906024,3.0,-0.58 to -0.37
403,12117,Florida,Seminole,67,0.785619868,2.0,-1.07 to -0.71,0.471414647,3.0,-0.58 to -0.37
404,12119,Florida,Sumter,67,0.251094976,4.0,-0.38 to -0.06,-0.0606630754,6.0,0.03 to 0.24
405,12121,Florida,Suwannee,67,-0.3785190295,6.0,0.28 to 0.6,-0.3625995517,7.0,0.24 to 0.46
406,12123,Florida,Taylor,67,-0.6872214044,7.0,0.6 to 0.95,-0.3933008469,7.0,0.24 to 0.46
407,12125,Florida,Union,67,-1.1707874508,8.0,0.96 to 1.38,-0.4883505953,8.0,0.47 to 0.72
408,12127,Florida,Volusia,67,-0.0958207687,5.0,-0.05 to 0.27,0.049897584,5.0,-0.17 to 0.03
409,12129,Florida,Wakulla,67,0.357243916,4.0,-0.38 to -0.06,0.160224526,5.0,-0.17 to 0.03
410,12131,Florida,Walton,67,0.403203559,3.0,-0.71 to -0.38,0.165944735,5.0,-0.17 to 0.03
411,12133,Florida,Washington,67,-0.3614500599,6.0,0.28 to 0.6,-0.5230582118,8.0,0.47 to 0.72
413,13001,Georgia,Appling,159,-1.0264836079,8.0,0.96 to 1.38,-0.6999404885,8.0,0.47 to 0.72
414,13003,Georgia,Atkinson,159,-1.119332214,8.0,0.96 to 1.38,-0.8588083876,9.0,0.73 to 1.09
415,13005,Georgia,Bacon,159,-1.1060730665,8.0,0.96 to 1.38,-0.5233939131,8.0,0.47 to 0.72
416,13007,Georgia,Baker,159,-1.4273941218,9.0,1.39 to 1.93,-0.8343067539,9.0,0.73 to 1.09
417,13009,Georgia,Baldwin,159,-0.6054389403,7.0,0.6 to 0.95,-0.5186893052,8.0,0.47 to 0.72
418,13011,Georgia,Banks,159,-0.1754049947,5.0,-0.05 to 0.27,-0.2738257233,7.0,0.24 to 0.46
419,13013,Georgia,Barrow,159,0.234317546,4.0,-0.38 to -0.06,-0.0003780351,5.0,-0.17 to 0.03
420,13015,Georgia,Bartow,159,0.157003767,4.0,-0.38 to -0.06,0.040032305,5.0,-0.17 to 0.03
421,13017,Georgia,Ben Hill,159,-1.5155652407,9.0,1.39 to 1.93,-0.8706712548,9.0,0.73 to 1.09
422,13019,Georgia,Berrien,159,-0.9097559348,7.0,0.6 to 0.95,-0.7089019943,8.0,0.47 to 0.72
423,13021,Georgia,Bibb,159,-1.2578934559,8.0,0.96 to 1.38,-0.4355715371,7.0,0.24 to 0.46
424,13023,Georgia,Bleckley,159,-0.6667029061,7.0,0.6 to 0.95,-0.4291147554,7.0,0.24 to 0.46
425,13025,Georgia,Brantley,159,-1.0359896713,8.0,0.96 to 1.38,-0.649243689,8.0,0.47 to 0.72
426,13027,Georgia,Brooks,159,-0.7718657864,7.0,0.6 to 0.95,-0.7127010848,8.0,0.47 to 0.72
427,13029,Georgia,Bryan,159,0.455698265,3.0,-0.71 to -0.38,0.506841124,3.0,-0.58 to -0.37
428,13031,Georgia,Bulloch,159,0.019587899,5.0,-0.05 to 0.27,-0.1636765038,6.0,0.03 to 0.24
429,13033,Georgia,Burke,159,-0.709804064,7.0,0.6 to 0.95,-0.6959400758,8.0,0.47 to 0.72
430,13035,Georgia,Butts,159,-0.5748734433,6.0,0.28 to 0.6,-0.2255509225,6.0,0.03 to 0.24
431,13037,Georgia,Calhoun,159,-0.8973832012,7.0,0.6 to 0.95,-0.7853702466,9.0,0.73 to 1.09
432,13039,Georgia,Camden,159,0.209695168,4.0,-0.38 to -0.06,0.072211085,5.0,-0.17 to 0.03
433,13043,Georgia,Candler,159,-1.5719948324,9.0,1.39 to 1.93,-0.6192215178,8.0,0.47 to 0.72
434,13045,Georgia,Carroll,159,-0.1203269187,5.0,-0.05 to 0.27,-0.1323766797,6.0,0.03 to 0.24
435,13047,Georgia,Catoosa,159,0.231502796,4.0,-0.38 to -0.06,0.244754451,4.0,-0.37 to -0.17
436,13049,Georgia,Charlton,159,-0.2503365168,5.0,-0.05 to 0.27,-0.4472466513,7.0,0.24 to 0.46
437,13051,Georgia,Chatham,159,0.06546184,4.0,-0.38 to -0.06,0.277248096,4.0,-0.37 to -0.17
438,13053,Georgia,Chattahoochee,159,0.125736434,4.0,-0.38 to -0.06,0.322144062,4.0,-0.37 to -0.17
439,13055,Georgia,Chattooga,159,-0.9282321,7.0,0.6 to 0.95,-0.6745692393,8.0,0.47 to 0.72
440,13057,Georgia,Cherokee,159,1.031176249,2.0,-1.07 to -0.71,0.598457787,2.0,-0.81 to -0.58
441,13059,Georgia,Clarke,159,0.017219097,5.0,-0.05 to 0.27,0.006531885,5.0,-0.17 to 0.03
442,13061,Georgia,Clay,159,-1.3265875551,8.0,0.96 to 1.38,-0.5317035223,8.0,0.47 to 0.72
443,13063,Georgia,Clayton,159,-0.7870630448,7.0,0.6 to 0.95,-0.2903744099,7.0,0.24 to 0.46
444,13065,Georgia,Clinch,159,-1.4654909621,9.0,1.39 to 1.93,-0.8433841977,9.0,0.73 to 1.09
445,13067,Georgia,Cobb,159,0.880256261,2.0,-1.07 to -0.71,0.621120916,2.0,-0.81 to -0.58
446,13069,Georgia,Coffee,159,-0.7848012685,7.0,0.6 to 0.95,-0.5929394069,8.0,0.47 to 0.72
447,13071,Georgia,Colquitt,159,-0.9103304915,7.0,0.6 to 0.95,-0.8658632898,9.0,0.73 to 1.09
448,13073,Georgia,Columbia,159,0.755232339,2.0,-1.07 to -0.71,0.65405931,2.0,-0.81 to -0.58
449,13075,Georgia,Cook,159,-1.0577811804,8.0,0.96 to 1.38,-0.4809495879,8.0,0.47 to 0.72
450,13077,Georgia,Coweta,159,0.387439151,3.0,-0.71 to -0.38,0.445808263,3.0,-0.58 to -0.37
451,13079,Georgia,Crawford,159,-0.8025438078,7.0,0.6 to 0.95,-0.3800681877,7.0,0.24 to 0.46
452,13081,Georgia,Crisp,159,-1.6490802883,9.0,1.39 to 1.93,-0.7513888957,9.0,0.73 to 1.09
453,13083,Georgia,Dade,159,-0.076608394,5.0,-0.05 to 0.27,0.150518299,5.0,-0.17 to 0.03
454,13085,Georgia,Dawson,159,0.716488835,2.0,-1.07 to -0.71,0.521837666,3.0,-0.58 to -0.37
455,13087,Georgia,Decatur,159,-1.297240352,8.0,0.96 to 1.38,-0.7480422256,9.0,0.73 to 1.09
456,13089,Georgia,DeKalb,159,0.261745448,4.0,-0.38 to -0.06,0.241341915,4.0,-0.37 to -0.17
457,13091,Georgia,Dodge,159,-0.7889605123,7.0,0.6 to 0.95,-0.5674195555,8.0,0.47 to 0.72
458,13093,Georgia,Dooly,159,-1.137639768,8.0,0.96 to 1.38,-0.8425809099,9.0,0.73 to 1.09
459,13095,Georgia,Dougherty,159,-1.4605122267,9.0,1.39 to 1.93,-0.6657710693,8.0,0.47 to 0.72
460,13097,Georgia,Douglas,159,0.071793995,4.0,-0.38 to -0.06,0.130066639,5.0,-0.17 to 0.03
461,13099,Georgia,Early,159,-1.6344226661,9.0,1.39 to 1.93,-0.7973286461,9.0,0.73 to 1.09
462,13101,Georgia,Echols,159,0.442120971,3.0,-0.71 to -0.38,-0.7157824488,8.0,0.47 to 0.72
463,13103,Georgia,Effingham,159,0.256411783,4.0,-0.38 to -0.06,0.358125082,4.0,-0.37 to -0.17
464,13105,Georgia,Elbert,159,-0.872531043,7.0,0.6 to 0.95,-0.5096598666,8.0,0.47 to 0.72
465,13107,Georgia,Emanuel,159,-1.0095883034,8.0,0.96 to 1.38,-0.876862749,9.0,0.73 to 1.09
466,13109,Georgia,Evans,159,-1.2604500695,8.0,0.96 to 1.38,-0.4735727977,8.0,0.47 to 0.72
467,13111,Georgia,Fannin,159,-0.2469947449,5.0,-0.05 to 0.27,0.163521275,5.0,-0.17 to 0.03
468,13113,Georgia,Fayette,159,0.76094553,2.0,-1.07 to -0.71,0.779946909,2.0,-0.81 to -0.58
469,13115,Georgia,Floyd,159,-0.3551622167,6.0,0.28 to 0.6,-0.2024232148,6.0,0.03 to 0.24
470,13117,Georgia,Forsyth,159,1.480238228,1.0,-1.81 to -1.08,0.91819302,1.0,-1.61 to -0.81
471,13119,Georgia,Franklin,159,-0.3740498413,6.0,0.28 to 0.6,-0.4711736785,8.0,0.47 to 0.72
472,13121,Georgia,Fulton,159,0.440790235,3.0,-0.71 to -0.38,0.343602893,4.0,-0.37 to -0.17
473,13123,Georgia,Gilmer,159,0.178579309,4.0,-0.38 to -0.06,0.00199291,5.0,-0.17 to 0.03
474,13125,Georgia,Glascock,159,-0.1700891325,5.0,-0.05 to 0.27,-0.5088248978,8.0,0.47 to 0.72
475,13127,Georgia,Glynn,159,-0.4187747485,6.0,0.28 to 0.6,0.013516528,5.0,-0.17 to 0.03
476,13129,Georgia,Gordon,159,-0.2592019393,5.0,-0.05 to 0.27,-0.2698884361,7.0,0.24 to 0.46
477,13131,Georgia,Grady,159,-0.4277162017,6.0,0.28 to 0.6,-0.4054672344,7.0,0.24 to 0.46
478,13133,Georgia,Greene,159,-0.3461764726,6.0,0.28 to 0.6,-0.0523676729,6.0,0.03 to 0.24
479,13135,Georgia,Gwinnett,159,0.753112357,2.0,-1.07 to -0.71,0.296761243,4.0,-0.37 to -0.17
480,13137,Georgia,Habersham,159,0.046649811,5.0,-0.05 to 0.27,-0.0351600882,6.0,0.03 to 0.24
481,13139,Georgia,Hall,159,0.459571615,3.0,-0.71 to -0.38,-0.0158218687,5.0,-0.17 to 0.03
482,13141,Georgia,Hancock,159,-1.6199420255,9.0,1.39 to 1.93,-1.4068734989,10.0,1.09 to 1.98
483,13143,Georgia,Haralson,159,-0.3710848985,6.0,0.28 to 0.6,-0.4152203418,7.0,0.24 to 0.46
484,13145,Georgia,Harris,159,0.711461539,2.0,-1.07 to -0.71,0.431274009,3.0,-0.58 to -0.37
485,13147,Georgia,Hart,159,-0.2445558371,5.0,-0.05 to 0.27,-0.223053619,6.0,0.03 to 0.24
486,13149,Georgia,Heard,159,-0.7235683521,7.0,0.6 to 0.95,-0.626358585,8.0,0.47 to 0.72
487,13151,Georgia,Henry,159,0.075566241,4.0,-0.38 to -0.06,0.319008798,4.0,-0.37 to -0.17
488,13153,Georgia,Houston,159,0.134817518,4.0,-0.38 to -0.06,0.21089191,4.0,-0.37 to -0.17
489,13155,Georgia,Irwin,159,-0.7119838447,7.0,0.6 to 0.95,-0.473215958,8.0,0.47 to 0.72
490,13157,Georgia,Jackson,159,0.304358152,4.0,-0.38 to -0.06,0.215880243,4.0,-0.37 to -0.17
491,13159,Georgia,Jasper,159,-0.2163251407,5.0,-0.05 to 0.27,-0.0923949612,6.0,0.03 to 0.24
492,13161,Georgia,Jeff Davis,159,-0.9169429467,7.0,0.6 to 0.95,-0.706935808,8.0,0.47 to 0.72
493,13163,Georgia,Jefferson,159,-1.4195918525,9.0,1.39 to 1.93,-0.707958793,8.0,0.47 to 0.72
494,13165,Georgia,Jenkins,159,-1.2328946239,8.0,0.96 to 1.38,-0.8299339408,9.0,0.73 to 1.09
495,13167,Georgia,Johnson,159,-0.8525482554,7.0,0.6 to 0.95,-0.6443069594,8.0,0.47 to 0.72
496,13169,Georgia,Jones,159,0.144288251,4.0,-0.38 to -0.06,0.110093621,5.0,-0.17 to 0.03
497,13171,Georgia,Lamar,159,-0.6465462441,7.0,0.6 to 0.95,-0.0534669269,6.0,0.03 to 0.24
498,13173,Georgia,Lanier,159,-0.5742453827,6.0,0.28 to 0.6,-0.2888475413,7.0,0.24 to 0.46
499,13175,Georgia,Laurens,159,-1.0082121675,8.0,0.96 to 1.38,-0.5355882306,8.0,0.47 to 0.72
500,13177,Georgia,Lee,159,0.250934585,4.0,-0.38 to -0.06,0.333847313,4.0,-0.37 to -0.17
501,13179,Georgia,Liberty,159,-0.3606437987,6.0,0.28 to 0.6,0.154278248,5.0,-0.17 to 0.03
502,13181,Georgia,Lincoln,159,-0.2170499546,5.0,-0.05 to 0.27,-0.4327531587,7.0,0.24 to 0.46
503,13183,Georgia,Long,159,-0.1582159804,5.0,-0.05 to 0.27,-0.2141119398,6.0,0.03 to 0.24
504,13185,Georgia,Lowndes,159,-0.4580659018,6.0,0.28 to 0.6,-0.1794943357,6.0,0.03 to 0.24
505,13187,Georgia,Lumpkin,159,0.266367587,4.0,-0.38 to -0.06,0.077703325,5.0,-0.17 to 0.03
506,13189,Georgia,McDuffie,159,-0.9284669234,7.0,0.6 to 0.95,-0.5864797321,8.0,0.47 to 0.72
507,13191,Georgia,McIntosh,159,-1.1268518097,8.0,0.96 to 1.38,-0.6404498235,8.0,0.47 to 0.72
508,13193,Georgia,Macon,159,-1.1829208122,8.0,0.96 to 1.38,-1.2008926092,10.0,1.09 to 1.98
509,13195,Georgia,Madison,159,-0.2411446415,5.0,-0.05 to 0.27,-0.3604873486,7.0,0.24 to 0.46
510,13197,Georgia,Marion,159,-0.5211008048,6.0,0.28 to 0.6,-0.6608390465,8.0,0.47 to 0.72
511,13199,Georgia,Meriwether,159,-1.1902056321,8.0,0.96 to 1.38,-0.6907577532,8.0,0.47 to 0.72
512,13201,Georgia,Miller,159,-2.0400613356,10.0,1.95 to 3.17,-0.7529155327,9.0,0.73 to 1.09
513,13205,Georgia,Mitchell,159,-0.960784025,8.0,0.96 to 1.38,-0.6733858198,8.0,0.47 to 0.72
514,13207,Georgia,Monroe,159,-0.183749746,5.0,-0.05 to 0.27,0.280034971,4.0,-0.37 to -0.17
515,13209,Georgia,Montgomery,159,-0.7298996255,7.0,0.6 to 0.95,-0.3550417601,7.0,0.24 to 0.46
516,13211,Georgia,Morgan,159,0.512995261,3.0,-0.71 to -0.38,0.091085609,5.0,-0.17 to 0.03
517,13213,Georgia,Murray,159,-0.40791161,6.0,0.28 to 0.6,-0.2351111164,6.0,0.03 to 0.24
518,13215,Georgia,Muscogee,159,-0.8446880417,7.0,0.6 to 0.95,-0.0963526328,6.0,0.03 to 0.24
519,13217,Georgia,Newton,159,-0.2391592514,5.0,-0.05 to 0.27,-0.0729731101,6.0,0.03 to 0.24
520,13219,Georgia,Oconee,159,1.352941949,1.0,-1.81 to -1.08,0.999854002,1.0,-1.61 to -0.81
521,13221,Georgia,Oglethorpe,159,0.084929097,4.0,-0.38 to -0.06,-0.2709047349,7.0,0.24 to 0.46
522,13223,Georgia,Paulding,159,0.410557343,3.0,-0.71 to -0.38,0.333180655,4.0,-0.37 to -0.17
523,13225,Georgia,Peach,159,-0.6509312651,7.0,0.6 to 0.95,-0.34727037,7.0,0.24 to 0.46
524,13227,Georgia,Pickens,159,0.037456072,5.0,-0.05 to 0.27,0.232577033,4.0,-0.37 to -0.17
525,13229,Georgia,Pierce,159,-0.6688954057,7.0,0.6 to 0.95,-0.0949772803,6.0,0.03 to 0.24
526,13231,Georgia,Pike,159,-0.0135812148,5.0,-0.05 to 0.27,0.158481602,5.0,-0.17 to 0.03
527,13233,Georgia,Polk,159,-0.6168405055,7.0,0.6 to 0.95,-0.463036291,7.0,0.24 to 0.46
528,13235,Georgia,Pulaski,159,-0.3997956746,6.0,0.28 to 0.6,-0.702823424,8.0,0.47 to 0.72
529,13237,Georgia,Putnam,159,-0.3278886087,6.0,0.28 to 0.6,-0.1627883424,6.0,0.03 to 0.24
530,13239,Georgia,Quitman,159,-0.881059273,7.0,0.6 to 0.95,-0.8890637647,9.0,0.73 to 1.09
531,13241,Georgia,Rabun,159,-0.0188433179,5.0,-0.05 to 0.27,0.107042691,5.0,-0.17 to 0.03
532,13243,Georgia,Randolph,159,-1.7900056122,9.0,1.39 to 1.93,-0.6376639812,8.0,0.47 to 0.72
533,13245,Georgia,Richmond,159,-1.0870613158,8.0,0.96 to 1.38,-0.3768994377,7.0,0.24 to 0.46
534,13247,Georgia,Rockdale,159,-0.1544493953,5.0,-0.05 to 0.27,0.097612881,5.0,-0.17 to 0.03
535,13249,Georgia,Schley,159,-0.4613010144,6.0,0.28 to 0.6,-0.2726433835,7.0,0.24 to 0.46
536,13251,Georgia,Screven,159,-1.0914424344,8.0,0.96 to 1.38,-0.6271827569,8.0,0.47 to 0.72
537,13253,Georgia,Seminole,159,-0.8522737778,7.0,0.6 to 0.95,-0.8414516665,9.0,0.73 to 1.09
538,13255,Georgia,Spalding,159,-1.0913842933,8.0,0.96 to 1.38,-0.3638414339,7.0,0.24 to 0.46
539,13257,Georgia,Stephens,159,-0.5095349518,6.0,0.28 to 0.6,-0.2189871175,6.0,0.03 to 0.24
540,13259,Georgia,Stewart,159,-1.0363734933,8.0,0.96 to 1.38,-1.1936018574,10.0,1.09 to 1.98
541,13261,Georgia,Sumter,159,-1.0823548002,8.0,0.96 to 1.38,-0.4116432349,7.0,0.24 to 0.46
542,13263,Georgia,Talbot,159,-0.9625792985,8.0,0.96 to 1.38,-0.8354008194,9.0,0.73 to 1.09
543,13265,Georgia,Taliaferro,159,-0.5744909533,6.0,0.28 to 0.6,-0.89169901,9.0,0.73 to 1.09
544,13267,Georgia,Tattnall,159,-0.4206780087,6.0,0.28 to 0.6,-0.4985795558,8.0,0.47 to 0.72
545,13269,Georgia,Taylor,159,-0.8759423147,7.0,0.6 to 0.95,-1.1447032653,10.0,1.09 to 1.98
546,13271,Georgia,Telfair,159,-1.2090056793,8.0,0.96 to 1.38,-1.1658725627,10.0,1.09 to 1.98
547,13273,Georgia,Terrell,159,-1.4523579422,9.0,1.39 to 1.93,-0.9660339182,9.0,0.73 to 1.09
548,13275,Georgia,Thomas,159,-0.4936648558,6.0,0.28 to 0.6,-0.0570033977,6.0,0.03 to 0.24
549,13277,Georgia,Tift,159,-0.8635026663,7.0,0.6 to 0.95,-0.3164967048,7.0,0.24 to 0.46
550,13279,Georgia,Toombs,159,-0.9120370134,7.0,0.6 to 0.95,-0.6521162881,8.0,0.47 to 0.72
551,13281,Georgia,Towns,159,0.290680942,4.0,-0.38 to -0.06,0.237561946,4.0,-0.37 to -0.17
552,13283,Georgia,Treutlen,159,-1.195887311,8.0,0.96 to 1.38,-0.9917811243,9.0,0.73 to 1.09
553,13285,Georgia,Troup,159,-0.6568258935,7.0,0.6 to 0.95,-0.2404818479,6.0,0.03 to 0.24
554,13287,Georgia,Turner,159,-1.2407297311,8.0,0.96 to 1.38,-0.7796411681,9.0,0.73 to 1.09
555,13289,Georgia,Twiggs,159,-1.0285335301,8.0,0.96 to 1.38,-0.9451482218,9.0,0.73 to 1.09
556,13291,Georgia,Union,159,0.321147739,4.0,-0.38 to -0.06,0.256426248,4.0,-0.37 to -0.17
557,13293,Georgia,Upson,159,-0.8992949241,7.0,0.6 to 0.95,-0.4298380845,7.0,0.24 to 0.46
558,13295,Georgia,Walker,159,-0.4366188136,6.0,0.28 to 0.6,-0.059654233,6.0,0.03 to 0.24
559,13297,Georgia,Walton,159,0.080373526,4.0,-0.38 to -0.06,0.153169075,5.0,-0.17 to 0.03
560,13299,Georgia,Ware,159,-1.1529734392,8.0,0.96 to 1.38,-0.5500737861,8.0,0.47 to 0.72
561,13301,Georgia,Warren,159,-1.2922477469,8.0,0.96 to 1.38,-1.0481243565,9.0,0.73 to 1.09
562,13303,Georgia,Washington,159,-0.8268236587,7.0,0.6 to 0.95,-0.4674154852,8.0,0.47 to 0.72
563,13305,Georgia,Wayne,159,-0.8220800082,7.0,0.6 to 0.95,-0.4089012925,7.0,0.24 to 0.46
564,13307,Georgia,Webster,159,-0.835104281,7.0,0.6 to 0.95,-0.608731978,8.0,0.47 to 0.72
565,13309,Georgia,Wheeler,159,-0.3928807637,6.0,0.28 to 0.6,-1.1906152592,10.0,1.09 to 1.98
566,13311,Georgia,White,159,0.140835823,4.0,-0.38 to -0.06,0.203026165,4.0,-0.37 to -0.17
567,13313,Georgia,Whitfield,159,0.084875168,4.0,-0.38 to -0.06,-0.3692667264,7.0,0.24 to 0.46
568,13315,Georgia,Wilcox,159,-0.9681413452,8.0,0.96 to 1.38,-0.7728374908,9.0,0.73 to 1.09
569,13317,Georgia,Wilkes,159,-0.7735537142,7.0,0.6 to 0.95,-0.5316396629,8.0,0.47 to 0.72
570,13319,Georgia,Wilkinson,159,-1.169466111,8.0,0.96 to 1.38,-0.5043867299,8.0,0.47 to 0.72
571,13321,Georgia,Worth,159,-0.7656510463,7.0,0.6 to 0.95,-0.5683628772,8.0,0.47 to 0.72
573,15001,Hawaii,Hawaii,4,0.506864358,3.0,-0.71 to -0.38,0.253243677,4.0,-0.37 to -0.17
574,15003,Hawaii,Honolulu,4,1.039928805,2.0,-1.07 to -0.71,0.719986754,2.0,-0.81 to -0.58
576,15007,Hawaii,Kauai,4,1.028249871,2.0,-1.07 to -0.71,0.632155654,2.0,-0.81 to -0.58
577,15009,Hawaii,Maui,4,0.951945163,2.0,-1.07 to -0.71,0.419947163,3.0,-0.58 to -0.37
579,16001,Idaho,Ada,42,1.126165973,1.0,-1.81 to -1.08,0.788732933,2.0,-0.81 to -0.58
580,16003,Idaho,Adams,42,0.424741681,3.0,-0.71 to -0.38,-0.1700602321,6.0,0.03 to 0.24
581,16005,Idaho,Bannock,42,0.131993664,4.0,-0.38 to -0.06,0.546576811,3.0,-0.58 to -0.37
582,16007,Idaho,Bear Lake,42,0.689914791,3.0,-0.71 to -0.38,0.397393223,3.0,-0.58 to -0.37
583,16009,Idaho,Benewah,42,0.049128417,5.0,-0.05 to 0.27,-0.2536059474,7.0,0.24 to 0.46
584,16011,Idaho,Bingham,42,0.185920002,4.0,-0.38 to -0.06,0.227801138,4.0,-0.37 to -0.17
585,16013,Idaho,Blaine,42,1.367767575,1.0,-1.81 to -1.08,0.537358081,3.0,-0.58 to -0.37
586,16015,Idaho,Boise,42,0.292311232,4.0,-0.38 to -0.06,0.349279661,4.0,-0.37 to -0.17
587,16017,Idaho,Bonner,42,0.695284899,3.0,-0.71 to -0.38,0.014604215,5.0,-0.17 to 0.03
588,16019,Idaho,Bonneville,42,0.524616538,3.0,-0.71 to -0.38,0.542721475,3.0,-0.58 to -0.37
589,16021,Idaho,Boundary,42,0.87721443,2.0,-1.07 to -0.71,-0.2008497418,6.0,0.03 to 0.24
590,16023,Idaho,Butte,42,-0.2247900421,5.0,-0.05 to 0.27,0.086575809,5.0,-0.17 to 0.03
592,16027,Idaho,Canyon,42,0.652092619,3.0,-0.71 to -0.38,0.169393202,5.0,-0.17 to 0.03
593,16029,Idaho,Caribou,42,0.464532512,3.0,-0.71 to -0.38,0.32224931,4.0,-0.37 to -0.17
594,16031,Idaho,Cassia,42,0.617899141,3.0,-0.71 to -0.38,0.212639282,4.0,-0.37 to -0.17
596,16035,Idaho,Clearwater,42,0.199252242,4.0,-0.38 to -0.06,-0.1691980161,6.0,0.03 to 0.24
597,16037,Idaho,Custer,42,0.700628344,3.0,-0.71 to -0.38,0.427628076,3.0,-0.58 to -0.37
598,16039,Idaho,Elmore,42,0.530314987,3.0,-0.71 to -0.38,0.230100236,4.0,-0.37 to -0.17
599,16041,Idaho,Franklin,42,0.867701616,2.0,-1.07 to -0.71,0.405879079,3.0,-0.58 to -0.37
600,16043,Idaho,Fremont,42,0.807810152,2.0,-1.07 to -0.71,0.441731504,3.0,-0.58 to -0.37
601,16045,Idaho,Gem,42,0.506425571,3.0,-0.71 to -0.38,0.081132543,5.0,-0.17 to 0.03
602,16047,Idaho,Gooding,42,0.356201899,4.0,-0.38 to -0.06,-0.1239913712,6.0,0.03 to 0.24
603,16049,Idaho,Idaho,42,0.823422515,2.0,-1.07 to -0.71,-0.1603555106,6.0,0.03 to 0.24
604,16051,Idaho,Jefferson,42,0.622465853,3.0,-0.71 to -0.38,0.694665491,2.0,-0.81 to -0.58
605,16053,Idaho,Jerome,42,0.375473427,4.0,-0.38 to -0.06,-0.1639951753,6.0,0.03 to 0.24
606,16055,Idaho,Kootenai,42,1.052887425,2.0,-1.07 to -0.71,0.246569642,4.0,-0.37 to -0.17
607,16057,Idaho,Latah,42,1.237225136,1.0,-1.81 to -1.08,0.493784234,3.0,-0.58 to -0.37
608,16059,Idaho,Lemhi,42,0.263447219,4.0,-0.38 to -0.06,-0.0492724697,6.0,0.03 to 0.24
609,16061,Idaho,Lewis,42,-0.5520033721,6.0,0.28 to 0.6,-0.2518753817,7.0,0.24 to 0.46
610,16063,Idaho,Lincoln,42,0.539360965,3.0,-0.71 to -0.38,-0.1108113564,6.0,0.03 to 0.24
611,16065,Idaho,Madison,42,0.875097733,2.0,-1.07 to -0.71,0.650022566,2.0,-0.81 to -0.58
612,16067,Idaho,Minidoka,42,0.390503208,3.0,-0.71 to -0.38,0.004018017,5.0,-0.17 to 0.03
613,16069,Idaho,Nez Perce,42,0.420059478,3.0,-0.71 to -0.38,0.187808286,4.0,-0.37 to -0.17
614,16071,Idaho,Oneida,42,0.556254532,3.0,-0.71 to -0.38,0.482330272,3.0,-0.58 to -0.37
615,16073,Idaho,Owyhee,42,0.174709631,4.0,-0.38 to -0.06,-0.3655882384,7.0,0.24 to 0.46
616,16075,Idaho,Payette,42,0.622696909,3.0,-0.71 to -0.38,-0.0011367571,5.0,-0.17 to 0.03
617,16077,Idaho,Power,42,0.5487798,3.0,-0.71 to -0.38,0.364721068,4.0,-0.37 to -0.17
618,16079,Idaho,Shoshone,42,-0.232450043,5.0,-0.05 to 0.27,-0.2136415195,6.0,0.03 to 0.24
619,16081,Idaho,Teton,42,0.921221136,2.0,-1.07 to -0.71,0.445048366,3.0,-0.58 to -0.37
620,16083,Idaho,Twin Falls,42,0.411593203,3.0,-0.71 to -0.38,0.307691846,4.0,-0.37 to -0.17
621,16085,Idaho,Valley,42,1.046340202,2.0,-1.07 to -0.71,0.368105705,4.0,-0.37 to -0.17
622,16087,Idaho,Washington,42,0.427272791,3.0,-0.71 to -0.38,-0.0345842425,6.0,0.03 to 0.24
624,17001,Illinois,Adams,102,0.300561607,4.0,-0.38 to -0.06,0.295201284,4.0,-0.37 to -0.17
625,17003,Illinois,Alexander,102,-1.2476553025,8.0,0.96 to 1.38,-0.9179573485,9.0,0.73 to 1.09
626,17005,Illinois,Bond,102,0.546313068,3.0,-0.71 to -0.38,0.046673551,5.0,-0.17 to 0.03
627,17007,Illinois,Boone,102,0.697012571,3.0,-0.71 to -0.38,-0.0794976941,6.0,0.03 to 0.24
628,17009,Illinois,Brown,102,0.822404685,2.0,-1.07 to -0.71,0.10020087,5.0,-0.17 to 0.03
629,17011,Illinois,Bureau,102,0.376042066,4.0,-0.38 to -0.06,-0.0509538568,6.0,0.03 to 0.24
630,17013,Illinois,Calhoun,102,0.50213119,3.0,-0.71 to -0.38,0.218535978,4.0,-0.37 to -0.17
631,17015,Illinois,Carroll,102,0.786905414,2.0,-1.07 to -0.71,0.024165371,5.0,-0.17 to 0.03
632,17017,Illinois,Cass,102,0.28405433,4.0,-0.38 to -0.06,-0.0751491723,6.0,0.03 to 0.24
633,17019,Illinois,Champaign,102,0.615164832,3.0,-0.71 to -0.38,0.166409107,5.0,-0.17 to 0.03
634,17021,Illinois,Christian,102,0.141366126,4.0,-0.38 to -0.06,-0.1285577072,6.0,0.03 to 0.24
635,17023,Illinois,Clark,102,0.31592666,4.0,-0.38 to -0.06,0.172442425,5.0,-0.17 to 0.03
636,17025,Illinois,Clay,102,0.24313548,4.0,-0.38 to -0.06,-0.178352594,6.0,0.03 to 0.24
637,17027,Illinois,Clinton,102,0.910465558,2.0,-1.07 to -0.71,0.527094764,3.0,-0.58 to -0.37
638,17029,Illinois,Coles,102,0.286435947,4.0,-0.38 to -0.06,0.037838497,5.0,-0.17 to 0.03
639,17031,Illinois,Cook,102,0.388225466,3.0,-0.71 to -0.38,-0.0206413412,5.0,-0.17 to 0.03
640,17033,Illinois,Crawford,102,0.562420716,3.0,-0.71 to -0.38,0.129852381,5.0,-0.17 to 0.03
641,17035,Illinois,Cumberland,102,0.713160553,2.0,-1.07 to -0.71,0.27999858,4.0,-0.37 to -0.17
642,17037,Illinois,DeKalb,102,0.537549247,3.0,-0.71 to -0.38,0.143158076,5.0,-0.17 to 0.03
643,17039,Illinois,De Witt,102,0.404948784,3.0,-0.71 to -0.38,0.257703544,4.0,-0.37 to -0.17
644,17041,Illinois,Douglas,102,0.686249317,3.0,-0.71 to -0.38,0.119131918,5.0,-0.17 to 0.03
645,17043,Illinois,DuPage,102,1.427821651,1.0,-1.81 to -1.08,0.820182128,1.0,-1.61 to -0.81
646,17045,Illinois,Edgar,102,-0.205355571,5.0,-0.05 to 0.27,-0.1276033247,6.0,0.03 to 0.24
647,17047,Illinois,Edwards,102,0.059685504,4.0,-0.38 to -0.06,0.161880262,5.0,-0.17 to 0.03
648,17049,Illinois,Effingham,102,0.870693739,2.0,-1.07 to -0.71,0.506962044,3.0,-0.58 to -0.37
649,17051,Illinois,Fayette,102,0.512798426,3.0,-0.71 to -0.38,-0.3745097184,7.0,0.24 to 0.46
650,17053,Illinois,Ford,102,0.426535076,3.0,-0.71 to -0.38,0.075700533,5.0,-0.17 to 0.03
651,17055,Illinois,Franklin,102,-0.3697571872,6.0,0.28 to 0.6,-0.3074884232,7.0,0.24 to 0.46
652,17057,Illinois,Fulton,102,0.267704191,4.0,-0.38 to -0.06,0.046989941,5.0,-0.17 to 0.03
653,17059,Illinois,Gallatin,102,-0.2759610632,6.0,0.28 to 0.6,-0.4301340189,7.0,0.24 to 0.46
654,17061,Illinois,Greene,102,0.061552328,4.0,-0.38 to -0.06,0.044895883,5.0,-0.17 to 0.03
655,17063,Illinois,Grundy,102,0.748641389,2.0,-1.07 to -0.71,0.40165664,3.0,-0.58 to -0.37
656,17065,Illinois,Hamilton,102,0.266856114,4.0,-0.38 to -0.06,0.082409135,5.0,-0.17 to 0.03
657,17067,Illinois,Hancock,102,0.55381109,3.0,-0.71 to -0.38,0.193149972,4.0,-0.37 to -0.17
658,17069,Illinois,Hardin,102,-0.2819551501,6.0,0.28 to 0.6,-0.2952598258,7.0,0.24 to 0.46
659,17071,Illinois,Henderson,102,0.503374103,3.0,-0.71 to -0.38,0.025815825,5.0,-0.17 to 0.03
660,17073,Illinois,Henry,102,0.61120557,3.0,-0.71 to -0.38,0.26319017,4.0,-0.37 to -0.17
661,17075,Illinois,Iroquois,102,0.254041336,4.0,-0.38 to -0.06,-0.236448347,6.0,0.03 to 0.24
662,17077,Illinois,Jackson,102,-0.2941549459,6.0,0.28 to 0.6,-0.1331155198,6.0,0.03 to 0.24
663,17079,Illinois,Jasper,102,0.718192635,2.0,-1.07 to -0.71,0.346296269,4.0,-0.37 to -0.17
664,17081,Illinois,Jefferson,102,-0.0796227683,5.0,-0.05 to 0.27,-0.0853341422,6.0,0.03 to 0.24
665,17083,Illinois,Jersey,102,0.211895585,4.0,-0.38 to -0.06,0.283494851,4.0,-0.37 to -0.17
666,17085,Illinois,Jo Daviess,102,0.87440064,2.0,-1.07 to -0.71,0.387079396,3.0,-0.58 to -0.37
667,17087,Illinois,Johnson,102,0.206803104,4.0,-0.38 to -0.06,-0.222606548,6.0,0.03 to 0.24
668,17089,Illinois,Kane,102,0.941717844,2.0,-1.07 to -0.71,0.303825375,4.0,-0.37 to -0.17
669,17091,Illinois,Kankakee,102,-0.0437906518,5.0,-0.05 to 0.27,-0.1084419916,6.0,0.03 to 0.24
670,17093,Illinois,Kendall,102,1.295224564,1.0,-1.81 to -1.08,0.760763568,2.0,-0.81 to -0.58
671,17095,Illinois,Knox,102,0.051520318,5.0,-0.05 to 0.27,-0.230911488,6.0,0.03 to 0.24
672,17097,Illinois,Lake,102,1.060943026,2.0,-1.07 to -0.71,0.383068118,3.0,-0.58 to -0.37
673,17099,Illinois,LaSalle,102,0.361354007,4.0,-0.38 to -0.06,-0.0492096967,6.0,0.03 to 0.24
674,17101,Illinois,Lawrence,102,-0.0416984326,5.0,-0.05 to 0.27,-0.1507711183,6.0,0.03 to 0.24
675,17103,Illinois,Lee,102,0.619537699,3.0,-0.71 to -0.38,0.06074189,5.0,-0.17 to 0.03
676,17105,Illinois,Livingston,102,0.19762509,4.0,-0.38 to -0.06,0.06336754,5.0,-0.17 to 0.03
677,17107,Illinois,Logan,102,0.564429056,3.0,-0.71 to -0.38,0.15482782,5.0,-0.17 to 0.03
678,17109,Illinois,McDonough,102,0.389044022,3.0,-0.71 to -0.38,-0.1873690899,6.0,0.03 to 0.24
679,17111,Illinois,McHenry,102,1.201574578,1.0,-1.81 to -1.08,0.55791033,3.0,-0.58 to -0.37
680,17113,Illinois,McLean,102,0.83197739,2.0,-1.07 to -0.71,0.394414941,3.0,-0.58 to -0.37
681,17115,Illinois,Macon,102,-0.2789833373,6.0,0.28 to 0.6,-0.0221381458,5.0,-0.17 to 0.03
682,17117,Illinois,Macoupin,102,-0.0090228581,5.0,-0.05 to 0.27,0.042797882,5.0,-0.17 to 0.03
683,17119,Illinois,Madison,102,0.254351979,4.0,-0.38 to -0.06,0.111845088,5.0,-0.17 to 0.03
684,17121,Illinois,Marion,102,-0.3055140358,6.0,0.28 to 0.6,-0.0739836139,6.0,0.03 to 0.24
685,17123,Illinois,Marshall,102,0.505464903,3.0,-0.71 to -0.38,-0.0191399114,5.0,-0.17 to 0.03
686,17125,Illinois,Mason,102,0.081391305,4.0,-0.38 to -0.06,-0.0031227261,5.0,-0.17 to 0.03
687,17127,Illinois,Massac,102,-0.1521577278,5.0,-0.05 to 0.27,-0.245003635,7.0,0.24 to 0.46
688,17129,Illinois,Menard,102,0.827639341,2.0,-1.07 to -0.71,0.47895671,3.0,-0.58 to -0.37
689,17131,Illinois,Mercer,102,0.565569219,3.0,-0.71 to -0.38,0.25020054,4.0,-0.37 to -0.17
690,17133,Illinois,Monroe,102,1.078915451,1.0,-1.81 to -1.08,0.900526165,1.0,-1.61 to -0.81
691,17135,Illinois,Montgomery,102,-0.188940907,5.0,-0.05 to 0.27,-0.212660803,6.0,0.03 to 0.24
692,17137,Illinois,Morgan,102,0.136155712,4.0,-0.38 to -0.06,-0.0036343908,5.0,-0.17 to 0.03
693,17139,Illinois,Moultrie,102,0.380694363,3.0,-0.71 to -0.38,0.14181062,5.0,-0.17 to 0.03
694,17141,Illinois,Ogle,102,0.601651771,3.0,-0.71 to -0.38,0.244612382,4.0,-0.37 to -0.17
695,17143,Illinois,Peoria,102,-0.0220346068,5.0,-0.05 to 0.27,0.080092781,5.0,-0.17 to 0.03
696,17145,Illinois,Perry,102,0.079010573,4.0,-0.38 to -0.06,-0.2260194812,6.0,0.03 to 0.24
697,17147,Illinois,Piatt,102,1.045226176,2.0,-1.07 to -0.71,0.582056965,2.0,-0.81 to -0.58
698,17149,Illinois,Pike,102,0.219969664,4.0,-0.38 to -0.06,-0.1956810199,6.0,0.03 to 0.24
699,17151,Illinois,Pope,102,-0.102870183,5.0,-0.05 to 0.27,0.02066253,5.0,-0.17 to 0.03
700,17153,Illinois,Pulaski,102,-1.0946591968,8.0,0.96 to 1.38,-0.8055325027,9.0,0.73 to 1.09
701,17155,Illinois,Putnam,102,1.013597724,2.0,-1.07 to -0.71,0.194294086,4.0,-0.37 to -0.17
702,17157,Illinois,Randolph,102,0.182943879,4.0,-0.38 to -0.06,-0.030147317,5.0,-0.17 to 0.03
703,17159,Illinois,Richland,102,0.035210388,5.0,-0.05 to 0.27,0.250214048,4.0,-0.37 to -0.17
704,17161,Illinois,Rock Island,102,0.39764461,3.0,-0.71 to -0.38,0.04230115,5.0,-0.17 to 0.03
705,17163,Illinois,St. Clair,102,-0.2320253405,5.0,-0.05 to 0.27,0.061103088,5.0,-0.17 to 0.03
706,17165,Illinois,Saline,102,-0.41401829,6.0,0.28 to 0.6,-0.2139353752,6.0,0.03 to 0.24
707,17167,Illinois,Sangamon,102,0.122764859,4.0,-0.38 to -0.06,0.330161915,4.0,-0.37 to -0.17
708,17169,Illinois,Schuyler,102,-0.1276009423,5.0,-0.05 to 0.27,0.163718634,5.0,-0.17 to 0.03
709,17171,Illinois,Scott,102,-0.0197149784,5.0,-0.05 to 0.27,0.032050591,5.0,-0.17 to 0.03
710,17173,Illinois,Shelby,102,0.5404974,3.0,-0.71 to -0.38,0.164194868,5.0,-0.17 to 0.03
711,17175,Illinois,Stark,102,0.348211807,4.0,-0.38 to -0.06,0.083750322,5.0,-0.17 to 0.03
712,17177,Illinois,Stephenson,102,0.1744442,4.0,-0.38 to -0.06,0.079382096,5.0,-0.17 to 0.03
713,17179,Illinois,Tazewell,102,0.623261982,3.0,-0.71 to -0.38,0.364743222,4.0,-0.37 to -0.17
714,17181,Illinois,Union,102,0.097091063,4.0,-0.38 to -0.06,-0.3380613473,7.0,0.24 to 0.46
715,17183,Illinois,Vermilion,102,-0.5769106539,6.0,0.28 to 0.6,-0.3324781337,7.0,0.24 to 0.46
716,17185,Illinois,Wabash,102,0.166033658,4.0,-0.38 to -0.06,0.177078611,4.0,-0.37 to -0.17
717,17187,Illinois,Warren,102,0.4034274,3.0,-0.71 to -0.38,0.170039407,5.0,-0.17 to 0.03
718,17189,Illinois,Washington,102,0.577000208,3.0,-0.71 to -0.38,0.560906183,3.0,-0.58 to -0.37
719,17191,Illinois,Wayne,102,0.109367687,4.0,-0.38 to -0.06,-0.1235114026,6.0,0.03 to 0.24
720,17193,Illinois,White,102,-0.2138572455,5.0,-0.05 to 0.27,-0.2210481742,6.0,0.03 to 0.24
721,17195,Illinois,Whiteside,102,0.386282369,3.0,-0.71 to -0.38,0.133845413,5.0,-0.17 to 0.03
722,17197,Illinois,Will,102,0.969944421,2.0,-1.07 to -0.71,0.341573272,4.0,-0.37 to -0.17
723,17199,Illinois,Williamson,102,0.205120834,4.0,-0.38 to -0.06,0.123129671,5.0,-0.17 to 0.03
724,17201,Illinois,Winnebago,102,-0.2512645188,5.0,-0.05 to 0.27,-0.2109860283,6.0,0.03 to 0.24
725,17203,Illinois,Woodford,102,1.114965392,1.0,-1.81 to -1.08,0.495436011,3.0,-0.58 to -0.37
727,18001,Indiana,Adams,92,0.189015899,4.0,-0.38 to -0.06,0.141524381,5.0,-0.17 to 0.03
728,18003,Indiana,Allen,92,0.146420438,4.0,-0.38 to -0.06,0.337759347,4.0,-0.37 to -0.17
729,18005,Indiana,Bartholomew,92,0.402059076,3.0,-0.71 to -0.38,0.479787629,3.0,-0.58 to -0.37
730,18007,Indiana,Benton,92,-0.1421007241,5.0,-0.05 to 0.27,0.131143033,5.0,-0.17 to 0.03
731,18009,Indiana,Blackford,92,-0.5434044459,6.0,0.28 to 0.6,-0.1234898508,6.0,0.03 to 0.24
732,18011,Indiana,Boone,92,1.118766558,1.0,-1.81 to -1.08,0.744709675,2.0,-0.81 to -0.58
733,18013,Indiana,Brown,92,0.247667623,4.0,-0.38 to -0.06,0.224103246,4.0,-0.37 to -0.17
734,18015,Indiana,Carroll,92,0.595689991,3.0,-0.71 to -0.38,0.223131781,4.0,-0.37 to -0.17
735,18017,Indiana,Cass,92,0.048480703,5.0,-0.05 to 0.27,-0.0073740188,5.0,-0.17 to 0.03
736,18019,Indiana,Clark,92,-0.1112218873,5.0,-0.05 to 0.27,0.199471706,4.0,-0.37 to -0.17
737,18021,Indiana,Clay,92,0.159091907,4.0,-0.38 to -0.06,0.142034522,5.0,-0.17 to 0.03
738,18023,Indiana,Clinton,92,0.100537665,4.0,-0.38 to -0.06,0.123740168,5.0,-0.17 to 0.03
739,18025,Indiana,Crawford,92,-0.636065558,7.0,0.6 to 0.95,-0.4111336721,7.0,0.24 to 0.46
740,18027,Indiana,Daviess,92,0.429160283,3.0,-0.71 to -0.38,-0.1221523613,6.0,0.03 to 0.24
741,18029,Indiana,Dearborn,92,0.591083439,3.0,-0.71 to -0.38,0.378821819,3.0,-0.58 to -0.37
742,18031,Indiana,Decatur,92,0.288503857,4.0,-0.38 to -0.06,0.324720819,4.0,-0.37 to -0.17
743,18033,Indiana,DeKalb,92,0.403823402,3.0,-0.71 to -0.38,0.348628487,4.0,-0.37 to -0.17
744,18035,Indiana,Delaware,92,-0.570524206,6.0,0.28 to 0.6,-0.0336645555,6.0,0.03 to 0.24
745,18037,Indiana,Dubois,92,0.772646651,2.0,-1.07 to -0.71,0.589540752,2.0,-0.81 to -0.58
746,18039,Indiana,Elkhart,92,0.303857366,4.0,-0.38 to -0.06,-0.0352668762,6.0,0.03 to 0.24
747,18041,Indiana,Fayette,92,-0.777133288,7.0,0.6 to 0.95,-0.2452733955,7.0,0.24 to 0.46
748,18043,Indiana,Floyd,92,0.142334511,4.0,-0.38 to -0.06,0.4275111,3.0,-0.58 to -0.37
749,18045,Indiana,Fountain,92,-0.0053328928,5.0,-0.05 to 0.27,0.144493915,5.0,-0.17 to 0.03
750,18047,Indiana,Franklin,92,0.396453596,3.0,-0.71 to -0.38,0.304260016,4.0,-0.37 to -0.17
751,18049,Indiana,Fulton,92,-0.1569080867,5.0,-0.05 to 0.27,-0.0073021581,5.0,-0.17 to 0.03
752,18051,Indiana,Gibson,92,0.350949176,4.0,-0.38 to -0.06,0.452117213,3.0,-0.58 to -0.37
753,18053,Indiana,Grant,92,-0.8511969676,7.0,0.6 to 0.95,-0.0338111347,6.0,0.03 to 0.24
754,18055,Indiana,Greene,92,-0.0955852541,5.0,-0.05 to 0.27,-0.0121383827,5.0,-0.17 to 0.03
755,18057,Indiana,Hamilton,92,1.468540726,1.0,-1.81 to -1.08,0.995727214,1.0,-1.61 to -0.81
756,18059,Indiana,Hancock,92,0.826019566,2.0,-1.07 to -0.71,0.801788059,2.0,-0.81 to -0.58
757,18061,Indiana,Harrison,92,-0.128783214,5.0,-0.05 to 0.27,0.329016034,4.0,-0.37 to -0.17
758,18063,Indiana,Hendricks,92,1.059807147,2.0,-1.07 to -0.71,0.709355703,2.0,-0.81 to -0.58
759,18065,Indiana,Henry,92,-0.108553426,5.0,-0.05 to 0.27,0.141149518,5.0,-0.17 to 0.03
760,18067,Indiana,Howard,92,-0.2697043998,5.0,-0.05 to 0.27,0.170909411,5.0,-0.17 to 0.03
761,18069,Indiana,Huntington,92,0.08671966,4.0,-0.38 to -0.06,0.478289059,3.0,-0.58 to -0.37
762,18071,Indiana,Jackson,92,0.234985018,4.0,-0.38 to -0.06,0.251753784,4.0,-0.37 to -0.17
763,18073,Indiana,Jasper,92,0.338375993,4.0,-0.38 to -0.06,0.209627441,4.0,-0.37 to -0.17
764,18075,Indiana,Jay,92,-0.4089028117,6.0,0.28 to 0.6,-0.0544943342,6.0,0.03 to 0.24
765,18077,Indiana,Jefferson,92,-0.0289949463,5.0,-0.05 to 0.27,0.063630178,5.0,-0.17 to 0.03
766,18079,Indiana,Jennings,92,-0.2102718287,5.0,-0.05 to 0.27,-0.0461655299,6.0,0.03 to 0.24
767,18081,Indiana,Johnson,92,0.590195247,3.0,-0.71 to -0.38,0.570649131,3.0,-0.58 to -0.37
768,18083,Indiana,Knox,92,-0.1177916607,5.0,-0.05 to 0.27,0.127858792,5.0,-0.17 to 0.03
769,18085,Indiana,Kosciusko,92,0.409609068,3.0,-0.71 to -0.38,0.159384308,5.0,-0.17 to 0.03
770,18087,Indiana,LaGrange,92,0.658018632,3.0,-0.71 to -0.38,-0.5070265785,8.0,0.47 to 0.72
771,18089,Indiana,Lake,92,-0.1583376048,5.0,-0.05 to 0.27,-0.2401034746,6.0,0.03 to 0.24
772,18091,Indiana,LaPorte,92,-0.261997735,5.0,-0.05 to 0.27,-0.1141727581,6.0,0.03 to 0.24
773,18093,Indiana,Lawrence,92,-0.1038576235,5.0,-0.05 to 0.27,0.128136119,5.0,-0.17 to 0.03
774,18095,Indiana,Madison,92,-0.3207625105,6.0,0.28 to 0.6,-0.0698229612,6.0,0.03 to 0.24
775,18097,Indiana,Marion,92,-0.4472141912,6.0,0.28 to 0.6,-0.0580884594,6.0,0.03 to 0.24
776,18099,Indiana,Marshall,92,0.373593143,4.0,-0.38 to -0.06,0.119157533,5.0,-0.17 to 0.03
777,18101,Indiana,Martin,92,0.126549564,4.0,-0.38 to -0.06,0.082756206,5.0,-0.17 to 0.03
778,18103,Indiana,Miami,92,-0.0764230837,5.0,-0.05 to 0.27,-0.0688821702,6.0,0.03 to 0.24
779,18105,Indiana,Monroe,92,0.446106999,3.0,-0.71 to -0.38,0.401843482,3.0,-0.58 to -0.37
780,18107,Indiana,Montgomery,92,0.121618222,4.0,-0.38 to -0.06,0.187662538,4.0,-0.37 to -0.17
781,18109,Indiana,Morgan,92,0.30359623,4.0,-0.38 to -0.06,0.243446404,4.0,-0.37 to -0.17
782,18111,Indiana,Newton,92,0.074002174,4.0,-0.38 to -0.06,-0.1351506311,6.0,0.03 to 0.24
783,18113,Indiana,Noble,92,0.406974647,3.0,-0.71 to -0.38,0.098459938,5.0,-0.17 to 0.03
784,18115,Indiana,Ohio,92,0.679327611,3.0,-0.71 to -0.38,0.265159019,4.0,-0.37 to -0.17
785,18117,Indiana,Orange,92,-0.0005014184,5.0,-0.05 to 0.27,-0.0359798119,6.0,0.03 to 0.24
786,18119,Indiana,Owen,92,-0.3207225071,6.0,0.28 to 0.6,-0.1224518174,6.0,0.03 to 0.24
787,18121,Indiana,Parke,92,0.410541538,3.0,-0.71 to -0.38,-0.2842133872,7.0,0.24 to 0.46
788,18123,Indiana,Perry,92,0.383530919,3.0,-0.71 to -0.38,0.150541697,5.0,-0.17 to 0.03
789,18125,Indiana,Pike,92,0.085066235,4.0,-0.38 to -0.06,0.089888385,5.0,-0.17 to 0.03
790,18127,Indiana,Porter,92,0.675274062,3.0,-0.71 to -0.38,0.407671684,3.0,-0.58 to -0.37
791,18129,Indiana,Posey,92,0.650865314,3.0,-0.71 to -0.38,0.353481001,4.0,-0.37 to -0.17
792,18131,Indiana,Pulaski,92,-0.3682536092,6.0,0.28 to 0.6,0.021729722,5.0,-0.17 to 0.03
793,18133,Indiana,Putnam,92,0.528633279,3.0,-0.71 to -0.38,0.286685874,4.0,-0.37 to -0.17
794,18135,Indiana,Randolph,92,-0.1121958923,5.0,-0.05 to 0.27,0.028571354,5.0,-0.17 to 0.03
795,18137,Indiana,Ripley,92,0.39816047,3.0,-0.71 to -0.38,0.085549562,5.0,-0.17 to 0.03
796,18139,Indiana,Rush,92,0.101915731,4.0,-0.38 to -0.06,0.138752035,5.0,-0.17 to 0.03
797,18141,Indiana,St. Joseph,92,0.071092331,4.0,-0.38 to -0.06,0.180952204,4.0,-0.37 to -0.17
798,18143,Indiana,Scott,92,-1.000281502,8.0,0.96 to 1.38,-0.3435598807,7.0,0.24 to 0.46
799,18145,Indiana,Shelby,92,0.143935408,4.0,-0.38 to -0.06,0.103115098,5.0,-0.17 to 0.03
800,18147,Indiana,Spencer,92,0.536125456,3.0,-0.71 to -0.38,0.473891111,3.0,-0.58 to -0.37
801,18149,Indiana,Starke,92,-0.4526259928,6.0,0.28 to 0.6,-0.2132835783,6.0,0.03 to 0.24
802,18151,Indiana,Steuben,92,0.527325766,3.0,-0.71 to -0.38,0.338267757,4.0,-0.37 to -0.17
803,18153,Indiana,Sullivan,92,0.024981369,5.0,-0.05 to 0.27,-0.101142399,6.0,0.03 to 0.24
804,18155,Indiana,Switzerland,92,-0.4071521888,6.0,0.28 to 0.6,-0.3646735688,7.0,0.24 to 0.46
805,18157,Indiana,Tippecanoe,92,0.350427075,4.0,-0.38 to -0.06,0.159727279,5.0,-0.17 to 0.03
806,18159,Indiana,Tipton,92,0.312079019,4.0,-0.38 to -0.06,0.564773592,3.0,-0.58 to -0.37
807,18161,Indiana,Union,92,0.175226269,4.0,-0.38 to -0.06,0.182561903,4.0,-0.37 to -0.17
808,18163,Indiana,Vanderburgh,92,-0.1610509934,5.0,-0.05 to 0.27,0.272563599,4.0,-0.37 to -0.17
809,18165,Indiana,Vermillion,92,-0.0131831641,5.0,-0.05 to 0.27,0.097592129,5.0,-0.17 to 0.03
810,18167,Indiana,Vigo,92,-0.2081817028,5.0,-0.05 to 0.27,-0.1260001157,6.0,0.03 to 0.24
811,18169,Indiana,Wabash,92,0.017065161,5.0,-0.05 to 0.27,0.210718075,4.0,-0.37 to -0.17
812,18171,Indiana,Warren,92,0.669580568,3.0,-0.71 to -0.38,0.273539926,4.0,-0.37 to -0.17
813,18173,Indiana,Warrick,92,0.826709307,2.0,-1.07 to -0.71,0.6772311,2.0,-0.81 to -0.58
814,18175,Indiana,Washington,92,-0.3912893799,6.0,0.28 to 0.6,-0.0705539721,6.0,0.03 to 0.24
815,18177,Indiana,Wayne,92,-0.4525371387,6.0,0.28 to 0.6,-0.1274477843,6.0,0.03 to 0.24
816,18179,Indiana,Wells,92,0.54019455,3.0,-0.71 to -0.38,0.391324843,3.0,-0.58 to -0.37
817,18181,Indiana,White,92,0.1262502,4.0,-0.38 to -0.06,0.226307598,4.0,-0.37 to -0.17
818,18183,Indiana,Whitley,92,0.743049308,2.0,-1.07 to -0.71,0.542988133,3.0,-0.58 to -0.37
820,19001,Iowa,Adair,99,1.024736093,2.0,-1.07 to -0.71,0.544157521,3.0,-0.58 to -0.37
821,19003,Iowa,Adams,99,0.84538539,2.0,-1.07 to -0.71,0.706052193,2.0,-0.81 to -0.58
822,19005,Iowa,Allamakee,99,1.11940993,1.0,-1.81 to -1.08,0.428041374,3.0,-0.58 to -0.37
823,19007,Iowa,Appanoose,99,0.38862908,3.0,-0.71 to -0.38,0.044192182,5.0,-0.17 to 0.03
824,19009,Iowa,Audubon,99,1.220858889,1.0,-1.81 to -1.08,0.618314077,2.0,-0.81 to -0.58
825,19011,Iowa,Benton,99,1.106790616,1.0,-1.81 to -1.08,0.526471603,3.0,-0.58 to -0.37
826,19013,Iowa,Black Hawk,99,0.592721063,3.0,-0.71 to -0.38,0.584037223,2.0,-0.81 to -0.58
827,19015,Iowa,Boone,99,1.056580587,2.0,-1.07 to -0.71,0.783705513,2.0,-0.81 to -0.58
828,19017,Iowa,Bremer,99,1.277218812,1.0,-1.81 to -1.08,1.053287395,1.0,-1.61 to -0.81
829,19019,Iowa,Buchanan,99,1.36238988,1.0,-1.81 to -1.08,0.581061541,2.0,-0.81 to -0.58
830,19021,Iowa,Buena Vista,99,0.982685097,2.0,-1.07 to -0.71,0.420661545,3.0,-0.58 to -0.37
831,19023,Iowa,Butler,99,1.26199166,1.0,-1.81 to -1.08,0.657301096,2.0,-0.81 to -0.58
832,19025,Iowa,Calhoun,99,0.912713753,2.0,-1.07 to -0.71,0.477280121,3.0,-0.58 to -0.37
833,19027,Iowa,Carroll,99,1.098810623,1.0,-1.81 to -1.08,0.773733522,2.0,-0.81 to -0.58
834,19029,Iowa,Cass,99,0.667972436,3.0,-0.71 to -0.38,0.287207356,4.0,-0.37 to -0.17
835,19031,Iowa,Cedar,99,1.194798532,1.0,-1.81 to -1.08,0.537551049,3.0,-0.58 to -0.37
836,19033,Iowa,Cerro Gordo,99,0.481506465,3.0,-0.71 to -0.38,0.682223299,2.0,-0.81 to -0.58
837,19035,Iowa,Cherokee,99,0.926256912,2.0,-1.07 to -0.71,0.532333313,3.0,-0.58 to -0.37
838,19037,Iowa,Chickasaw,99,1.225361467,1.0,-1.81 to -1.08,0.64286898,2.0,-0.81 to -0.58
839,19039,Iowa,Clarke,99,0.388859642,3.0,-0.71 to -0.38,0.09999148,5.0,-0.17 to 0.03
840,19041,Iowa,Clay,99,0.799383854,2.0,-1.07 to -0.71,0.721687754,2.0,-0.81 to -0.58
841,19043,Iowa,Clayton,99,1.065136299,2.0,-1.07 to -0.71,0.299209892,4.0,-0.37 to -0.17
842,19045,Iowa,Clinton,99,0.545237762,3.0,-0.71 to -0.38,0.360204538,4.0,-0.37 to -0.17
843,19047,Iowa,Crawford,99,0.765172936,2.0,-1.07 to -0.71,0.034672361,5.0,-0.17 to 0.03
844,19049,Iowa,Dallas,99,1.715715536,1.0,-1.81 to -1.08,1.087758272,1.0,-1.61 to -0.81
845,19051,Iowa,Davis,99,0.772050978,2.0,-1.07 to -0.71,0.122313682,5.0,-0.17 to 0.03
846,19053,Iowa,Decatur,99,0.626263944,3.0,-0.71 to -0.38,0.101906133,5.0,-0.17 to 0.03
847,19055,Iowa,Delaware,99,1.102701864,1.0,-1.81 to -1.08,0.497537834,3.0,-0.58 to -0.37
848,19057,Iowa,Des Moines,99,0.415612503,3.0,-0.71 to -0.38,0.323883942,4.0,-0.37 to -0.17
849,19059,Iowa,Dickinson,99,1.38191311,1.0,-1.81 to -1.08,1.017289813,1.0,-1.61 to -0.81
850,19061,Iowa,Dubuque,99,1.04606229,2.0,-1.07 to -0.71,0.560847515,3.0,-0.58 to -0.37
851,19063,Iowa,Emmet,99,0.834963169,2.0,-1.07 to -0.71,0.398913177,3.0,-0.58 to -0.37
852,19065,Iowa,Fayette,99,0.658722653,3.0,-0.71 to -0.38,0.306960825,4.0,-0.37 to -0.17
853,19067,Iowa,Floyd,99,0.766685068,2.0,-1.07 to -0.71,0.497506936,3.0,-0.58 to -0.37
854,19069,Iowa,Franklin,99,0.493591347,3.0,-0.71 to -0.38,0.521820929,3.0,-0.58 to -0.37
855,19071,Iowa,Fremont,99,0.747278109,2.0,-1.07 to -0.71,0.425478744,3.0,-0.58 to -0.37
856,19073,Iowa,Greene,99,0.646942992,3.0,-0.71 to -0.38,0.706489189,2.0,-0.81 to -0.58
857,19075,Iowa,Grundy,99,1.500231339,1.0,-1.81 to -1.08,0.990243216,1.0,-1.61 to -0.81
858,19077,Iowa,Guthrie,99,1.096032027,1.0,-1.81 to -1.08,0.704800055,2.0,-0.81 to -0.58
859,19079,Iowa,Hamilton,99,0.898308448,2.0,-1.07 to -0.71,0.554659703,3.0,-0.58 to -0.37
860,19081,Iowa,Hancock,99,1.102270281,1.0,-1.81 to -1.08,0.756885734,2.0,-0.81 to -0.58
861,19083,Iowa,Hardin,99,0.907243578,2.0,-1.07 to -0.71,0.680656222,2.0,-0.81 to -0.58
862,19085,Iowa,Harrison,99,0.960459614,2.0,-1.07 to -0.71,0.465841985,3.0,-0.58 to -0.37
863,19087,Iowa,Henry,99,1.030492679,2.0,-1.07 to -0.71,0.492988071,3.0,-0.58 to -0.37
864,19089,Iowa,Howard,99,1.042685596,2.0,-1.07 to -0.71,0.559225142,3.0,-0.58 to -0.37
865,19091,Iowa,Humboldt,99,0.973190838,2.0,-1.07 to -0.71,0.6186364,2.0,-0.81 to -0.58
866,19093,Iowa,Ida,99,1.010827016,2.0,-1.07 to -0.71,0.689487612,2.0,-0.81 to -0.58
867,19095,Iowa,Iowa,99,1.122880612,1.0,-1.81 to -1.08,0.656948194,2.0,-0.81 to -0.58
868,19097,Iowa,Jackson,99,0.953074335,2.0,-1.07 to -0.71,0.424045181,3.0,-0.58 to -0.37
869,19099,Iowa,Jasper,99,0.954598145,2.0,-1.07 to -0.71,0.640236247,2.0,-0.81 to -0.58
870,19101,Iowa,Jefferson,99,0.699015719,3.0,-0.71 to -0.38,0.475948899,3.0,-0.58 to -0.37
871,19103,Iowa,Johnson,99,1.245445526,1.0,-1.81 to -1.08,0.843371247,1.0,-1.61 to -0.81
872,19105,Iowa,Jones,99,1.16574997,1.0,-1.81 to -1.08,0.44295908,3.0,-0.58 to -0.37
873,19107,Iowa,Keokuk,99,0.698907015,3.0,-0.71 to -0.38,0.251482039,4.0,-0.37 to -0.17
874,19109,Iowa,Kossuth,99,0.991759485,2.0,-1.07 to -0.71,0.648920161,2.0,-0.81 to -0.58
875,19111,Iowa,Lee,99,0.475582682,3.0,-0.71 to -0.38,0.340088921,4.0,-0.37 to -0.17
876,19113,Iowa,Linn,99,0.93010922,2.0,-1.07 to -0.71,0.684629215,2.0,-0.81 to -0.58
877,19115,Iowa,Louisa,99,0.794042165,2.0,-1.07 to -0.71,0.411580471,3.0,-0.58 to -0.37
878,19117,Iowa,Lucas,99,0.57668539,3.0,-0.71 to -0.38,0.168811097,5.0,-0.17 to 0.03
879,19119,Iowa,Lyon,99,1.532594477,1.0,-1.81 to -1.08,0.938757425,1.0,-1.61 to -0.81
880,19121,Iowa,Madison,99,1.439556391,1.0,-1.81 to -1.08,0.722100745,2.0,-0.81 to -0.58
881,19123,Iowa,Mahaska,99,0.735407058,2.0,-1.07 to -0.71,0.559230121,3.0,-0.58 to -0.37
882,19125,Iowa,Marion,99,1.178446912,1.0,-1.81 to -1.08,0.883386518,1.0,-1.61 to -0.81
883,19127,Iowa,Marshall,99,0.504720253,3.0,-0.71 to -0.38,0.137433601,5.0,-0.17 to 0.03
884,19129,Iowa,Mills,99,0.521956395,3.0,-0.71 to -0.38,0.788327502,2.0,-0.81 to -0.58
885,19131,Iowa,Mitchell,99,1.253345533,1.0,-1.81 to -1.08,0.778545909,2.0,-0.81 to -0.58
886,19133,Iowa,Monona,99,0.549444617,3.0,-0.71 to -0.38,0.320878338,4.0,-0.37 to -0.17
887,19135,Iowa,Monroe,99,1.016950427,2.0,-1.07 to -0.71,0.559757327,3.0,-0.58 to -0.37
888,19137,Iowa,Montgomery,99,0.356594565,4.0,-0.38 to -0.06,0.476835852,3.0,-0.58 to -0.37
889,19139,Iowa,Muscatine,99,0.684271909,3.0,-0.71 to -0.38,0.489890862,3.0,-0.58 to -0.37
890,19141,Iowa,O'Brien,99,0.741553002,2.0,-1.07 to -0.71,0.642193329,2.0,-0.81 to -0.58
891,19143,Iowa,Osceola,99,0.768475035,2.0,-1.07 to -0.71,0.42845325,3.0,-0.58 to -0.37
892,19145,Iowa,Page,99,0.686026496,3.0,-0.71 to -0.38,0.349524707,4.0,-0.37 to -0.17
893,19147,Iowa,Palo Alto,99,0.857896419,2.0,-1.07 to -0.71,0.646666753,2.0,-0.81 to -0.58
894,19149,Iowa,Plymouth,99,1.091278635,1.0,-1.81 to -1.08,0.879565539,1.0,-1.61 to -0.81
895,19151,Iowa,Pocahontas,99,0.60979069,3.0,-0.71 to -0.38,0.622768037,2.0,-0.81 to -0.58
896,19153,Iowa,Polk,99,0.791028773,2.0,-1.07 to -0.71,0.734493853,2.0,-0.81 to -0.58
897,19155,Iowa,Pottawattamie,99,0.373751725,4.0,-0.38 to -0.06,0.416848053,3.0,-0.58 to -0.37
898,19157,Iowa,Poweshiek,99,0.908203695,2.0,-1.07 to -0.71,0.544519687,3.0,-0.58 to -0.37
899,19159,Iowa,Ringgold,99,0.855099249,2.0,-1.07 to -0.71,0.670236595,2.0,-0.81 to -0.58
900,19161,Iowa,Sac,99,0.960499451,2.0,-1.07 to -0.71,0.503485993,3.0,-0.58 to -0.37
901,19163,Iowa,Scott,99,0.705338536,3.0,-0.71 to -0.38,0.591743811,2.0,-0.81 to -0.58
902,19165,Iowa,Shelby,99,1.025586232,2.0,-1.07 to -0.71,0.675787119,2.0,-0.81 to -0.58
903,19167,Iowa,Sioux,99,1.603086514,1.0,-1.81 to -1.08,1.125524506,1.0,-1.61 to -0.81
904,19169,Iowa,Story,99,1.244626309,1.0,-1.81 to -1.08,0.854871464,1.0,-1.61 to -0.81
905,19171,Iowa,Tama,99,0.668785082,3.0,-0.71 to -0.38,0.277998628,4.0,-0.37 to -0.17
906,19173,Iowa,Taylor,99,0.678273663,3.0,-0.71 to -0.38,0.521723034,3.0,-0.58 to -0.37
907,19175,Iowa,Union,99,0.679975614,3.0,-0.71 to -0.38,0.553167648,3.0,-0.58 to -0.37
908,19177,Iowa,Van Buren,99,0.920618072,2.0,-1.07 to -0.71,0.028961152,5.0,-0.17 to 0.03
909,19179,Iowa,Wapello,99,0.369773729,4.0,-0.38 to -0.06,0.042113731,5.0,-0.17 to 0.03
910,19181,Iowa,Warren,99,1.016754843,2.0,-1.07 to -0.71,0.975046542,1.0,-1.61 to -0.81
911,19183,Iowa,Washington,99,1.237544274,1.0,-1.81 to -1.08,0.725372431,2.0,-0.81 to -0.58
912,19185,Iowa,Wayne,99,0.640161259,3.0,-0.71 to -0.38,0.169894504,5.0,-0.17 to 0.03
913,19187,Iowa,Webster,99,0.579109958,3.0,-0.71 to -0.38,0.292162276,4.0,-0.37 to -0.17
914,19189,Iowa,Winnebago,99,1.099956949,1.0,-1.81 to -1.08,0.716471206,2.0,-0.81 to -0.58
915,19191,Iowa,Winneshiek,99,1.515843356,1.0,-1.81 to -1.08,0.987277426,1.0,-1.61 to -0.81
916,19193,Iowa,Woodbury,99,0.395046684,3.0,-0.71 to -0.38,0.390713928,3.0,-0.58 to -0.37
917,19195,Iowa,Worth,99,0.913082728,2.0,-1.07 to -0.71,0.632158719,2.0,-0.81 to -0.58
918,19197,Iowa,Wright,99,0.911758859,2.0,-1.07 to -0.71,0.647277827,2.0,-0.81 to -0.58
920,20001,Kansas,Allen,104,0.134925529,4.0,-0.38 to -0.06,0.227937881,4.0,-0.37 to -0.17
921,20003,Kansas,Anderson,104,0.597351428,3.0,-0.71 to -0.38,0.108953158,5.0,-0.17 to 0.03
922,20005,Kansas,Atchison,104,0.447584612,3.0,-0.71 to -0.38,0.2214115,4.0,-0.37 to -0.17
923,20007,Kansas,Barber,104,0.524835962,3.0,-0.71 to -0.38,0.259759103,4.0,-0.37 to -0.17
924,20009,Kansas,Barton,104,0.2737502,4.0,-0.38 to -0.06,0.276381129,4.0,-0.37 to -0.17
925,20011,Kansas,Bourbon,104,0.114492199,4.0,-0.38 to -0.06,0.1330107,5.0,-0.17 to 0.03
926,20013,Kansas,Brown,104,0.278359865,4.0,-0.38 to -0.06,0.355992151,4.0,-0.37 to -0.17
927,20015,Kansas,Butler,104,0.652171764,3.0,-0.71 to -0.38,0.511436101,3.0,-0.58 to -0.37
928,20017,Kansas,Chase,104,0.367253346,4.0,-0.38 to -0.06,0.118246858,5.0,-0.17 to 0.03
929,20019,Kansas,Chautauqua,104,-0.2109822477,5.0,-0.05 to 0.27,-0.0465979892,6.0,0.03 to 0.24
930,20021,Kansas,Cherokee,104,-0.2636160008,5.0,-0.05 to 0.27,0.008442233,5.0,-0.17 to 0.03
931,20023,Kansas,Cheyenne,104,0.163395238,4.0,-0.38 to -0.06,0.277432878,4.0,-0.37 to -0.17
932,20025,Kansas,Clark,104,0.546452069,3.0,-0.71 to -0.38,0.452551728,3.0,-0.58 to -0.37
933,20027,Kansas,Clay,104,0.888924138,2.0,-1.07 to -0.71,0.455344283,3.0,-0.58 to -0.37
934,20029,Kansas,Cloud,104,0.34362068,4.0,-0.38 to -0.06,0.606330956,2.0,-0.81 to -0.58
935,20031,Kansas,Coffey,104,0.698977977,3.0,-0.71 to -0.38,0.420407732,3.0,-0.58 to -0.37
936,20033,Kansas,Comanche,104,0.540460391,3.0,-0.71 to -0.38,0.499205294,3.0,-0.58 to -0.37
937,20035,Kansas,Cowley,104,0.154998791,4.0,-0.38 to -0.06,0.233382521,4.0,-0.37 to -0.17
938,20037,Kansas,Crawford,104,0.130691411,4.0,-0.38 to -0.06,0.280922195,4.0,-0.37 to -0.17
939,20039,Kansas,Decatur,104,0.452069946,3.0,-0.71 to -0.38,0.584561356,2.0,-0.81 to -0.58
940,20041,Kansas,Dickinson,104,0.299894854,4.0,-0.38 to -0.06,0.484657959,3.0,-0.58 to -0.37
941,20043,Kansas,Doniphan,104,0.825038641,2.0,-1.07 to -0.71,0.245673528,4.0,-0.37 to -0.17
942,20045,Kansas,Douglas,104,0.923552092,2.0,-1.07 to -0.71,0.704886136,2.0,-0.81 to -0.58
943,20047,Kansas,Edwards,104,-1.1435246237,8.0,0.96 to 1.38,0.191714392,4.0,-0.37 to -0.17
944,20049,Kansas,Elk,104,0.085972776,4.0,-0.38 to -0.06,-0.1367429604,6.0,0.03 to 0.24
945,20051,Kansas,Ellis,104,1.053522923,2.0,-1.07 to -0.71,0.594330653,2.0,-0.81 to -0.58
946,20053,Kansas,Ellsworth,104,0.746679315,2.0,-1.07 to -0.71,0.491549285,3.0,-0.58 to -0.37
947,20055,Kansas,Finney,104,0.269645162,4.0,-0.38 to -0.06,0.103594823,5.0,-0.17 to 0.03
948,20057,Kansas,Ford,104,0.528984451,3.0,-0.71 to -0.38,0.068283536,5.0,-0.17 to 0.03
949,20059,Kansas,Franklin,104,0.539970417,3.0,-0.71 to -0.38,0.240623145,4.0,-0.37 to -0.17
950,20061,Kansas,Geary,104,-0.0450210088,5.0,-0.05 to 0.27,0.285870759,4.0,-0.37 to -0.17
951,20063,Kansas,Gove,104,0.639708453,3.0,-0.71 to -0.38,0.489164763,3.0,-0.58 to -0.37
952,20065,Kansas,Graham,104,-0.0129742642,5.0,-0.05 to 0.27,0.42985163,3.0,-0.58 to -0.37
953,20067,Kansas,Grant,104,0.742140345,2.0,-1.07 to -0.71,0.339724856,4.0,-0.37 to -0.17
954,20069,Kansas,Gray,104,0.801759945,2.0,-1.07 to -0.71,0.447882026,3.0,-0.58 to -0.37
955,20071,Kansas,Greeley,104,0.616564625,3.0,-0.71 to -0.38,0.63967074,2.0,-0.81 to -0.58
956,20073,Kansas,Greenwood,104,-0.1718516833,5.0,-0.05 to 0.27,0.137993539,5.0,-0.17 to 0.03
957,20075,Kansas,Hamilton,104,0.562361186,3.0,-0.71 to -0.38,0.366856643,4.0,-0.37 to -0.17
958,20077,Kansas,Harper,104,0.343291496,4.0,-0.38 to -0.06,0.172442355,5.0,-0.17 to 0.03
959,20079,Kansas,Harvey,104,0.27260308,4.0,-0.38 to -0.06,0.636630671,2.0,-0.81 to -0.58
960,20081,Kansas,Haskell,104,0.333313069,4.0,-0.38 to -0.06,0.22629615,4.0,-0.37 to -0.17
961,20083,Kansas,Hodgeman,104,0.572648838,3.0,-0.71 to -0.38,0.521776816,3.0,-0.58 to -0.37
962,20085,Kansas,Jackson,104,0.414377781,3.0,-0.71 to -0.38,0.437229035,3.0,-0.58 to -0.37
963,20087,Kansas,Jefferson,104,0.892853134,2.0,-1.07 to -0.71,0.521757604,3.0,-0.58 to -0.37
964,20089,Kansas,Jewell,104,0.358873571,4.0,-0.38 to -0.06,0.231558971,4.0,-0.37 to -0.17
965,20091,Kansas,Johnson,104,1.537316047,1.0,-1.81 to -1.08,1.133464345,1.0,-1.61 to -0.81
966,20093,Kansas,Kearny,104,0.213734419,4.0,-0.38 to -0.06,0.190818234,4.0,-0.37 to -0.17
967,20095,Kansas,Kingman,104,-1.2107994513,8.0,0.96 to 1.38,0.340676211,4.0,-0.37 to -0.17
968,20097,Kansas,Kiowa,104,0.582601883,3.0,-0.71 to -0.38,0.49132096,3.0,-0.58 to -0.37
969,20099,Kansas,Labette,104,0.27462793,4.0,-0.38 to -0.06,0.046416571,5.0,-0.17 to 0.03
970,20101,Kansas,Lane,104,0.452189392,3.0,-0.71 to -0.38,0.633478884,2.0,-0.81 to -0.58
971,20103,Kansas,Leavenworth,104,0.724698143,2.0,-1.07 to -0.71,0.541748361,3.0,-0.58 to -0.37
972,20105,Kansas,Lincoln,104,0.579878091,3.0,-0.71 to -0.38,0.256812417,4.0,-0.37 to -0.17
973,20107,Kansas,Linn,104,-0.0672839111,5.0,-0.05 to 0.27,0.188032903,4.0,-0.37 to -0.17
974,20109,Kansas,Logan,104,0.615037645,3.0,-0.71 to -0.38,0.4584969,3.0,-0.58 to -0.37
975,20111,Kansas,Lyon,104,0.47258371,3.0,-0.71 to -0.38,0.448912329,3.0,-0.58 to -0.37
976,20113,Kansas,McPherson,104,1.174429098,1.0,-1.81 to -1.08,0.774991373,2.0,-0.81 to -0.58
977,20115,Kansas,Marion,104,0.788209781,2.0,-1.07 to -0.71,0.424861946,3.0,-0.58 to -0.37
978,20117,Kansas,Marshall,104,0.754222883,2.0,-1.07 to -0.71,0.31786796,4.0,-0.37 to -0.17
979,20119,Kansas,Meade,104,0.258458517,4.0,-0.38 to -0.06,0.358458841,4.0,-0.37 to -0.17
980,20121,Kansas,Miami,104,0.97217637,2.0,-1.07 to -0.71,0.578387469,2.0,-0.81 to -0.58
981,20123,Kansas,Mitchell,104,0.843231758,2.0,-1.07 to -0.71,0.679217356,2.0,-0.81 to -0.58
982,20125,Kansas,Montgomery,104,-0.1983868833,5.0,-0.05 to 0.27,0.017585131,5.0,-0.17 to 0.03
983,20127,Kansas,Morris,104,0.558951012,3.0,-0.71 to -0.38,0.364846326,4.0,-0.37 to -0.17
984,20129,Kansas,Morton,104,0.081302736,4.0,-0.38 to -0.06,0.221253814,4.0,-0.37 to -0.17
985,20131,Kansas,Nemaha,104,1.318273735,1.0,-1.81 to -1.08,0.678718194,2.0,-0.81 to -0.58
986,20133,Kansas,Neosho,104,0.36418964,4.0,-0.38 to -0.06,0.170085965,5.0,-0.17 to 0.03
987,20135,Kansas,Ness,104,0.380829057,3.0,-0.71 to -0.38,0.352535576,4.0,-0.37 to -0.17
988,20137,Kansas,Norton,104,0.671578057,3.0,-0.71 to -0.38,0.384628568,3.0,-0.58 to -0.37
989,20139,Kansas,Osage,104,0.394528608,3.0,-0.71 to -0.38,0.375640495,3.0,-0.58 to -0.37
990,20141,Kansas,Osborne,104,0.797017883,2.0,-1.07 to -0.71,0.451171795,3.0,-0.58 to -0.37
991,20143,Kansas,Ottawa,104,0.374290921,4.0,-0.38 to -0.06,0.339259312,4.0,-0.37 to -0.17
992,20145,Kansas,Pawnee,104,0.226096978,4.0,-0.38 to -0.06,0.21516997,4.0,-0.37 to -0.17
993,20147,Kansas,Phillips,104,0.592087175,3.0,-0.71 to -0.38,0.612096402,2.0,-0.81 to -0.58
994,20149,Kansas,Pottawatomie,104,1.142209515,1.0,-1.81 to -1.08,0.664922858,2.0,-0.81 to -0.58
995,20151,Kansas,Pratt,104,0.497273079,3.0,-0.71 to -0.38,0.511367725,3.0,-0.58 to -0.37
996,20153,Kansas,Rawlins,104,0.233119969,4.0,-0.38 to -0.06,0.746989587,2.0,-0.81 to -0.58
997,20155,Kansas,Reno,104,0.418840263,3.0,-0.71 to -0.38,0.246257844,4.0,-0.37 to -0.17
998,20157,Kansas,Republic,104,1.017181703,2.0,-1.07 to -0.71,0.513077675,3.0,-0.58 to -0.37
999,20159,Kansas,Rice,104,0.756153997,2.0,-1.07 to -0.71,0.407715764,3.0,-0.58 to -0.37
1000,20161,Kansas,Riley,104,1.02150404,2.0,-1.07 to -0.71,0.605239105,2.0,-0.81 to -0.58
1001,20163,Kansas,Rooks,104,0.290671091,4.0,-0.38 to -0.06,0.570780424,3.0,-0.58 to -0.37
1002,20165,Kansas,Rush,104,-0.9241809301,7.0,0.6 to 0.95,0.248366014,4.0,-0.37 to -0.17
1003,20167,Kansas,Russell,104,0.254179704,4.0,-0.38 to -0.06,0.285634392,4.0,-0.37 to -0.17
1004,20169,Kansas,Saline,104,0.372810125,4.0,-0.38 to -0.06,0.598850227,2.0,-0.81 to -0.58
1005,20171,Kansas,Scott,104,0.322683049,4.0,-0.38 to -0.06,0.465530443,3.0,-0.58 to -0.37
1006,20173,Kansas,Sedgwick,104,0.226245779,4.0,-0.38 to -0.06,0.398296272,3.0,-0.58 to -0.37
1007,20175,Kansas,Seward,104,0.443762078,3.0,-0.71 to -0.38,-0.0729481778,6.0,0.03 to 0.24
1008,20177,Kansas,Shawnee,104,0.281365809,4.0,-0.38 to -0.06,0.387143135,3.0,-0.58 to -0.37
1009,20179,Kansas,Sheridan,104,0.498690336,3.0,-0.71 to -0.38,0.464109573,3.0,-0.58 to -0.37
1010,20181,Kansas,Sherman,104,0.395739711,3.0,-0.71 to -0.38,0.357525448,4.0,-0.37 to -0.17
1011,20183,Kansas,Smith,104,0.757302958,2.0,-1.07 to -0.71,0.661727031,2.0,-0.81 to -0.58
1012,20185,Kansas,Stafford,104,0.541028465,3.0,-0.71 to -0.38,0.429541781,3.0,-0.58 to -0.37
1013,20187,Kansas,Stanton,104,0.30673311,4.0,-0.38 to -0.06,0.357715418,4.0,-0.37 to -0.17
1014,20189,Kansas,Stevens,104,0.273993153,4.0,-0.38 to -0.06,0.037452483,5.0,-0.17 to 0.03
1015,20191,Kansas,Sumner,104,0.201907136,4.0,-0.38 to -0.06,0.234584628,4.0,-0.37 to -0.17
1016,20193,Kansas,Thomas,104,0.698358015,3.0,-0.71 to -0.38,0.671303356,2.0,-0.81 to -0.58
1017,20195,Kansas,Trego,104,0.609395561,3.0,-0.71 to -0.38,0.785738177,2.0,-0.81 to -0.58
1018,20197,Kansas,Wabaunsee,104,1.329882701,1.0,-1.81 to -1.08,0.693731052,2.0,-0.81 to -0.58
1020,20201,Kansas,Washington,104,0.577153654,3.0,-0.71 to -0.38,0.415017193,3.0,-0.58 to -0.37
1021,20203,Kansas,Wichita,104,0.545257753,3.0,-0.71 to -0.38,0.330290638,4.0,-0.37 to -0.17
1022,20205,Kansas,Wilson,104,0.101869712,4.0,-0.38 to -0.06,-0.0422164108,6.0,0.03 to 0.24
1023,20207,Kansas,Woodson,104,0.347894322,4.0,-0.38 to -0.06,0.111167259,5.0,-0.17 to 0.03
1024,20209,Kansas,Wyandotte,104,-0.3291436889,6.0,0.28 to 0.6,-0.3049511423,7.0,0.24 to 0.46
1026,21001,Kentucky,Adair,120,-0.5976157085,6.0,0.28 to 0.6,-0.4084538029,7.0,0.24 to 0.46
1027,21003,Kentucky,Allen,120,-0.3294920025,6.0,0.28 to 0.6,-0.3185682769,7.0,0.24 to 0.46
1028,21005,Kentucky,Anderson,120,0.213197482,4.0,-0.38 to -0.06,0.306641478,4.0,-0.37 to -0.17
1029,21007,Kentucky,Ballard,120,-0.3775413874,6.0,0.28 to 0.6,0.022785041,5.0,-0.17 to 0.03
1030,21009,Kentucky,Barren,120,-0.1550279124,5.0,-0.05 to 0.27,-0.2187049286,6.0,0.03 to 0.24
1031,21011,Kentucky,Bath,120,-1.0349906762,8.0,0.96 to 1.38,-0.7689095553,9.0,0.73 to 1.09
1032,21013,Kentucky,Bell,120,-1.7221471289,9.0,1.39 to 1.93,-0.8416793798,9.0,0.73 to 1.09
1033,21015,Kentucky,Boone,120,0.808968042,2.0,-1.07 to -0.71,0.630114864,2.0,-0.81 to -0.58
1034,21017,Kentucky,Bourbon,120,-0.2527313968,5.0,-0.05 to 0.27,-0.1116608108,6.0,0.03 to 0.24
1035,21019,Kentucky,Boyd,120,-0.6030694817,7.0,0.6 to 0.95,-0.2094003764,6.0,0.03 to 0.24
1036,21021,Kentucky,Boyle,120,-0.0252227551,5.0,-0.05 to 0.27,0.041610561,5.0,-0.17 to 0.03
1037,21023,Kentucky,Bracken,120,-0.6292099709,7.0,0.6 to 0.95,-0.3099218214,7.0,0.24 to 0.46
1038,21025,Kentucky,Breathitt,120,-1.6410188672,9.0,1.39 to 1.93,-1.3771667664,10.0,1.09 to 1.98
1039,21027,Kentucky,Breckinridge,120,-0.4404523193,6.0,0.28 to 0.6,-0.4883977036,8.0,0.47 to 0.72
1040,21029,Kentucky,Bullitt,120,0.112891146,4.0,-0.38 to -0.06,0.245425441,4.0,-0.37 to -0.17
1041,21031,Kentucky,Butler,120,-0.3399916628,6.0,0.28 to 0.6,-0.4944224938,8.0,0.47 to 0.72
1042,21033,Kentucky,Caldwell,120,-0.4306266451,6.0,0.28 to 0.6,-0.1346620357,6.0,0.03 to 0.24
1043,21035,Kentucky,Calloway,120,0.099477723,4.0,-0.38 to -0.06,0.128577178,5.0,-0.17 to 0.03
1044,21037,Kentucky,Campbell,120,0.641879542,3.0,-0.71 to -0.38,0.490468426,3.0,-0.58 to -0.37
1045,21039,Kentucky,Carlisle,120,-0.3006306238,6.0,0.28 to 0.6,0.01187954,5.0,-0.17 to 0.03
1046,21041,Kentucky,Carroll,120,-0.8739422956,7.0,0.6 to 0.95,-0.4680240405,8.0,0.47 to 0.72
1047,21043,Kentucky,Carter,120,-0.8872157548,7.0,0.6 to 0.95,-0.7394022957,9.0,0.73 to 1.09
1048,21045,Kentucky,Casey,120,-0.631836739,7.0,0.6 to 0.95,-0.8335419749,9.0,0.73 to 1.09
1049,21047,Kentucky,Christian,120,-0.5501240565,6.0,0.28 to 0.6,-0.1545932665,6.0,0.03 to 0.24
1050,21049,Kentucky,Clark,120,-0.3710303328,6.0,0.28 to 0.6,0.082490561,5.0,-0.17 to 0.03
1051,21051,Kentucky,Clay,120,-1.6251664435,9.0,1.39 to 1.93,-1.1253661473,10.0,1.09 to 1.98
1052,21053,Kentucky,Clinton,120,-0.6587060921,7.0,0.6 to 0.95,-0.6376423376,8.0,0.47 to 0.72
1053,21055,Kentucky,Crittenden,120,-0.5065771808,6.0,0.28 to 0.6,-0.4298473849,7.0,0.24 to 0.46
1054,21057,Kentucky,Cumberland,120,-0.3043607168,6.0,0.28 to 0.6,-0.9486313007,9.0,0.73 to 1.09
1055,21059,Kentucky,Daviess,120,0.076230264,4.0,-0.38 to -0.06,0.268021244,4.0,-0.37 to -0.17
1056,21061,Kentucky,Edmonson,120,0.189824999,4.0,-0.38 to -0.06,-0.3325379642,7.0,0.24 to 0.46
1057,21063,Kentucky,Elliott,120,-0.5584048735,6.0,0.28 to 0.6,-1.1080613538,10.0,1.09 to 1.98
1058,21065,Kentucky,Estill,120,-1.1684007685,8.0,0.96 to 1.38,-0.8989645423,9.0,0.73 to 1.09
1059,21067,Kentucky,Fayette,120,0.276246871,4.0,-0.38 to -0.06,0.453719916,3.0,-0.58 to -0.37
1060,21069,Kentucky,Fleming,120,-0.3920541254,6.0,0.28 to 0.6,-0.4123017333,7.0,0.24 to 0.46
1061,21071,Kentucky,Floyd,120,-1.8256450713,9.0,1.39 to 1.93,-0.8520413224,9.0,0.73 to 1.09
1062,21073,Kentucky,Franklin,120,-0.1773172318,5.0,-0.05 to 0.27,0.343348489,4.0,-0.37 to -0.17
1063,21075,Kentucky,Fulton,120,-1.6985172622,9.0,1.39 to 1.93,-0.7877474718,9.0,0.73 to 1.09
1064,21077,Kentucky,Gallatin,120,-0.6578295012,7.0,0.6 to 0.95,-0.2592397642,7.0,0.24 to 0.46
1065,21079,Kentucky,Garrard,120,-0.3886154892,6.0,0.28 to 0.6,-0.2572823466,7.0,0.24 to 0.46
1066,21081,Kentucky,Grant,120,-0.3776364926,6.0,0.28 to 0.6,-0.128174904,6.0,0.03 to 0.24
1067,21083,Kentucky,Graves,120,-0.2005954352,5.0,-0.05 to 0.27,-0.3090624491,7.0,0.24 to 0.46
1068,21085,Kentucky,Grayson,120,-0.6056108114,7.0,0.6 to 0.95,-0.5302914712,8.0,0.47 to 0.72
1069,21087,Kentucky,Green,120,-0.3743256118,6.0,0.28 to 0.6,-0.217210119,6.0,0.03 to 0.24
1070,21089,Kentucky,Greenup,120,-0.366244931,6.0,0.28 to 0.6,-0.1226424458,6.0,0.03 to 0.24
1071,21091,Kentucky,Hancock,120,0.100699481,4.0,-0.38 to -0.06,-0.051210703,6.0,0.03 to 0.24
1072,21093,Kentucky,Hardin,120,-0.0610678126,5.0,-0.05 to 0.27,0.347361639,4.0,-0.37 to -0.17
1073,21095,Kentucky,Harlan,120,-2.1467254958,10.0,1.95 to 3.17,-0.9606582018,9.0,0.73 to 1.09
1074,21097,Kentucky,Harrison,120,-0.1690369417,5.0,-0.05 to 0.27,-0.176780453,6.0,0.03 to 0.24
1075,21099,Kentucky,Hart,120,-0.3663958953,6.0,0.28 to 0.6,-0.4945985653,8.0,0.47 to 0.72
1076,21101,Kentucky,Henderson,120,-0.4932521635,6.0,0.28 to 0.6,0.046681949,5.0,-0.17 to 0.03
1077,21103,Kentucky,Henry,120,-0.31845344,6.0,0.28 to 0.6,-0.2364758186,6.0,0.03 to 0.24
1078,21105,Kentucky,Hickman,120,-0.6115777343,7.0,0.6 to 0.95,-0.2422204292,6.0,0.03 to 0.24
1079,21107,Kentucky,Hopkins,120,-0.2575385628,5.0,-0.05 to 0.27,-0.1106535619,6.0,0.03 to 0.24
1080,21109,Kentucky,Jackson,120,-0.9849795432,8.0,0.96 to 1.38,-1.0180348158,9.0,0.73 to 1.09
1081,21111,Kentucky,Jefferson,120,-0.2813557453,6.0,0.28 to 0.6,0.180540854,4.0,-0.37 to -0.17
1082,21113,Kentucky,Jessamine,120,0.202852146,4.0,-0.38 to -0.06,0.3053947,4.0,-0.37 to -0.17
1083,21115,Kentucky,Johnson,120,-1.3229838656,8.0,0.96 to 1.38,-0.642464859,8.0,0.47 to 0.72
1084,21117,Kentucky,Kenton,120,0.461751108,3.0,-0.71 to -0.38,0.40794315,3.0,-0.58 to -0.37
1085,21119,Kentucky,Knott,120,-1.928318022,9.0,1.39 to 1.93,-1.0949434191,10.0,1.09 to 1.98
1086,21121,Kentucky,Knox,120,-1.3122347313,8.0,0.96 to 1.38,-1.1198706772,10.0,1.09 to 1.98
1087,21123,Kentucky,Larue,120,-0.7174211005,7.0,0.6 to 0.95,-0.1837145869,6.0,0.03 to 0.24
1088,21125,Kentucky,Laurel,120,-0.3022431882,6.0,0.28 to 0.6,-0.3682070987,7.0,0.24 to 0.46
1089,21127,Kentucky,Lawrence,120,-0.9611260269,8.0,0.96 to 1.38,-0.6842218204,8.0,0.47 to 0.72
1090,21129,Kentucky,Lee,120,-1.6185518583,9.0,1.39 to 1.93,-1.1281122519,10.0,1.09 to 1.98
1091,21131,Kentucky,Leslie,120,-1.4710944151,9.0,1.39 to 1.93,-0.8927504188,9.0,0.73 to 1.09
1092,21133,Kentucky,Letcher,120,-1.5933762609,9.0,1.39 to 1.93,-0.8322913393,9.0,0.73 to 1.09
1093,21135,Kentucky,Lewis,120,-1.2509067391,8.0,0.96 to 1.38,-0.9471957498,9.0,0.73 to 1.09
1094,21137,Kentucky,Lincoln,120,-0.8767847423,7.0,0.6 to 0.95,-0.5449580721,8.0,0.47 to 0.72
1095,21139,Kentucky,Livingston,120,-0.4770198211,6.0,0.28 to 0.6,-0.2297576109,6.0,0.03 to 0.24
1096,21141,Kentucky,Logan,120,-0.1165597265,5.0,-0.05 to 0.27,-0.0890127629,6.0,0.03 to 0.24
1097,21143,Kentucky,Lyon,120,0.46788117,3.0,-0.71 to -0.38,-0.0656215948,6.0,0.03 to 0.24
1098,21145,Kentucky,McCracken,120,-0.1514719271,5.0,-0.05 to 0.27,0.20405828,4.0,-0.37 to -0.17
1099,21147,Kentucky,McCreary,120,-1.3197579774,8.0,0.96 to 1.38,-0.9315940769,9.0,0.73 to 1.09
1100,21149,Kentucky,McLean,120,0.162591466,4.0,-0.38 to -0.06,-0.1209826133,6.0,0.03 to 0.24
1101,21151,Kentucky,Madison,120,-0.0396051627,5.0,-0.05 to 0.27,0.158256466,5.0,-0.17 to 0.03
1102,21153,Kentucky,Magoffin,120,-2.0785046056,10.0,1.95 to 3.17,-1.2532807764,10.0,1.09 to 1.98
1103,21155,Kentucky,Marion,120,-0.699542098,7.0,0.6 to 0.95,-0.200742756,6.0,0.03 to 0.24
1104,21157,Kentucky,Marshall,120,0.166011675,4.0,-0.38 to -0.06,0.288762483,4.0,-0.37 to -0.17
1105,21159,Kentucky,Martin,120,-1.3006158393,8.0,0.96 to 1.38,-1.511663625,10.0,1.09 to 1.98
1106,21161,Kentucky,Mason,120,-0.2657941846,5.0,-0.05 to 0.27,-0.286783591,7.0,0.24 to 0.46
1107,21163,Kentucky,Meade,120,0.293603797,4.0,-0.38 to -0.06,0.042859099,5.0,-0.17 to 0.03
1108,21165,Kentucky,Menifee,120,-1.3375098751,8.0,0.96 to 1.38,-0.9634147254,9.0,0.73 to 1.09
1109,21167,Kentucky,Mercer,120,-0.1411548147,5.0,-0.05 to 0.27,0.10605859,5.0,-0.17 to 0.03
1110,21169,Kentucky,Metcalfe,120,-0.598667421,6.0,0.28 to 0.6,-0.4861119238,8.0,0.47 to 0.72
1111,21171,Kentucky,Monroe,120,-0.4977928316,6.0,0.28 to 0.6,-0.76794296,9.0,0.73 to 1.09
1112,21173,Kentucky,Montgomery,120,-0.5138258341,6.0,0.28 to 0.6,-0.2399193491,6.0,0.03 to 0.24
1113,21175,Kentucky,Morgan,120,-0.5019050335,6.0,0.28 to 0.6,-0.570049624,8.0,0.47 to 0.72
1114,21177,Kentucky,Muhlenberg,120,-0.5604537775,6.0,0.28 to 0.6,-0.4248214188,7.0,0.24 to 0.46
1115,21179,Kentucky,Nelson,120,0.276311557,4.0,-0.38 to -0.06,0.24154684,4.0,-0.37 to -0.17
1116,21181,Kentucky,Nicholas,120,-0.3326704765,6.0,0.28 to 0.6,-0.5355504798,8.0,0.47 to 0.72
1117,21183,Kentucky,Ohio,120,-0.3835229196,6.0,0.28 to 0.6,-0.3036332853,7.0,0.24 to 0.46
1118,21185,Kentucky,Oldham,120,1.291376025,1.0,-1.81 to -1.08,0.880347064,1.0,-1.61 to -0.81
1119,21187,Kentucky,Owen,120,-0.16853883,5.0,-0.05 to 0.27,-0.3840535711,7.0,0.24 to 0.46
1120,21189,Kentucky,Owsley,120,-2.0887908518,10.0,1.95 to 3.17,-1.3546734637,10.0,1.09 to 1.98
1121,21191,Kentucky,Pendleton,120,-0.4152885414,6.0,0.28 to 0.6,-0.4357300367,7.0,0.24 to 0.46
1122,21193,Kentucky,Perry,120,-1.8642128281,9.0,1.39 to 1.93,-0.6961486274,8.0,0.47 to 0.72
1123,21195,Kentucky,Pike,120,-1.4544513211,9.0,1.39 to 1.93,-0.7447126811,9.0,0.73 to 1.09
1124,21197,Kentucky,Powell,120,-1.1214068756,8.0,0.96 to 1.38,-0.7582355086,9.0,0.73 to 1.09
1125,21199,Kentucky,Pulaski,120,-0.6680452222,7.0,0.6 to 0.95,-0.2094819542,6.0,0.03 to 0.24
1126,21201,Kentucky,Robertson,120,-0.9381367036,7.0,0.6 to 0.95,-0.7693890654,9.0,0.73 to 1.09
1127,21203,Kentucky,Rockcastle,120,-1.2308196464,8.0,0.96 to 1.38,-0.5518528105,8.0,0.47 to 0.72
1128,21205,Kentucky,Rowan,120,-0.5063129971,6.0,0.28 to 0.6,-0.2487347036,7.0,0.24 to 0.46
1129,21207,Kentucky,Russell,120,-0.6359222697,7.0,0.6 to 0.95,-0.5143911632,8.0,0.47 to 0.72
1130,21209,Kentucky,Scott,120,0.492822027,3.0,-0.71 to -0.38,0.541676415,3.0,-0.58 to -0.37
1131,21211,Kentucky,Shelby,120,0.414427988,3.0,-0.71 to -0.38,0.400817469,3.0,-0.58 to -0.37
1132,21213,Kentucky,Simpson,120,-0.2123858237,5.0,-0.05 to 0.27,0.046425255,5.0,-0.17 to 0.03
1133,21215,Kentucky,Spencer,120,0.548047558,3.0,-0.71 to -0.38,0.362930392,4.0,-0.37 to -0.17
1134,21217,Kentucky,Taylor,120,-0.3351853411,6.0,0.28 to 0.6,0.109880315,5.0,-0.17 to 0.03
1135,21219,Kentucky,Todd,120,-0.2057001072,5.0,-0.05 to 0.27,-0.5818677201,8.0,0.47 to 0.72
1136,21221,Kentucky,Trigg,120,-0.5037799601,6.0,0.28 to 0.6,-0.0986202169,6.0,0.03 to 0.24
1137,21223,Kentucky,Trimble,120,-0.4841399071,6.0,0.28 to 0.6,-0.3409675974,7.0,0.24 to 0.46
1138,21225,Kentucky,Union,120,-0.6093359666,7.0,0.6 to 0.95,-0.3447558376,7.0,0.24 to 0.46
1139,21227,Kentucky,Warren,120,0.243656861,4.0,-0.38 to -0.06,0.231226344,4.0,-0.37 to -0.17
1140,21229,Kentucky,Washington,120,-0.1822988807,5.0,-0.05 to 0.27,-0.0241904695,5.0,-0.17 to 0.03
1141,21231,Kentucky,Wayne,120,-0.7633359392,7.0,0.6 to 0.95,-0.6404139684,8.0,0.47 to 0.72
1142,21233,Kentucky,Webster,120,-1.1630421255,8.0,0.96 to 1.38,-0.3055567672,7.0,0.24 to 0.46
1143,21235,Kentucky,Whitley,120,-1.3076480908,8.0,0.96 to 1.38,-0.5330858691,8.0,0.47 to 0.72
1144,21237,Kentucky,Wolfe,120,-2.1984913354,10.0,1.95 to 3.17,-1.3065800504,10.0,1.09 to 1.98
1145,21239,Kentucky,Woodford,120,0.474060544,3.0,-0.71 to -0.38,0.548675523,3.0,-0.58 to -0.37
1147,22001,Louisiana,Acadia,64,-0.9496572294,7.0,0.6 to 0.95,-0.7104354107,8.0,0.47 to 0.72
1148,22003,Louisiana,Allen,64,-0.7603714463,7.0,0.6 to 0.95,-0.7959857269,9.0,0.73 to 1.09
1149,22005,Louisiana,Ascension,64,0.142054544,4.0,-0.38 to -0.06,0.245502766,4.0,-0.37 to -0.17
1150,22007,Louisiana,Assumption,64,-0.8815779189,7.0,0.6 to 0.95,-0.5818262898,8.0,0.47 to 0.72
1151,22009,Louisiana,Avoyelles,64,-1.4695860934,9.0,1.39 to 1.93,-1.0551440136,9.0,0.73 to 1.09
1152,22011,Louisiana,Beauregard,64,-0.2935973947,6.0,0.28 to 0.6,-0.2902371118,7.0,0.24 to 0.46
1153,22013,Louisiana,Bienville,64,-2.1716391263,10.0,1.95 to 3.17,-0.9273765759,9.0,0.73 to 1.09
1154,22015,Louisiana,Bossier,64,-0.0832001763,5.0,-0.05 to 0.27,-0.0915689257,6.0,0.03 to 0.24
1155,22017,Louisiana,Caddo,64,-1.3340887442,8.0,0.96 to 1.38,-0.4994917433,8.0,0.47 to 0.72
1156,22019,Louisiana,Calcasieu,64,-0.5741583257,6.0,0.28 to 0.6,-0.0788169327,6.0,0.03 to 0.24
1157,22021,Louisiana,Caldwell,64,-1.0049487949,8.0,0.96 to 1.38,-1.019250576,9.0,0.73 to 1.09
1158,22023,Louisiana,Cameron,64,0.111414069,4.0,-0.38 to -0.06,0.187585147,4.0,-0.37 to -0.17
1159,22025,Louisiana,Catahoula,64,-0.894027751,7.0,0.6 to 0.95,-0.9695834663,9.0,0.73 to 1.09
1160,22027,Louisiana,Claiborne,64,-1.236086693,8.0,0.96 to 1.38,-1.2387821809,10.0,1.09 to 1.98
1161,22029,Louisiana,Concordia,64,-1.7012201419,9.0,1.39 to 1.93,-0.9346477031,9.0,0.73 to 1.09
1162,22031,Louisiana,De Soto,64,-0.7553113285,7.0,0.6 to 0.95,-0.6809628881,8.0,0.47 to 0.72
1163,22033,Louisiana,East Baton Rouge,64,-0.7796368365,7.0,0.6 to 0.95,-0.0021581854,5.0,-0.17 to 0.03
1164,22035,Louisiana,East Carroll,64,-1.7664991089,9.0,1.39 to 1.93,-1.766729976,10.0,1.09 to 1.98
1165,22037,Louisiana,East Feliciana,64,-0.9162633433,7.0,0.6 to 0.95,-0.2846738177,7.0,0.24 to 0.46
1166,22039,Louisiana,Evangeline,64,-1.2866382762,8.0,0.96 to 1.38,-0.9029996538,9.0,0.73 to 1.09
1167,22041,Louisiana,Franklin,64,-1.4731109782,9.0,1.39 to 1.93,-1.1935624097,10.0,1.09 to 1.98
1168,22043,Louisiana,Grant,64,-0.7542433543,7.0,0.6 to 0.95,-0.4939397562,8.0,0.47 to 0.72
1169,22045,Louisiana,Iberia,64,-1.0606572076,8.0,0.96 to 1.38,-0.5829865024,8.0,0.47 to 0.72
1170,22047,Louisiana,Iberville,64,-1.167335799,8.0,0.96 to 1.38,-0.4052374692,7.0,0.24 to 0.46
1171,22049,Louisiana,Jackson,64,-0.7328291153,7.0,0.6 to 0.95,-0.62918065,8.0,0.47 to 0.72
1172,22051,Louisiana,Jefferson,64,-0.3669606933,6.0,0.28 to 0.6,-0.0100812549,5.0,-0.17 to 0.03
1173,22053,Louisiana,Jefferson Davis,64,-0.7002238869,7.0,0.6 to 0.95,-0.5096136009,8.0,0.47 to 0.72
1174,22055,Louisiana,Lafayette,64,-0.0533489255,5.0,-0.05 to 0.27,0.057314754,5.0,-0.17 to 0.03
1175,22057,Louisiana,Lafourche,64,-0.422366416,6.0,0.28 to 0.6,-0.1858424553,6.0,0.03 to 0.24
1176,22059,Louisiana,LaSalle,64,-0.3227247122,6.0,0.28 to 0.6,-0.5532970816,8.0,0.47 to 0.72
1177,22061,Louisiana,Lincoln,64,-0.4736246701,6.0,0.28 to 0.6,-0.4462754589,7.0,0.24 to 0.46
1178,22063,Louisiana,Livingston,64,-0.2477946752,5.0,-0.05 to 0.27,-0.0697990402,6.0,0.03 to 0.24
1179,22065,Louisiana,Madison,64,-1.933410195,9.0,1.39 to 1.93,-1.1639421229,10.0,1.09 to 1.98
1180,22067,Louisiana,Morehouse,64,-2.2115609174,10.0,1.95 to 3.17,-1.1456941138,10.0,1.09 to 1.98
1181,22069,Louisiana,Natchitoches,64,-1.395433661,9.0,1.39 to 1.93,-0.6920924902,8.0,0.47 to 0.72
1182,22071,Louisiana,Orleans,64,-0.9627518737,8.0,0.96 to 1.38,-0.4317644892,7.0,0.24 to 0.46
1183,22073,Louisiana,Ouachita,64,-1.0359944544,8.0,0.96 to 1.38,-0.4469501646,7.0,0.24 to 0.46
1184,22075,Louisiana,Plaquemines,64,0.06107937,4.0,-0.38 to -0.06,-0.2207986994,6.0,0.03 to 0.24
1185,22077,Louisiana,Pointe Coupee,64,-0.9701898299,8.0,0.96 to 1.38,-0.5502722664,8.0,0.47 to 0.72
1186,22079,Louisiana,Rapides,64,-1.1195768031,8.0,0.96 to 1.38,-0.3004843484,7.0,0.24 to 0.46
1187,22081,Louisiana,Red River,64,-1.0223819219,8.0,0.96 to 1.38,-1.024139004,9.0,0.73 to 1.09
1188,22083,Louisiana,Richland,64,-1.4918972869,9.0,1.39 to 1.93,-0.9627541627,9.0,0.73 to 1.09
1189,22085,Louisiana,Sabine,64,-0.8428940097,7.0,0.6 to 0.95,-0.69436219,8.0,0.47 to 0.72
1190,22087,Louisiana,St. Bernard,64,-0.9298346311,7.0,0.6 to 0.95,-0.4781023127,8.0,0.47 to 0.72
1191,22089,Louisiana,St. Charles,64,-0.1425766892,5.0,-0.05 to 0.27,0.174356439,4.0,-0.37 to -0.17
1192,22091,Louisiana,St. Helena,64,-1.8015269447,9.0,1.39 to 1.93,-1.1278351927,10.0,1.09 to 1.98
1193,22093,Louisiana,St. James,64,-0.592255649,6.0,0.28 to 0.6,-0.236366698,6.0,0.03 to 0.24
1194,22095,Louisiana,St. John the Baptist,64,-0.7923068517,7.0,0.6 to 0.95,-0.2568423402,7.0,0.24 to 0.46
1195,22097,Louisiana,St. Landry,64,-1.5863006923,9.0,1.39 to 1.93,-0.8391751964,9.0,0.73 to 1.09
1196,22099,Louisiana,St. Martin,64,-0.4095890423,6.0,0.28 to 0.6,-0.5225709293,8.0,0.47 to 0.72
1197,22101,Louisiana,St. Mary,64,-0.9910371037,8.0,0.96 to 1.38,-0.652164636,8.0,0.47 to 0.72
1198,22103,Louisiana,St. Tammany,64,0.057502043,4.0,-0.38 to -0.06,0.203063576,4.0,-0.37 to -0.17
1199,22105,Louisiana,Tangipahoa,64,-0.7670860341,7.0,0.6 to 0.95,-0.5553334251,8.0,0.47 to 0.72
1200,22107,Louisiana,Tensas,64,-1.5269770575,9.0,1.39 to 1.93,-1.3705704405,10.0,1.09 to 1.98
1201,22109,Louisiana,Terrebonne,64,-0.6405986148,7.0,0.6 to 0.95,-0.1344242208,6.0,0.03 to 0.24
1202,22111,Louisiana,Union,64,-1.118756385,8.0,0.96 to 1.38,-0.8400695714,9.0,0.73 to 1.09
1203,22113,Louisiana,Vermilion,64,-0.3942667877,6.0,0.28 to 0.6,-0.3353698405,7.0,0.24 to 0.46
1204,22115,Louisiana,Vernon,64,-0.2148727214,5.0,-0.05 to 0.27,-0.2686142865,7.0,0.24 to 0.46
1205,22117,Louisiana,Washington,64,-1.8251400017,9.0,1.39 to 1.93,-0.8159007379,9.0,0.73 to 1.09
1206,22119,Louisiana,Webster,64,-1.7151296638,9.0,1.39 to 1.93,-0.7474520671,9.0,0.73 to 1.09
1207,22121,Louisiana,West Baton Rouge,64,-0.5303988201,6.0,0.28 to 0.6,0.238261494,4.0,-0.37 to -0.17
1208,22123,Louisiana,West Carroll,64,-0.907214216,7.0,0.6 to 0.95,-1.0208359069,9.0,0.73 to 1.09
1209,22125,Louisiana,West Feliciana,64,-0.5061805246,6.0,0.28 to 0.6,0.000208253,5.0,-0.17 to 0.03
1210,22127,Louisiana,Winn,64,-1.2479074654,8.0,0.96 to 1.38,-0.7665252751,9.0,0.73 to 1.09
1212,23001,Maine,Androscoggin,16,0.133352606,4.0,-0.38 to -0.06,0.422532947,3.0,-0.58 to -0.37
1213,23003,Maine,Aroostook,16,0.132520781,4.0,-0.38 to -0.06,0.10926466,5.0,-0.17 to 0.03
1214,23005,Maine,Cumberland,16,1.070945582,2.0,-1.07 to -0.71,0.838196463,1.0,-1.61 to -0.81
1215,23007,Maine,Franklin,16,0.288813288,4.0,-0.38 to -0.06,0.171371411,5.0,-0.17 to 0.03
1216,23009,Maine,Hancock,16,0.7841953,2.0,-1.07 to -0.71,0.62626756,2.0,-0.81 to -0.58
1217,23011,Maine,Kennebec,16,0.4079493,3.0,-0.71 to -0.38,0.509427019,3.0,-0.58 to -0.37
1218,23013,Maine,Knox,16,0.792167083,2.0,-1.07 to -0.71,0.557970927,3.0,-0.58 to -0.37
1219,23015,Maine,Lincoln,16,0.732906047,2.0,-1.07 to -0.71,0.480304785,3.0,-0.58 to -0.37
1220,23017,Maine,Oxford,16,0.131734304,4.0,-0.38 to -0.06,0.107160561,5.0,-0.17 to 0.03
1221,23019,Maine,Penobscot,16,0.254968111,4.0,-0.38 to -0.06,0.388107166,3.0,-0.58 to -0.37
1222,23021,Maine,Piscataquis,16,0.354227349,4.0,-0.38 to -0.06,0.005234918,5.0,-0.17 to 0.03
1223,23023,Maine,Sagadahoc,16,1.025352703,2.0,-1.07 to -0.71,0.69714058,2.0,-0.81 to -0.58
1224,23025,Maine,Somerset,16,-0.0366706076,5.0,-0.05 to 0.27,-0.0053103811,5.0,-0.17 to 0.03
1225,23027,Maine,Waldo,16,0.540778308,3.0,-0.71 to -0.38,0.248256589,4.0,-0.37 to -0.17
1226,23029,Maine,Washington,16,-0.3559816016,6.0,0.28 to 0.6,-0.2769448016,7.0,0.24 to 0.46
1227,23031,Maine,York,16,0.837306158,2.0,-1.07 to -0.71,0.559319395,3.0,-0.58 to -0.37
1229,24001,Maryland,Allegany,24,-0.3084390798,6.0,0.28 to 0.6,-0.0223495324,5.0,-0.17 to 0.03
1230,24003,Maryland,Anne Arundel,24,0.920377056,2.0,-1.07 to -0.71,0.900348644,1.0,-1.61 to -0.81
1231,24005,Maryland,Baltimore,24,0.436185176,3.0,-0.71 to -0.38,0.553073296,3.0,-0.58 to -0.37
1232,24009,Maryland,Calvert,24,1.014259704,2.0,-1.07 to -0.71,0.935411688,1.0,-1.61 to -0.81
1233,24011,Maryland,Caroline,24,-0.1560239875,5.0,-0.05 to 0.27,0.069302923,5.0,-0.17 to 0.03
1234,24013,Maryland,Carroll,24,1.033914872,2.0,-1.07 to -0.71,0.840945391,1.0,-1.61 to -0.81
1235,24015,Maryland,Cecil,24,0.072223983,4.0,-0.38 to -0.06,0.281962189,4.0,-0.37 to -0.17
1236,24017,Maryland,Charles,24,0.445023542,3.0,-0.71 to -0.38,0.702590977,2.0,-0.81 to -0.58
1237,24019,Maryland,Dorchester,24,-0.4906130868,6.0,0.28 to 0.6,0.147079109,5.0,-0.17 to 0.03
1238,24021,Maryland,Frederick,24,1.095541999,1.0,-1.81 to -1.08,0.890663975,1.0,-1.61 to -0.81
1239,24023,Maryland,Garrett,24,0.508869234,3.0,-0.71 to -0.38,0.370022558,4.0,-0.37 to -0.17
1240,24025,Maryland,Harford,24,0.842515484,2.0,-1.07 to -0.71,0.748996239,2.0,-0.81 to -0.58
1241,24027,Maryland,Howard,24,1.38268012,1.0,-1.81 to -1.08,1.158052541,1.0,-1.61 to -0.81
1242,24029,Maryland,Kent,24,0.558396627,3.0,-0.71 to -0.38,0.517454076,3.0,-0.58 to -0.37
1243,24031,Maryland,Montgomery,24,1.393181671,1.0,-1.81 to -1.08,0.976686764,1.0,-1.61 to -0.81
1244,24033,Maryland,Prince George's,24,0.467523772,3.0,-0.71 to -0.38,0.449599155,3.0,-0.58 to -0.37
1245,24035,Maryland,Queen Anne's,24,0.955634428,2.0,-1.07 to -0.71,0.725490375,2.0,-0.81 to -0.58
1246,24037,Maryland,St. Mary's,24,0.693608992,3.0,-0.71 to -0.38,0.552332547,3.0,-0.58 to -0.37
1247,24039,Maryland,Somerset,24,-0.2152120446,5.0,-0.05 to 0.27,-0.2817870191,7.0,0.24 to 0.46
1248,24041,Maryland,Talbot,24,0.657873741,3.0,-0.71 to -0.38,0.568209467,3.0,-0.58 to -0.37
1249,24043,Maryland,Washington,24,-0.1079238101,5.0,-0.05 to 0.27,0.215681828,4.0,-0.37 to -0.17
1250,24045,Maryland,Wicomico,24,-0.0451733974,5.0,-0.05 to 0.27,0.238989216,4.0,-0.37 to -0.17
1251,24047,Maryland,Worcester,24,0.846061326,2.0,-1.07 to -0.71,0.534123411,3.0,-0.58 to -0.37
1252,24510,Maryland,Baltimore City,24,-1.1695288431,8.0,0.96 to 1.38,-0.2308347254,6.0,0.03 to 0.24
1254,25001,Massachusetts,Barnstable,14,1.035408553,2.0,-1.07 to -0.71,0.623389788,2.0,-0.81 to -0.58
1255,25003,Massachusetts,Berkshire,14,0.364996461,4.0,-0.38 to -0.06,0.366692452,4.0,-0.37 to -0.17
1256,25005,Massachusetts,Bristol,14,0.39507291,3.0,-0.71 to -0.38,-0.0088432077,5.0,-0.17 to 0.03
1257,25007,Massachusetts,Dukes,14,1.37483445,1.0,-1.81 to -1.08,0.564830827,3.0,-0.58 to -0.37
1258,25009,Massachusetts,Essex,14,0.925847726,2.0,-1.07 to -0.71,0.327749003,4.0,-0.37 to -0.17
1259,25011,Massachusetts,Franklin,14,0.874771043,2.0,-1.07 to -0.71,0.402967035,3.0,-0.58 to -0.37
1260,25013,Massachusetts,Hampden,14,0.052572037,5.0,-0.05 to 0.27,-0.1498794577,6.0,0.03 to 0.24
1261,25015,Massachusetts,Hampshire,14,0.924598195,2.0,-1.07 to -0.71,0.759820819,2.0,-0.81 to -0.58
1262,25017,Massachusetts,Middlesex,14,1.410033228,1.0,-1.81 to -1.08,0.819845591,1.0,-1.61 to -0.81
1263,25019,Massachusetts,Nantucket,14,1.517358139,1.0,-1.81 to -1.08,0.546128837,3.0,-0.58 to -0.37
1264,25021,Massachusetts,Norfolk,14,1.408381251,1.0,-1.81 to -1.08,0.797218072,2.0,-0.81 to -0.58
1265,25023,Massachusetts,Plymouth,14,0.918686135,2.0,-1.07 to -0.71,0.504724714,3.0,-0.58 to -0.37
1266,25025,Massachusetts,Suffolk,14,0.787104881,2.0,-1.07 to -0.71,0.08980229,5.0,-0.17 to 0.03
1267,25027,Massachusetts,Worcester,14,0.799839067,2.0,-1.07 to -0.71,0.310442873,4.0,-0.37 to -0.17
1269,26001,Michigan,Alcona,83,0.032423259,5.0,-0.05 to 0.27,-0.1071535175,6.0,0.03 to 0.24
1270,26003,Michigan,Alger,83,0.427701073,3.0,-0.71 to -0.38,0.177504275,4.0,-0.37 to -0.17
1271,26005,Michigan,Allegan,83,0.744578809,2.0,-1.07 to -0.71,0.519124479,3.0,-0.58 to -0.37
1272,26007,Michigan,Alpena,83,0.358766914,4.0,-0.38 to -0.06,0.283929637,4.0,-0.37 to -0.17
1273,26009,Michigan,Antrim,83,0.846040194,2.0,-1.07 to -0.71,0.400464206,3.0,-0.58 to -0.37
1274,26011,Michigan,Arenac,83,-0.1081918788,5.0,-0.05 to 0.27,-0.0910707712,6.0,0.03 to 0.24
1275,26013,Michigan,Baraga,83,0.196967875,4.0,-0.38 to -0.06,-0.2248354773,6.0,0.03 to 0.24
1276,26015,Michigan,Barry,83,0.814832332,2.0,-1.07 to -0.71,0.32710461,4.0,-0.37 to -0.17
1277,26017,Michigan,Bay,83,0.273725105,4.0,-0.38 to -0.06,0.2620817,4.0,-0.37 to -0.17
1278,26019,Michigan,Benzie,83,0.547348675,3.0,-0.71 to -0.38,0.472593875,3.0,-0.58 to -0.37
1279,26021,Michigan,Berrien,83,0.210967608,4.0,-0.38 to -0.06,0.167301419,5.0,-0.17 to 0.03
1280,26023,Michigan,Branch,83,0.313106329,4.0,-0.38 to -0.06,0.037656075,5.0,-0.17 to 0.03
1281,26025,Michigan,Calhoun,83,-0.1900319036,5.0,-0.05 to 0.27,0.11351494,5.0,-0.17 to 0.03
1282,26027,Michigan,Cass,83,0.301343123,4.0,-0.38 to -0.06,0.006697847,5.0,-0.17 to 0.03
1283,26029,Michigan,Charlevoix,83,0.690297382,3.0,-0.71 to -0.38,0.632538845,2.0,-0.81 to -0.58
1284,26031,Michigan,Cheboygan,83,-0.0278803924,5.0,-0.05 to 0.27,-0.1748305603,6.0,0.03 to 0.24
1285,26033,Michigan,Chippewa,83,0.531379213,3.0,-0.71 to -0.38,0.11938553,5.0,-0.17 to 0.03
1286,26035,Michigan,Clare,83,-0.1683296742,5.0,-0.05 to 0.27,-0.4054353854,7.0,0.24 to 0.46
1287,26037,Michigan,Clinton,83,1.175755049,1.0,-1.81 to -1.08,0.769324509,2.0,-0.81 to -0.58
1288,26039,Michigan,Crawford,83,0.28511659,4.0,-0.38 to -0.06,0.044168056,5.0,-0.17 to 0.03
1289,26041,Michigan,Delta,83,0.548138212,3.0,-0.71 to -0.38,0.283588845,4.0,-0.37 to -0.17
1290,26043,Michigan,Dickinson,83,0.589772476,3.0,-0.71 to -0.38,0.62336896,2.0,-0.81 to -0.58
1291,26045,Michigan,Eaton,83,0.642764899,3.0,-0.71 to -0.38,0.602138591,2.0,-0.81 to -0.58
1292,26047,Michigan,Emmet,83,0.900266778,2.0,-1.07 to -0.71,0.61542689,2.0,-0.81 to -0.58
1293,26049,Michigan,Genesee,83,-0.4855813407,6.0,0.28 to 0.6,-0.0368954413,6.0,0.03 to 0.24
1294,26051,Michigan,Gladwin,83,0.003116235,5.0,-0.05 to 0.27,-0.1718297234,6.0,0.03 to 0.24
1295,26053,Michigan,Gogebic,83,0.347989678,4.0,-0.38 to -0.06,0.103612447,5.0,-0.17 to 0.03
1296,26055,Michigan,Grand Traverse,83,0.97789982,2.0,-1.07 to -0.71,0.851935222,1.0,-1.61 to -0.81
1297,26057,Michigan,Gratiot,83,0.503581479,3.0,-0.71 to -0.38,0.172735934,5.0,-0.17 to 0.03
1298,26059,Michigan,Hillsdale,83,0.280425333,4.0,-0.38 to -0.06,0.099131716,5.0,-0.17 to 0.03
1299,26061,Michigan,Houghton,83,0.814241549,2.0,-1.07 to -0.71,0.403017537,3.0,-0.58 to -0.37
1300,26063,Michigan,Huron,83,0.438613228,3.0,-0.71 to -0.38,0.275674415,4.0,-0.37 to -0.17
1301,26065,Michigan,Ingham,83,0.218284893,4.0,-0.38 to -0.06,0.420780604,3.0,-0.58 to -0.37
1302,26067,Michigan,Ionia,83,0.725007267,2.0,-1.07 to -0.71,0.328718773,4.0,-0.37 to -0.17
1303,26069,Michigan,Iosco,83,-0.2995436947,6.0,0.28 to 0.6,-0.118104387,6.0,0.03 to 0.24
1304,26071,Michigan,Iron,83,-0.2132384812,5.0,-0.05 to 0.27,-0.0972005595,6.0,0.03 to 0.24
1305,26073,Michigan,Isabella,83,0.095812633,4.0,-0.38 to -0.06,0.149571439,5.0,-0.17 to 0.03
1306,26075,Michigan,Jackson,83,0.044635994,5.0,-0.05 to 0.27,0.199407838,4.0,-0.37 to -0.17
1307,26077,Michigan,Kalamazoo,83,0.5399778,3.0,-0.71 to -0.38,0.543448585,3.0,-0.58 to -0.37
1308,26079,Michigan,Kalkaska,83,0.247279146,4.0,-0.38 to -0.06,-0.1005477644,6.0,0.03 to 0.24
1309,26081,Michigan,Kent,83,0.715598113,2.0,-1.07 to -0.71,0.625283735,2.0,-0.81 to -0.58
1310,26083,Michigan,Keweenaw,83,0.582475033,3.0,-0.71 to -0.38,0.189240179,4.0,-0.37 to -0.17
1311,26085,Michigan,Lake,83,-0.4081593177,6.0,0.28 to 0.6,-0.554782388,8.0,0.47 to 0.72
1312,26087,Michigan,Lapeer,83,0.412671083,3.0,-0.71 to -0.38,0.24443541,4.0,-0.37 to -0.17
1313,26089,Michigan,Leelanau,83,1.222624867,1.0,-1.81 to -1.08,0.80107422,2.0,-0.81 to -0.58
1314,26091,Michigan,Lenawee,83,0.379978771,3.0,-0.71 to -0.38,0.208453286,4.0,-0.37 to -0.17
1315,26093,Michigan,Livingston,83,1.234733387,1.0,-1.81 to -1.08,0.742240499,2.0,-0.81 to -0.58
1316,26095,Michigan,Luce,83,0.138711139,4.0,-0.38 to -0.06,-0.0211035162,5.0,-0.17 to 0.03
1317,26097,Michigan,Mackinac,83,0.613479022,3.0,-0.71 to -0.38,-0.0616364256,6.0,0.03 to 0.24
1318,26099,Michigan,Macomb,83,0.288850254,4.0,-0.38 to -0.06,0.428672665,3.0,-0.58 to -0.37
1319,26101,Michigan,Manistee,83,0.242838565,4.0,-0.38 to -0.06,0.135604605,5.0,-0.17 to 0.03
1320,26103,Michigan,Marquette,83,0.745941427,2.0,-1.07 to -0.71,0.527746327,3.0,-0.58 to -0.37
1321,26105,Michigan,Mason,83,0.493276028,3.0,-0.71 to -0.38,0.222382944,4.0,-0.37 to -0.17
1322,26107,Michigan,Mecosta,83,0.35502572,4.0,-0.38 to -0.06,-0.1131806869,6.0,0.03 to 0.24
1323,26109,Michigan,Menominee,83,0.604355572,3.0,-0.71 to -0.38,0.123689035,5.0,-0.17 to 0.03
1324,26111,Michigan,Midland,83,1.013300307,2.0,-1.07 to -0.71,0.496914355,3.0,-0.58 to -0.37
1325,26113,Michigan,Missaukee,83,0.585475156,3.0,-0.71 to -0.38,0.084660408,5.0,-0.17 to 0.03
1326,26115,Michigan,Monroe,83,0.368048934,4.0,-0.38 to -0.06,0.242727237,4.0,-0.37 to -0.17
1327,26117,Michigan,Montcalm,83,0.330212031,4.0,-0.38 to -0.06,0.014911795,5.0,-0.17 to 0.03
1328,26119,Michigan,Montmorency,83,-0.1797599122,5.0,-0.05 to 0.27,-0.320277214,7.0,0.24 to 0.46
1329,26121,Michigan,Muskegon,83,-0.1195041122,5.0,-0.05 to 0.27,0.236335957,4.0,-0.37 to -0.17
1330,26123,Michigan,Newaygo,83,0.30613761,4.0,-0.38 to -0.06,0.095484624,5.0,-0.17 to 0.03
1331,26125,Michigan,Oakland,83,1.043614522,2.0,-1.07 to -0.71,0.723727832,2.0,-0.81 to -0.58
1332,26127,Michigan,Oceana,83,0.342522831,4.0,-0.38 to -0.06,-0.0509403695,6.0,0.03 to 0.24
1333,26129,Michigan,Ogemaw,83,-0.1320101351,5.0,-0.05 to 0.27,-0.3439438464,7.0,0.24 to 0.46
1334,26131,Michigan,Ontonagon,83,-0.5034407671,6.0,0.28 to 0.6,-0.0592455732,6.0,0.03 to 0.24
1335,26133,Michigan,Osceola,83,0.261125563,4.0,-0.38 to -0.06,0.009665643,5.0,-0.17 to 0.03
1336,26135,Michigan,Oscoda,83,-0.1837282481,5.0,-0.05 to 0.27,-0.3046404611,7.0,0.24 to 0.46
1337,26137,Michigan,Otsego,83,0.320570488,4.0,-0.38 to -0.06,0.463055321,3.0,-0.58 to -0.37
1338,26139,Michigan,Ottawa,83,1.189511312,1.0,-1.81 to -1.08,0.73503238,2.0,-0.81 to -0.58
1339,26141,Michigan,Presque Isle,83,0.498751292,3.0,-0.71 to -0.38,0.090092544,5.0,-0.17 to 0.03
1340,26143,Michigan,Roscommon,83,-0.2004029449,5.0,-0.05 to 0.27,-0.0983857226,6.0,0.03 to 0.24
1341,26145,Michigan,Saginaw,83,-0.3196638346,6.0,0.28 to 0.6,0.064666469,5.0,-0.17 to 0.03
1342,26147,Michigan,St. Clair,83,0.240002553,4.0,-0.38 to -0.06,0.300673535,4.0,-0.37 to -0.17
1343,26149,Michigan,St. Joseph,83,0.099225028,4.0,-0.38 to -0.06,0.066141674,5.0,-0.17 to 0.03
1344,26151,Michigan,Sanilac,83,0.28131984,4.0,-0.38 to -0.06,0.034603309,5.0,-0.17 to 0.03
1345,26153,Michigan,Schoolcraft,83,0.022798696,5.0,-0.05 to 0.27,-0.0573773663,6.0,0.03 to 0.24
1346,26155,Michigan,Shiawassee,83,0.45798734,3.0,-0.71 to -0.38,0.162151044,5.0,-0.17 to 0.03
1347,26157,Michigan,Tuscola,83,0.261866564,4.0,-0.38 to -0.06,0.123532329,5.0,-0.17 to 0.03
1348,26159,Michigan,Van Buren,83,0.18991263,4.0,-0.38 to -0.06,-0.0369397545,6.0,0.03 to 0.24
1349,26161,Michigan,Washtenaw,83,1.050975265,2.0,-1.07 to -0.71,0.657216722,2.0,-0.81 to -0.58
1350,26163,Michigan,Wayne,83,-0.640305126,7.0,0.6 to 0.95,-0.4431042288,7.0,0.24 to 0.46
1351,26165,Michigan,Wexford,83,0.112605464,4.0,-0.38 to -0.06,0.190909275,4.0,-0.37 to -0.17
1353,27001,Minnesota,Aitkin,87,0.752698084,2.0,-1.07 to -0.71,0.095621841,5.0,-0.17 to 0.03
1354,27003,Minnesota,Anoka,87,1.087139646,1.0,-1.81 to -1.08,0.811253671,1.0,-1.61 to -0.81
1355,27005,Minnesota,Becker,87,0.914126737,2.0,-1.07 to -0.71,0.548441384,3.0,-0.58 to -0.37
1356,27007,Minnesota,Beltrami,87,-0.0095479256,5.0,-0.05 to 0.27,0.342341277,4.0,-0.37 to -0.17
1357,27009,Minnesota,Benton,87,0.983594519,2.0,-1.07 to -0.71,0.512616896,3.0,-0.58 to -0.37
1358,27011,Minnesota,Big Stone,87,0.652703601,3.0,-0.71 to -0.38,0.602940137,2.0,-0.81 to -0.58
1359,27013,Minnesota,Blue Earth,87,0.937650825,2.0,-1.07 to -0.71,0.743376309,2.0,-0.81 to -0.58
1360,27015,Minnesota,Brown,87,1.269446298,1.0,-1.81 to -1.08,0.850612609,1.0,-1.61 to -0.81
1361,27017,Minnesota,Carlton,87,0.845395013,2.0,-1.07 to -0.71,0.761819405,2.0,-0.81 to -0.58
1362,27019,Minnesota,Carver,87,1.811810208,1.0,-1.81 to -1.08,1.131102364,1.0,-1.61 to -0.81
1363,27021,Minnesota,Cass,87,0.135244769,4.0,-0.38 to -0.06,0.324612883,4.0,-0.37 to -0.17
1364,27023,Minnesota,Chippewa,87,0.689885705,3.0,-0.71 to -0.38,0.502501792,3.0,-0.58 to -0.37
1365,27025,Minnesota,Chisago,87,1.114901797,1.0,-1.81 to -1.08,0.768513875,2.0,-0.81 to -0.58
1366,27027,Minnesota,Clay,87,0.888179056,2.0,-1.07 to -0.71,0.743836768,2.0,-0.81 to -0.58
1367,27029,Minnesota,Clearwater,87,0.614007098,3.0,-0.71 to -0.38,-0.1793357075,6.0,0.03 to 0.24
1368,27031,Minnesota,Cook,87,0.867231342,2.0,-1.07 to -0.71,0.873332719,1.0,-1.61 to -0.81
1369,27033,Minnesota,Cottonwood,87,0.776649964,2.0,-1.07 to -0.71,0.411098297,3.0,-0.58 to -0.37
1370,27035,Minnesota,Crow Wing,87,0.962627608,2.0,-1.07 to -0.71,0.832544088,1.0,-1.61 to -0.81
1371,27037,Minnesota,Dakota,87,1.298051542,1.0,-1.81 to -1.08,0.914236813,1.0,-1.61 to -0.81
1372,27039,Minnesota,Dodge,87,1.349878522,1.0,-1.81 to -1.08,0.882185448,1.0,-1.61 to -0.81
1373,27041,Minnesota,Douglas,87,1.199644435,1.0,-1.81 to -1.08,0.864949124,1.0,-1.61 to -0.81
1374,27043,Minnesota,Faribault,87,0.860728928,2.0,-1.07 to -0.71,0.560213209,3.0,-0.58 to -0.37
1375,27045,Minnesota,Fillmore,87,1.147644216,1.0,-1.81 to -1.08,0.71711249,2.0,-0.81 to -0.58
1376,27047,Minnesota,Freeborn,87,0.582196524,3.0,-0.71 to -0.38,0.40409277,3.0,-0.58 to -0.37
1377,27049,Minnesota,Goodhue,87,1.191388432,1.0,-1.81 to -1.08,0.641266187,2.0,-0.81 to -0.58
1378,27051,Minnesota,Grant,87,0.557458652,3.0,-0.71 to -0.38,0.614736176,2.0,-0.81 to -0.58
1379,27053,Minnesota,Hennepin,87,1.013953466,2.0,-1.07 to -0.71,0.743232667,2.0,-0.81 to -0.58
1380,27055,Minnesota,Houston,87,1.307610591,1.0,-1.81 to -1.08,0.926652988,1.0,-1.61 to -0.81
1381,27057,Minnesota,Hubbard,87,1.019251955,2.0,-1.07 to -0.71,0.416694371,3.0,-0.58 to -0.37
1382,27059,Minnesota,Isanti,87,1.047605333,2.0,-1.07 to -0.71,0.485637116,3.0,-0.58 to -0.37
1383,27061,Minnesota,Itasca,87,0.511520059,3.0,-0.71 to -0.38,0.369173817,4.0,-0.37 to -0.17
1384,27063,Minnesota,Jackson,87,0.944498664,2.0,-1.07 to -0.71,0.692084338,2.0,-0.81 to -0.58
1385,27065,Minnesota,Kanabec,87,0.820098595,2.0,-1.07 to -0.71,0.15942557,5.0,-0.17 to 0.03
1386,27067,Minnesota,Kandiyohi,87,1.176505881,1.0,-1.81 to -1.08,0.568070125,3.0,-0.58 to -0.37
1387,27069,Minnesota,Kittson,87,1.139823616,1.0,-1.81 to -1.08,0.753525708,2.0,-0.81 to -0.58
1388,27071,Minnesota,Koochiching,87,0.468047981,3.0,-0.71 to -0.38,0.446483636,3.0,-0.58 to -0.37
1389,27073,Minnesota,Lac qui Parle,87,1.242820389,1.0,-1.81 to -1.08,0.583573581,2.0,-0.81 to -0.58
1390,27075,Minnesota,Lake,87,1.342065886,1.0,-1.81 to -1.08,0.506929003,3.0,-0.58 to -0.37
1391,27077,Minnesota,Lake of the Woods,87,0.937597521,2.0,-1.07 to -0.71,0.561464562,3.0,-0.58 to -0.37
1392,27079,Minnesota,Le Sueur,87,1.05494246,2.0,-1.07 to -0.71,0.636919208,2.0,-0.81 to -0.58
1393,27081,Minnesota,Lincoln,87,0.884128692,2.0,-1.07 to -0.71,0.478152487,3.0,-0.58 to -0.37
1394,27083,Minnesota,Lyon,87,1.122366127,1.0,-1.81 to -1.08,0.732176031,2.0,-0.81 to -0.58
1395,27085,Minnesota,McLeod,87,1.1364767,1.0,-1.81 to -1.08,0.588066314,2.0,-0.81 to -0.58
1396,27087,Minnesota,Mahnomen,87,-1.5882652025,9.0,1.39 to 1.93,-0.3699037098,7.0,0.24 to 0.46
1397,27089,Minnesota,Marshall,87,1.262591624,1.0,-1.81 to -1.08,0.467337169,3.0,-0.58 to -0.37
1398,27091,Minnesota,Martin,87,1.06280256,2.0,-1.07 to -0.71,0.560176445,3.0,-0.58 to -0.37
1399,27093,Minnesota,Meeker,87,1.276562338,1.0,-1.81 to -1.08,0.37933546,3.0,-0.58 to -0.37
1400,27095,Minnesota,Mille Lacs,87,0.048978046,5.0,-0.05 to 0.27,0.090538076,5.0,-0.17 to 0.03
1401,27097,Minnesota,Morrison,87,0.822495933,2.0,-1.07 to -0.71,0.419371139,3.0,-0.58 to -0.37
1402,27099,Minnesota,Mower,87,0.852224464,2.0,-1.07 to -0.71,0.353927975,4.0,-0.37 to -0.17
1403,27101,Minnesota,Murray,87,1.155000231,1.0,-1.81 to -1.08,0.627510502,2.0,-0.81 to -0.58
1404,27103,Minnesota,Nicollet,87,1.213749686,1.0,-1.81 to -1.08,0.938984628,1.0,-1.61 to -0.81
1405,27105,Minnesota,Nobles,87,0.792127444,2.0,-1.07 to -0.71,0.106296527,5.0,-0.17 to 0.03
1406,27107,Minnesota,Norman,87,0.746926244,2.0,-1.07 to -0.71,0.312133675,4.0,-0.37 to -0.17
1407,27109,Minnesota,Olmsted,87,1.316114282,1.0,-1.81 to -1.08,1.062849531,1.0,-1.61 to -0.81
1408,27111,Minnesota,Otter Tail,87,1.01281987,2.0,-1.07 to -0.71,0.552068648,3.0,-0.58 to -0.37
1409,27113,Minnesota,Pennington,87,0.87971879,2.0,-1.07 to -0.71,0.761331692,2.0,-0.81 to -0.58
1410,27115,Minnesota,Pine,87,0.567552345,3.0,-0.71 to -0.38,0.086792368,5.0,-0.17 to 0.03
1411,27117,Minnesota,Pipestone,87,0.649822235,3.0,-0.71 to -0.38,0.551420477,3.0,-0.58 to -0.37
1412,27119,Minnesota,Polk,87,1.045359292,2.0,-1.07 to -0.71,0.625155724,2.0,-0.81 to -0.58
1413,27121,Minnesota,Pope,87,0.652056661,3.0,-0.71 to -0.38,0.646033947,2.0,-0.81 to -0.58
1414,27123,Minnesota,Ramsey,87,0.542039231,3.0,-0.71 to -0.38,0.541405085,3.0,-0.58 to -0.37
1415,27125,Minnesota,Red Lake,87,0.651731049,3.0,-0.71 to -0.38,0.577945081,2.0,-0.81 to -0.58
1416,27127,Minnesota,Redwood,87,0.95203518,2.0,-1.07 to -0.71,0.494693865,3.0,-0.58 to -0.37
1417,27129,Minnesota,Renville,87,0.582127562,3.0,-0.71 to -0.38,0.408631675,3.0,-0.58 to -0.37
1418,27131,Minnesota,Rice,87,1.312974004,1.0,-1.81 to -1.08,0.608973072,2.0,-0.81 to -0.58
1419,27133,Minnesota,Rock,87,1.024137803,2.0,-1.07 to -0.71,0.85592419,1.0,-1.61 to -0.81
1420,27135,Minnesota,Roseau,87,0.794260698,2.0,-1.07 to -0.71,0.551339929,3.0,-0.58 to -0.37
1421,27137,Minnesota,St. Louis,87,0.529568589,3.0,-0.71 to -0.38,0.435222471,3.0,-0.58 to -0.37
1422,27139,Minnesota,Scott,87,1.420889488,1.0,-1.81 to -1.08,0.907772356,1.0,-1.61 to -0.81
1423,27141,Minnesota,Sherburne,87,1.384032782,1.0,-1.81 to -1.08,0.868252638,1.0,-1.61 to -0.81
1424,27143,Minnesota,Sibley,87,1.157641008,1.0,-1.81 to -1.08,0.336075873,4.0,-0.37 to -0.17
1425,27145,Minnesota,Stearns,87,0.989985975,2.0,-1.07 to -0.71,0.569950034,3.0,-0.58 to -0.37
1426,27147,Minnesota,Steele,87,1.131058205,1.0,-1.81 to -1.08,0.723015984,2.0,-0.81 to -0.58
1427,27149,Minnesota,Stevens,87,1.328112172,1.0,-1.81 to -1.08,0.822370011,1.0,-1.61 to -0.81
1428,27151,Minnesota,Swift,87,0.694798562,3.0,-0.71 to -0.38,0.450145319,3.0,-0.58 to -0.37
1429,27153,Minnesota,Todd,87,0.962445965,2.0,-1.07 to -0.71,0.142424619,5.0,-0.17 to 0.03
1430,27155,Minnesota,Traverse,87,0.994334373,2.0,-1.07 to -0.71,0.416523807,3.0,-0.58 to -0.37
1431,27157,Minnesota,Wabasha,87,1.277991228,1.0,-1.81 to -1.08,0.732889069,2.0,-0.81 to -0.58
1432,27159,Minnesota,Wadena,87,0.876806299,2.0,-1.07 to -0.71,0.229746406,4.0,-0.37 to -0.17
1433,27161,Minnesota,Waseca,87,1.130278418,1.0,-1.81 to -1.08,0.556082866,3.0,-0.58 to -0.37
1434,27163,Minnesota,Washington,87,1.569984928,1.0,-1.81 to -1.08,1.046792288,1.0,-1.61 to -0.81
1435,27165,Minnesota,Watonwan,87,1.069814629,2.0,-1.07 to -0.71,0.453319068,3.0,-0.58 to -0.37
1436,27167,Minnesota,Wilkin,87,0.804321344,2.0,-1.07 to -0.71,0.652298751,2.0,-0.81 to -0.58
1437,27169,Minnesota,Winona,87,1.059842873,2.0,-1.07 to -0.71,0.723641746,2.0,-0.81 to -0.58
1438,27171,Minnesota,Wright,87,1.439042312,1.0,-1.81 to -1.08,0.981875458,1.0,-1.61 to -0.81
1439,27173,Minnesota,Yellow Medicine,87,0.768517102,2.0,-1.07 to -0.71,0.545116736,3.0,-0.58 to -0.37
1441,28001,Mississippi,Adams,82,-1.128236094,8.0,0.96 to 1.38,-0.6925138056,8.0,0.47 to 0.72
1442,28003,Mississippi,Alcorn,82,-0.5909981738,6.0,0.28 to 0.6,-0.3357362793,7.0,0.24 to 0.46
1443,28005,Mississippi,Amite,82,-1.077741573,8.0,0.96 to 1.38,-0.718997822,8.0,0.47 to 0.72
1444,28007,Mississippi,Attala,82,-0.9609786255,8.0,0.96 to 1.38,-0.5018652453,8.0,0.47 to 0.72
1445,28009,Mississippi,Benton,82,-0.6859203342,7.0,0.6 to 0.95,-0.5571886336,8.0,0.47 to 0.72
1446,28011,Mississippi,Bolivar,82,-1.8125002807,9.0,1.39 to 1.93,-0.9553003122,9.0,0.73 to 1.09
1447,28013,Mississippi,Calhoun,82,-1.2179833903,8.0,0.96 to 1.38,-0.5190012125,8.0,0.47 to 0.72
1448,28015,Mississippi,Carroll,82,-1.2124565782,8.0,0.96 to 1.38,-0.735313957,9.0,0.73 to 1.09
1449,28017,Mississippi,Chickasaw,82,-1.2290331894,8.0,0.96 to 1.38,-0.5921162225,8.0,0.47 to 0.72
1450,28019,Mississippi,Choctaw,82,-0.4769922675,6.0,0.28 to 0.6,-0.3214705601,7.0,0.24 to 0.46
1451,28021,Mississippi,Claiborne,82,-1.9221275829,9.0,1.39 to 1.93,-0.9728757255,9.0,0.73 to 1.09
1452,28023,Mississippi,Clarke,82,-0.8115589183,7.0,0.6 to 0.95,-0.4731353667,8.0,0.47 to 0.72
1453,28025,Mississippi,Clay,82,-0.9963522467,8.0,0.96 to 1.38,-0.2837781803,7.0,0.24 to 0.46
1454,28027,Mississippi,Coahoma,82,-2.9085716282,10.0,1.95 to 3.17,-0.9587356423,9.0,0.73 to 1.09
1455,28029,Mississippi,Copiah,82,-1.257482898,8.0,0.96 to 1.38,-0.4967021682,8.0,0.47 to 0.72
1456,28031,Mississippi,Covington,82,-1.1645998558,8.0,0.96 to 1.38,-0.8059912665,9.0,0.73 to 1.09
1457,28033,Mississippi,DeSoto,82,0.06132734,4.0,-0.38 to -0.06,0.325343783,4.0,-0.37 to -0.17
1458,28035,Mississippi,Forrest,82,-0.8551178224,7.0,0.6 to 0.95,-0.0156964474,5.0,-0.17 to 0.03
1459,28037,Mississippi,Franklin,82,-0.8802075888,7.0,0.6 to 0.95,-0.319226331,7.0,0.24 to 0.46
1460,28039,Mississippi,George,82,-0.3947921575,6.0,0.28 to 0.6,-0.4515002939,7.0,0.24 to 0.46
1461,28041,Mississippi,Greene,82,0.293635076,4.0,-0.38 to -0.06,-0.6638197985,8.0,0.47 to 0.72
1462,28043,Mississippi,Grenada,82,-1.2485465309,8.0,0.96 to 1.38,-0.273905055,7.0,0.24 to 0.46
1463,28045,Mississippi,Hancock,82,-0.0735455412,5.0,-0.05 to 0.27,-0.2122121971,6.0,0.03 to 0.24
1464,28047,Mississippi,Harrison,82,-0.4658483695,6.0,0.28 to 0.6,-0.1388652877,6.0,0.03 to 0.24
1465,28049,Mississippi,Hinds,82,-1.3742830813,8.0,0.96 to 1.38,-0.2433952963,6.0,0.03 to 0.24
1466,28051,Mississippi,Holmes,82,-2.4655773868,10.0,1.95 to 3.17,-1.4277409431,10.0,1.09 to 1.98
1467,28053,Mississippi,Humphreys,82,-2.5125926223,10.0,1.95 to 3.17,-1.3331035349,10.0,1.09 to 1.98
1468,28055,Mississippi,Issaquena,82,-1.3942331636,9.0,1.39 to 1.93,-1.6608604436,10.0,1.09 to 1.98
1469,28057,Mississippi,Itawamba,82,-0.1722899084,5.0,-0.05 to 0.27,-6.98694e-05,5.0,-0.17 to 0.03
1470,28059,Mississippi,Jackson,82,-0.1666395679,5.0,-0.05 to 0.27,0.002474913,5.0,-0.17 to 0.03
1471,28061,Mississippi,Jasper,82,-1.3143092352,8.0,0.96 to 1.38,-0.6584278377,8.0,0.47 to 0.72
1472,28063,Mississippi,Jefferson,82,-1.6200093192,9.0,1.39 to 1.93,-0.9729613525,9.0,0.73 to 1.09
1473,28065,Mississippi,Jefferson Davis,82,-1.6696024661,9.0,1.39 to 1.93,-0.754627831,9.0,0.73 to 1.09
1474,28067,Mississippi,Jones,82,-0.6783179599,7.0,0.6 to 0.95,-0.4333151181,7.0,0.24 to 0.46
1475,28069,Mississippi,Kemper,82,-0.5626694304,6.0,0.28 to 0.6,-0.9050785785,9.0,0.73 to 1.09
1476,28071,Mississippi,Lafayette,82,0.50562872,3.0,-0.71 to -0.38,0.246786756,4.0,-0.37 to -0.17
1477,28073,Mississippi,Lamar,82,0.375395347,4.0,-0.38 to -0.06,0.269326534,4.0,-0.37 to -0.17
1478,28075,Mississippi,Lauderdale,82,-1.1103775307,8.0,0.96 to 1.38,-0.4561808012,7.0,0.24 to 0.46
1479,28077,Mississippi,Lawrence,82,-1.1003391286,8.0,0.96 to 1.38,-0.8294559521,9.0,0.73 to 1.09
1480,28079,Mississippi,Leake,82,-0.8578524843,7.0,0.6 to 0.95,-0.5019285801,8.0,0.47 to 0.72
1481,28081,Mississippi,Lee,82,-0.5340491329,6.0,0.28 to 0.6,0.162748316,5.0,-0.17 to 0.03
1482,28083,Mississippi,Leflore,82,-2.4397760134,10.0,1.95 to 3.17,-1.032462325,9.0,0.73 to 1.09
1483,28085,Mississippi,Lincoln,82,-0.6558480686,7.0,0.6 to 0.95,-0.3444495234,7.0,0.24 to 0.46
1484,28087,Mississippi,Lowndes,82,-0.7139803807,7.0,0.6 to 0.95,-0.2553199911,7.0,0.24 to 0.46
1485,28089,Mississippi,Madison,82,0.555544096,3.0,-0.71 to -0.38,0.557571746,3.0,-0.58 to -0.37
1486,28091,Mississippi,Marion,82,-1.4429052191,9.0,1.39 to 1.93,-0.5468291057,8.0,0.47 to 0.72
1487,28093,Mississippi,Marshall,82,-1.2014485184,8.0,0.96 to 1.38,-0.671703266,8.0,0.47 to 0.72
1488,28095,Mississippi,Monroe,82,-1.0274294356,8.0,0.96 to 1.38,-0.3174891369,7.0,0.24 to 0.46
1489,28097,Mississippi,Montgomery,82,-1.671197782,9.0,1.39 to 1.93,-0.9253086275,9.0,0.73 to 1.09
1490,28099,Mississippi,Neshoba,82,-1.6712373638,9.0,1.39 to 1.93,-0.6399246522,8.0,0.47 to 0.72
1491,28101,Mississippi,Newton,82,-1.1247944872,8.0,0.96 to 1.38,-0.37509587,7.0,0.24 to 0.46
1492,28103,Mississippi,Noxubee,82,-1.0170924586,8.0,0.96 to 1.38,-1.0617760057,9.0,0.73 to 1.09
1493,28105,Mississippi,Oktibbeha,82,-0.2229846309,5.0,-0.05 to 0.27,-0.3166978581,7.0,0.24 to 0.46
1494,28107,Mississippi,Panola,82,-1.138703819,8.0,0.96 to 1.38,-0.6614585069,8.0,0.47 to 0.72
1495,28109,Mississippi,Pearl River,82,-0.636895043,7.0,0.6 to 0.95,-0.258047129,7.0,0.24 to 0.46
1496,28111,Mississippi,Perry,82,-0.794844881,7.0,0.6 to 0.95,-0.4518175843,7.0,0.24 to 0.46
1497,28113,Mississippi,Pike,82,-1.35111145,8.0,0.96 to 1.38,-0.693764832,8.0,0.47 to 0.72
1498,28115,Mississippi,Pontotoc,82,-0.2526650068,5.0,-0.05 to 0.27,-0.2355793095,6.0,0.03 to 0.24
1499,28117,Mississippi,Prentiss,82,-0.6605980793,7.0,0.6 to 0.95,-0.0951065495,6.0,0.03 to 0.24
1500,28119,Mississippi,Quitman,82,-2.0253195141,10.0,1.95 to 3.17,-1.1589130722,10.0,1.09 to 1.98
1501,28121,Mississippi,Rankin,82,0.366663516,4.0,-0.38 to -0.06,0.350926267,4.0,-0.37 to -0.17
1502,28123,Mississippi,Scott,82,-1.2006189492,8.0,0.96 to 1.38,-0.5420118662,8.0,0.47 to 0.72
1503,28125,Mississippi,Sharkey,82,-2.4195538486,10.0,1.95 to 3.17,-1.340874191,10.0,1.09 to 1.98
1504,28127,Mississippi,Simpson,82,-0.9986125536,8.0,0.96 to 1.38,-0.4485275806,7.0,0.24 to 0.46
1505,28129,Mississippi,Smith,82,-0.7483568105,7.0,0.6 to 0.95,-0.6216871802,8.0,0.47 to 0.72
1506,28131,Mississippi,Stone,82,-0.7325265642,7.0,0.6 to 0.95,-0.4257155617,7.0,0.24 to 0.46
1507,28133,Mississippi,Sunflower,82,-1.8486613057,9.0,1.39 to 1.93,-1.2324195342,10.0,1.09 to 1.98
1508,28135,Mississippi,Tallahatchie,82,-1.1267139071,8.0,0.96 to 1.38,-0.8508098345,9.0,0.73 to 1.09
1509,28137,Mississippi,Tate,82,-0.5395976272,6.0,0.28 to 0.6,-0.2679843526,7.0,0.24 to 0.46
1510,28139,Mississippi,Tippah,82,-0.5953765724,6.0,0.28 to 0.6,-0.1963525519,6.0,0.03 to 0.24
1511,28141,Mississippi,Tishomingo,82,-0.783499713,7.0,0.6 to 0.95,-0.5495605599,8.0,0.47 to 0.72
1512,28143,Mississippi,Tunica,82,-2.3635539868,10.0,1.95 to 3.17,-1.0523660699,9.0,0.73 to 1.09
1513,28145,Mississippi,Union,82,-0.1531571898,5.0,-0.05 to 0.27,-0.1390330803,6.0,0.03 to 0.24
1514,28147,Mississippi,Walthall,82,-1.099664254,8.0,0.96 to 1.38,-0.8874364957,9.0,0.73 to 1.09
1515,28149,Mississippi,Warren,82,-0.9554195513,8.0,0.96 to 1.38,-0.2537795495,7.0,0.24 to 0.46
1516,28151,Mississippi,Washington,82,-1.9878846111,10.0,1.95 to 3.17,-1.2363234274,10.0,1.09 to 1.98
1517,28153,Mississippi,Wayne,82,-1.2409512015,8.0,0.96 to 1.38,-0.6391725072,8.0,0.47 to 0.72
1518,28155,Mississippi,Webster,82,-1.0355977234,8.0,0.96 to 1.38,-0.3089861813,7.0,0.24 to 0.46
1519,28157,Mississippi,Wilkinson,82,-1.7373766403,9.0,1.39 to 1.93,-0.9234828741,9.0,0.73 to 1.09
1520,28159,Mississippi,Winston,82,-1.0080880611,8.0,0.96 to 1.38,-0.6804889398,8.0,0.47 to 0.72
1521,28161,Mississippi,Yalobusha,82,-1.28652697,8.0,0.96 to 1.38,-0.7240602242,8.0,0.47 to 0.72
1522,28163,Mississippi,Yazoo,82,-1.3911815625,9.0,1.39 to 1.93,-1.0228266726,9.0,0.73 to 1.09
1524,29001,Missouri,Adair,115,0.027346764,5.0,-0.05 to 0.27,0.196436731,4.0,-0.37 to -0.17
1525,29003,Missouri,Andrew,115,0.784211698,2.0,-1.07 to -0.71,0.301522786,4.0,-0.37 to -0.17
1526,29005,Missouri,Atchison,115,0.334008509,4.0,-0.38 to -0.06,0.116212934,5.0,-0.17 to 0.03
1527,29007,Missouri,Audrain,115,-0.3802838924,6.0,0.28 to 0.6,-0.0989696524,6.0,0.03 to 0.24
1528,29009,Missouri,Barry,115,-0.1827019846,5.0,-0.05 to 0.27,-0.3086401081,7.0,0.24 to 0.46
1529,29011,Missouri,Barton,115,-0.186053226,5.0,-0.05 to 0.27,-0.3659696636,7.0,0.24 to 0.46
1530,29013,Missouri,Bates,115,0.179640202,4.0,-0.38 to -0.06,-0.3289503253,7.0,0.24 to 0.46
1531,29015,Missouri,Benton,115,-0.2984691268,6.0,0.28 to 0.6,-0.423441988,7.0,0.24 to 0.46
1532,29017,Missouri,Bollinger,115,-0.5003337455,6.0,0.28 to 0.6,-0.3141810135,7.0,0.24 to 0.46
1533,29019,Missouri,Boone,115,0.457290815,3.0,-0.71 to -0.38,0.546264536,3.0,-0.58 to -0.37
1534,29021,Missouri,Buchanan,115,-0.2853451045,6.0,0.28 to 0.6,0.003853672,5.0,-0.17 to 0.03
1535,29023,Missouri,Butler,115,-1.255008867,8.0,0.96 to 1.38,-0.4001358093,7.0,0.24 to 0.46
1536,29025,Missouri,Caldwell,115,-0.0468653553,5.0,-0.05 to 0.27,-0.037641008,6.0,0.03 to 0.24
1537,29027,Missouri,Callaway,115,0.224685658,4.0,-0.38 to -0.06,0.305026266,4.0,-0.37 to -0.17
1538,29029,Missouri,Camden,115,0.30847861,4.0,-0.38 to -0.06,0.03231967,5.0,-0.17 to 0.03
1539,29031,Missouri,Cape Girardeau,115,0.230359621,4.0,-0.38 to -0.06,0.412723817,3.0,-0.58 to -0.37
1540,29033,Missouri,Carroll,115,0.121337834,4.0,-0.38 to -0.06,0.028433507,5.0,-0.17 to 0.03
1541,29035,Missouri,Carter,115,-0.7076007216,7.0,0.6 to 0.95,-0.4308337748,7.0,0.24 to 0.46
1542,29037,Missouri,Cass,115,0.631050649,3.0,-0.71 to -0.38,0.431158179,3.0,-0.58 to -0.37
1543,29039,Missouri,Cedar,115,-0.1440898993,5.0,-0.05 to 0.27,-0.0771384443,6.0,0.03 to 0.24
1544,29041,Missouri,Chariton,115,0.322579853,4.0,-0.38 to -0.06,0.322273845,4.0,-0.37 to -0.17
1545,29043,Missouri,Christian,115,0.658128698,3.0,-0.71 to -0.38,0.533193085,3.0,-0.58 to -0.37
1546,29045,Missouri,Clark,115,0.316400839,4.0,-0.38 to -0.06,-0.11362875,6.0,0.03 to 0.24
1547,29047,Missouri,Clay,115,0.693854022,3.0,-0.71 to -0.38,0.645131789,2.0,-0.81 to -0.58
1548,29049,Missouri,Clinton,115,0.242839349,4.0,-0.38 to -0.06,0.282526555,4.0,-0.37 to -0.17
1549,29051,Missouri,Cole,115,0.47338881,3.0,-0.71 to -0.38,0.616639635,2.0,-0.81 to -0.58
1550,29053,Missouri,Cooper,115,0.472290985,3.0,-0.71 to -0.38,0.185086126,4.0,-0.37 to -0.17
1551,29055,Missouri,Crawford,115,-1.0149563466,8.0,0.96 to 1.38,-0.2966775779,7.0,0.24 to 0.46
1552,29057,Missouri,Dade,115,-0.4833012128,6.0,0.28 to 0.6,0.020748059,5.0,-0.17 to 0.03
1553,29059,Missouri,Dallas,115,-0.3489924745,6.0,0.28 to 0.6,-0.3963794364,7.0,0.24 to 0.46
1554,29061,Missouri,Daviess,115,0.184013273,4.0,-0.38 to -0.06,-0.2440771774,7.0,0.24 to 0.46
1555,29063,Missouri,DeKalb,115,0.177465604,4.0,-0.38 to -0.06,0.045525145,5.0,-0.17 to 0.03
1556,29065,Missouri,Dent,115,-0.7484868702,7.0,0.6 to 0.95,-0.283602343,7.0,0.24 to 0.46
1557,29067,Missouri,Douglas,115,-0.2610388216,5.0,-0.05 to 0.27,-0.3281142141,7.0,0.24 to 0.46
1558,29069,Missouri,Dunklin,115,-1.4628530039,9.0,1.39 to 1.93,-0.6612504087,8.0,0.47 to 0.72
1559,29071,Missouri,Franklin,115,0.104872626,4.0,-0.38 to -0.06,0.271254319,4.0,-0.37 to -0.17
1560,29073,Missouri,Gasconade,115,-0.3045411014,6.0,0.28 to 0.6,0.170562745,5.0,-0.17 to 0.03
1561,29075,Missouri,Gentry,115,0.404676877,3.0,-0.71 to -0.38,0.071703402,5.0,-0.17 to 0.03
1562,29077,Missouri,Greene,115,0.036115275,5.0,-0.05 to 0.27,0.281318935,4.0,-0.37 to -0.17
1563,29079,Missouri,Grundy,115,-0.1149792921,5.0,-0.05 to 0.27,-0.2666629383,7.0,0.24 to 0.46
1564,29081,Missouri,Harrison,115,0.348192202,4.0,-0.38 to -0.06,0.043693358,5.0,-0.17 to 0.03
1565,29083,Missouri,Henry,115,0.029499574,5.0,-0.05 to 0.27,-0.0342308441,6.0,0.03 to 0.24
1566,29085,Missouri,Hickory,115,-0.5514708781,6.0,0.28 to 0.6,-0.5037136462,8.0,0.47 to 0.72
1567,29087,Missouri,Holt,115,-0.033815616,5.0,-0.05 to 0.27,0.261464003,4.0,-0.37 to -0.17
1568,29089,Missouri,Howard,115,0.162886357,4.0,-0.38 to -0.06,-0.0181591179,5.0,-0.17 to 0.03
1569,29091,Missouri,Howell,115,-0.4815417334,6.0,0.28 to 0.6,-0.3030292972,7.0,0.24 to 0.46
1570,29093,Missouri,Iron,115,-1.1221660272,8.0,0.96 to 1.38,-0.5093727621,8.0,0.47 to 0.72
1571,29095,Missouri,Jackson,115,-0.2045608662,5.0,-0.05 to 0.27,0.122465618,5.0,-0.17 to 0.03
1572,29097,Missouri,Jasper,115,-0.0592878653,5.0,-0.05 to 0.27,-0.0361811343,6.0,0.03 to 0.24
1573,29099,Missouri,Jefferson,115,0.197613207,4.0,-0.38 to -0.06,0.313156974,4.0,-0.37 to -0.17
1574,29101,Missouri,Johnson,115,0.417452462,3.0,-0.71 to -0.38,0.320950157,4.0,-0.37 to -0.17
1575,29103,Missouri,Knox,115,0.086701392,4.0,-0.38 to -0.06,-0.3300612477,7.0,0.24 to 0.46
1576,29105,Missouri,Laclede,115,-0.3501581008,6.0,0.28 to 0.6,-0.144240602,6.0,0.03 to 0.24
1577,29107,Missouri,Lafayette,115,0.077475161,4.0,-0.38 to -0.06,0.185422962,4.0,-0.37 to -0.17
1578,29109,Missouri,Lawrence,115,-0.1021581009,5.0,-0.05 to 0.27,-0.1652618926,6.0,0.03 to 0.24
1579,29111,Missouri,Lewis,115,-0.0793228932,5.0,-0.05 to 0.27,-0.2575006294,7.0,0.24 to 0.46
1580,29113,Missouri,Lincoln,115,0.349807046,4.0,-0.38 to -0.06,0.101528139,5.0,-0.17 to 0.03
1581,29115,Missouri,Linn,115,0.265660461,4.0,-0.38 to -0.06,-0.0452729886,6.0,0.03 to 0.24
1582,29117,Missouri,Livingston,115,0.331165782,4.0,-0.38 to -0.06,0.146973616,5.0,-0.17 to 0.03
1583,29119,Missouri,McDonald,115,-0.6508988206,7.0,0.6 to 0.95,-0.577601534,8.0,0.47 to 0.72
1584,29121,Missouri,Macon,115,0.304905901,4.0,-0.38 to -0.06,0.181188449,4.0,-0.37 to -0.17
1585,29123,Missouri,Madison,115,-0.3911102515,6.0,0.28 to 0.6,-0.2622826769,7.0,0.24 to 0.46
1586,29125,Missouri,Maries,115,0.092983994,4.0,-0.38 to -0.06,-0.1349209992,6.0,0.03 to 0.24
1587,29127,Missouri,Marion,115,-0.218173775,5.0,-0.05 to 0.27,0.087819754,5.0,-0.17 to 0.03
1588,29129,Missouri,Mercer,115,0.461789897,3.0,-0.71 to -0.38,-0.1603773746,6.0,0.03 to 0.24
1589,29131,Missouri,Miller,115,0.026963611,5.0,-0.05 to 0.27,0.019680067,5.0,-0.17 to 0.03
1590,29133,Missouri,Mississippi,115,-1.3774986085,8.0,0.96 to 1.38,-0.6310096309,8.0,0.47 to 0.72
1591,29135,Missouri,Moniteau,115,0.317404425,4.0,-0.38 to -0.06,0.112671135,5.0,-0.17 to 0.03
1592,29137,Missouri,Monroe,115,-0.2360709591,5.0,-0.05 to 0.27,-0.2297660956,6.0,0.03 to 0.24
1593,29139,Missouri,Montgomery,115,-0.0756928335,5.0,-0.05 to 0.27,-0.1553479781,6.0,0.03 to 0.24
1594,29141,Missouri,Morgan,115,-0.2026302368,5.0,-0.05 to 0.27,-0.6009996199,8.0,0.47 to 0.72
1595,29143,Missouri,New Madrid,115,-1.2695842033,8.0,0.96 to 1.38,-0.5477855703,8.0,0.47 to 0.72
1596,29145,Missouri,Newton,115,-0.0238525748,5.0,-0.05 to 0.27,0.071537639,5.0,-0.17 to 0.03
1597,29147,Missouri,Nodaway,115,0.891258691,2.0,-1.07 to -0.71,0.266557941,4.0,-0.37 to -0.17
1598,29149,Missouri,Oregon,115,-0.7209676436,7.0,0.6 to 0.95,-0.5287631039,8.0,0.47 to 0.72
1599,29151,Missouri,Osage,115,0.887017977,2.0,-1.07 to -0.71,0.345878474,4.0,-0.37 to -0.17
1600,29153,Missouri,Ozark,115,-0.6216651972,7.0,0.6 to 0.95,-0.7114550511,8.0,0.47 to 0.72
1601,29155,Missouri,Pemiscot,115,-2.3469461468,10.0,1.95 to 3.17,-1.0253893832,9.0,0.73 to 1.09
1602,29157,Missouri,Perry,115,0.468049895,3.0,-0.71 to -0.38,0.025161901,5.0,-0.17 to 0.03
1603,29159,Missouri,Pettis,115,0.02959184,5.0,-0.05 to 0.27,0.093644101,5.0,-0.17 to 0.03
1604,29161,Missouri,Phelps,115,-0.2653462801,5.0,-0.05 to 0.27,0.124797132,5.0,-0.17 to 0.03
1605,29163,Missouri,Pike,115,0.036354883,5.0,-0.05 to 0.27,-0.372424714,7.0,0.24 to 0.46
1606,29165,Missouri,Platte,115,0.918231291,2.0,-1.07 to -0.71,0.655494617,2.0,-0.81 to -0.58
1607,29167,Missouri,Polk,115,0.022671743,5.0,-0.05 to 0.27,-0.0746556478,6.0,0.03 to 0.24
1608,29169,Missouri,Pulaski,115,0.139062453,4.0,-0.38 to -0.06,0.064801275,5.0,-0.17 to 0.03
1609,29171,Missouri,Putnam,115,0.078222584,4.0,-0.38 to -0.06,0.16671798,5.0,-0.17 to 0.03
1610,29173,Missouri,Ralls,115,-0.1058027719,5.0,-0.05 to 0.27,-0.0645651995,6.0,0.03 to 0.24
1611,29175,Missouri,Randolph,115,-0.1663534128,5.0,-0.05 to 0.27,0.089728264,5.0,-0.17 to 0.03
1612,29177,Missouri,Ray,115,-0.1190399392,5.0,-0.05 to 0.27,0.074653669,5.0,-0.17 to 0.03
1613,29179,Missouri,Reynolds,115,-0.3755540889,6.0,0.28 to 0.6,-0.3929647062,7.0,0.24 to 0.46
1614,29181,Missouri,Ripley,115,-1.3948685147,9.0,1.39 to 1.93,-0.6228678121,8.0,0.47 to 0.72
1615,29183,Missouri,St. Charles,115,0.886058758,2.0,-1.07 to -0.71,0.80101071,2.0,-0.81 to -0.58
1616,29185,Missouri,St. Clair,115,0.142467824,4.0,-0.38 to -0.06,-0.2507942473,7.0,0.24 to 0.46
1617,29186,Missouri,Ste. Genevieve,115,0.190097328,4.0,-0.38 to -0.06,0.027626466,5.0,-0.17 to 0.03
1618,29187,Missouri,St. Francois,115,-0.5323831791,6.0,0.28 to 0.6,-0.2239300274,6.0,0.03 to 0.24
1619,29189,Missouri,St. Louis,115,0.18122625,4.0,-0.38 to -0.06,0.612493432,2.0,-0.81 to -0.58
1620,29195,Missouri,Saline,115,-0.0010945817,5.0,-0.05 to 0.27,0.128647387,5.0,-0.17 to 0.03
1621,29197,Missouri,Schuyler,115,-0.0262921736,5.0,-0.05 to 0.27,-0.1539590428,6.0,0.03 to 0.24
1622,29199,Missouri,Scotland,115,0.364518035,4.0,-0.38 to -0.06,-0.2707699974,7.0,0.24 to 0.46
1623,29201,Missouri,Scott,115,-0.6551363086,7.0,0.6 to 0.95,-0.1801313532,6.0,0.03 to 0.24
1624,29203,Missouri,Shannon,115,-0.7016675596,7.0,0.6 to 0.95,-0.4095217552,7.0,0.24 to 0.46
1625,29205,Missouri,Shelby,115,0.200370008,4.0,-0.38 to -0.06,0.06061352,5.0,-0.17 to 0.03
1626,29207,Missouri,Stoddard,115,-0.4021426382,6.0,0.28 to 0.6,-0.361665432,7.0,0.24 to 0.46
1627,29209,Missouri,Stone,115,-0.2572533545,5.0,-0.05 to 0.27,-0.1186876693,6.0,0.03 to 0.24
1628,29211,Missouri,Sullivan,115,-0.3695931448,6.0,0.28 to 0.6,-0.2266715184,6.0,0.03 to 0.24
1629,29213,Missouri,Taney,115,-0.2896218626,6.0,0.28 to 0.6,-0.2004968561,6.0,0.03 to 0.24
1630,29215,Missouri,Texas,115,-0.4796338784,6.0,0.28 to 0.6,-0.4957138772,8.0,0.47 to 0.72
1631,29217,Missouri,Vernon,115,-0.2372270899,5.0,-0.05 to 0.27,-0.0757884746,6.0,0.03 to 0.24
1632,29219,Missouri,Warren,115,0.176895125,4.0,-0.38 to -0.06,0.215014853,4.0,-0.37 to -0.17
1633,29221,Missouri,Washington,115,-1.1538408319,8.0,0.96 to 1.38,-0.680558606,8.0,0.47 to 0.72
1634,29223,Missouri,Wayne,115,-0.9782105598,8.0,0.96 to 1.38,-0.7334455124,9.0,0.73 to 1.09
1635,29225,Missouri,Webster,115,0.242250564,4.0,-0.38 to -0.06,0.101104057,5.0,-0.17 to 0.03
1636,29227,Missouri,Worth,115,-0.0319248724,5.0,-0.05 to 0.27,0.162839854,5.0,-0.17 to 0.03
1637,29229,Missouri,Wright,115,-0.4424683192,6.0,0.28 to 0.6,-0.418352947,7.0,0.24 to 0.46
1638,29510,Missouri,St. Louis City,115,-1.200452417,8.0,0.96 to 1.38,-0.2776181964,7.0,0.24 to 0.46
1640,30001,Montana,Beaverhead,49,1.159132114,1.0,-1.81 to -1.08,0.656142469,2.0,-0.81 to -0.58
1641,30003,Montana,Big Horn,49,-1.8003789668,9.0,1.39 to 1.93,-0.5716090061,8.0,0.47 to 0.72
1642,30005,Montana,Blaine,49,-1.4294243226,9.0,1.39 to 1.93,-0.3708489253,7.0,0.24 to 0.46
1643,30007,Montana,Broadwater,49,0.789102688,2.0,-1.07 to -0.71,0.320925721,4.0,-0.37 to -0.17
1644,30009,Montana,Carbon,49,0.890479453,2.0,-1.07 to -0.71,0.386794471,3.0,-0.58 to -0.37
1645,30011,Montana,Carter,49,0.190784282,4.0,-0.38 to -0.06,0.145983816,5.0,-0.17 to 0.03
1646,30013,Montana,Cascade,49,0.268778175,4.0,-0.38 to -0.06,0.384719788,3.0,-0.58 to -0.37
1647,30015,Montana,Chouteau,49,0.007078544,5.0,-0.05 to 0.27,0.048093975,5.0,-0.17 to 0.03
1648,30017,Montana,Custer,49,0.504367362,3.0,-0.71 to -0.38,0.258580889,4.0,-0.37 to -0.17
1649,30019,Montana,Daniels,49,0.228771203,4.0,-0.38 to -0.06,0.506352266,3.0,-0.58 to -0.37
1650,30021,Montana,Dawson,49,0.551328467,3.0,-0.71 to -0.38,0.544295356,3.0,-0.58 to -0.37
1651,30023,Montana,Deer Lodge,49,-0.2929296872,6.0,0.28 to 0.6,0.203903213,4.0,-0.37 to -0.17
1652,30025,Montana,Fallon,49,0.546389234,3.0,-0.71 to -0.38,0.360104137,4.0,-0.37 to -0.17
1653,30027,Montana,Fergus,49,0.604706311,3.0,-0.71 to -0.38,0.494352554,3.0,-0.58 to -0.37
1654,30029,Montana,Flathead,49,0.661068257,3.0,-0.71 to -0.38,0.448798233,3.0,-0.58 to -0.37
1655,30031,Montana,Gallatin,49,1.299919608,1.0,-1.81 to -1.08,1.146976508,1.0,-1.61 to -0.81
1657,30035,Montana,Glacier,49,-2.3601881769,10.0,1.95 to 3.17,-0.8039664271,9.0,0.73 to 1.09
1658,30037,Montana,Golden Valley,49,0.100980467,4.0,-0.38 to -0.06,-0.2957714939,7.0,0.24 to 0.46
1659,30039,Montana,Granite,49,0.18968497,4.0,-0.38 to -0.06,-0.0116877603,5.0,-0.17 to 0.03
1660,30041,Montana,Hill,49,-0.0984814325,5.0,-0.05 to 0.27,0.084723462,5.0,-0.17 to 0.03
1661,30043,Montana,Jefferson,49,0.914443229,2.0,-1.07 to -0.71,0.631090691,2.0,-0.81 to -0.58
1662,30045,Montana,Judith Basin,49,0.347251411,4.0,-0.38 to -0.06,0.081374908,5.0,-0.17 to 0.03
1663,30047,Montana,Lake,49,-0.1382826844,5.0,-0.05 to 0.27,-0.1873128588,6.0,0.03 to 0.24
1664,30049,Montana,Lewis and Clark,49,0.852574927,2.0,-1.07 to -0.71,0.643758758,2.0,-0.81 to -0.58
1666,30053,Montana,Lincoln,49,0.185383801,4.0,-0.38 to -0.06,-0.5884044605,8.0,0.47 to 0.72
1668,30057,Montana,Madison,49,1.138347666,1.0,-1.81 to -1.08,0.439597439,3.0,-0.58 to -0.37
1669,30059,Montana,Meagher,49,0.226220609,4.0,-0.38 to -0.06,-0.0313324401,6.0,0.03 to 0.24
1670,30061,Montana,Mineral,49,0.095867507,4.0,-0.38 to -0.06,-0.0615795542,6.0,0.03 to 0.24
1671,30063,Montana,Missoula,49,0.804487443,2.0,-1.07 to -0.71,0.605582647,2.0,-0.81 to -0.58
1672,30065,Montana,Musselshell,49,0.198066152,4.0,-0.38 to -0.06,-0.0464999754,6.0,0.03 to 0.24
1673,30067,Montana,Park,49,0.621033945,3.0,-0.71 to -0.38,0.48229074,3.0,-0.58 to -0.37
1675,30071,Montana,Phillips,49,0.464207979,3.0,-0.71 to -0.38,0.129899295,5.0,-0.17 to 0.03
1676,30073,Montana,Pondera,49,0.045997038,5.0,-0.05 to 0.27,-0.2145443991,6.0,0.03 to 0.24
1678,30077,Montana,Powell,49,0.461896173,3.0,-0.71 to -0.38,0.083355071,5.0,-0.17 to 0.03
1679,30079,Montana,Prairie,49,-0.1130009325,5.0,-0.05 to 0.27,-0.3289223682,7.0,0.24 to 0.46
1680,30081,Montana,Ravalli,49,0.998001078,2.0,-1.07 to -0.71,0.396982442,3.0,-0.58 to -0.37
1681,30083,Montana,Richland,49,0.779254952,2.0,-1.07 to -0.71,0.492020545,3.0,-0.58 to -0.37
1682,30085,Montana,Roosevelt,49,-2.0752970186,10.0,1.95 to 3.17,-0.6579024532,8.0,0.47 to 0.72
1683,30087,Montana,Rosebud,49,-1.6908182682,9.0,1.39 to 1.93,-0.4922761715,8.0,0.47 to 0.72
1684,30089,Montana,Sanders,49,-0.1099195292,5.0,-0.05 to 0.27,-0.2580780797,7.0,0.24 to 0.46
1685,30091,Montana,Sheridan,49,0.587446761,3.0,-0.71 to -0.38,0.225154289,4.0,-0.37 to -0.17
1686,30093,Montana,Silver Bow,49,-0.085855738,5.0,-0.05 to 0.27,0.310568953,4.0,-0.37 to -0.17
1687,30095,Montana,Stillwater,49,0.760407723,2.0,-1.07 to -0.71,0.466702023,3.0,-0.58 to -0.37
1688,30097,Montana,Sweet Grass,49,0.39270435,3.0,-0.71 to -0.38,0.644432661,2.0,-0.81 to -0.58
1689,30099,Montana,Teton,49,0.359802372,4.0,-0.38 to -0.06,0.35299441,4.0,-0.37 to -0.17
1690,30101,Montana,Toole,49,-0.2716085298,5.0,-0.05 to 0.27,0.124122474,5.0,-0.17 to 0.03
1692,30105,Montana,Valley,49,0.398853499,3.0,-0.71 to -0.38,0.391181495,3.0,-0.58 to -0.37
1693,30107,Montana,Wheatland,49,0.062503152,4.0,-0.38 to -0.06,-0.5385185058,8.0,0.47 to 0.72
1695,30111,Montana,Yellowstone,49,0.295694358,4.0,-0.38 to -0.06,0.52236098,3.0,-0.58 to -0.37
1697,31001,Nebraska,Adams,79,0.743009722,2.0,-1.07 to -0.71,0.485993201,3.0,-0.58 to -0.37
1698,31003,Nebraska,Antelope,79,1.285041056,1.0,-1.81 to -1.08,0.630030813,2.0,-0.81 to -0.58
1702,31011,Nebraska,Boone,79,0.865463395,2.0,-1.07 to -0.71,0.708413923,2.0,-0.81 to -0.58
1703,31013,Nebraska,Box Butte,79,0.376104238,4.0,-0.38 to -0.06,0.479726881,3.0,-0.58 to -0.37
1704,31015,Nebraska,Boyd,79,0.484615956,3.0,-0.71 to -0.38,0.107136744,5.0,-0.17 to 0.03
1705,31017,Nebraska,Brown,79,0.883504313,2.0,-1.07 to -0.71,0.537263729,3.0,-0.58 to -0.37
1706,31019,Nebraska,Buffalo,79,0.969829071,2.0,-1.07 to -0.71,0.812993311,1.0,-1.61 to -0.81
1707,31021,Nebraska,Burt,79,0.134687486,4.0,-0.38 to -0.06,0.449822671,3.0,-0.58 to -0.37
1708,31023,Nebraska,Butler,79,1.401580118,1.0,-1.81 to -1.08,0.559962418,3.0,-0.58 to -0.37
1709,31025,Nebraska,Cass,79,0.990613493,2.0,-1.07 to -0.71,0.638271311,2.0,-0.81 to -0.58
1710,31027,Nebraska,Cedar,79,1.39420242,1.0,-1.81 to -1.08,0.793334737,2.0,-0.81 to -0.58
1711,31029,Nebraska,Chase,79,0.949485366,2.0,-1.07 to -0.71,0.410195738,3.0,-0.58 to -0.37
1712,31031,Nebraska,Cherry,79,0.678360397,3.0,-0.71 to -0.38,0.681684642,2.0,-0.81 to -0.58
1713,31033,Nebraska,Cheyenne,79,0.213890649,4.0,-0.38 to -0.06,0.439107964,3.0,-0.58 to -0.37
1714,31035,Nebraska,Clay,79,1.41025513,1.0,-1.81 to -1.08,0.490170741,3.0,-0.58 to -0.37
1715,31037,Nebraska,Colfax,79,1.309671062,1.0,-1.81 to -1.08,0.397847496,3.0,-0.58 to -0.37
1716,31039,Nebraska,Cuming,79,1.227892075,1.0,-1.81 to -1.08,0.530164743,3.0,-0.58 to -0.37
1717,31041,Nebraska,Custer,79,0.794338959,2.0,-1.07 to -0.71,0.372926421,4.0,-0.37 to -0.17
1718,31043,Nebraska,Dakota,79,0.783582662,2.0,-1.07 to -0.71,0.091904951,5.0,-0.17 to 0.03
1719,31045,Nebraska,Dawes,79,0.591101037,3.0,-0.71 to -0.38,0.684717919,2.0,-0.81 to -0.58
1720,31047,Nebraska,Dawson,79,0.828052638,2.0,-1.07 to -0.71,0.069900687,5.0,-0.17 to 0.03
1721,31049,Nebraska,Deuel,79,0.535103859,3.0,-0.71 to -0.38,0.228516467,4.0,-0.37 to -0.17
1722,31051,Nebraska,Dixon,79,1.35397683,1.0,-1.81 to -1.08,0.198009212,4.0,-0.37 to -0.17
1723,31053,Nebraska,Dodge,79,0.791250922,2.0,-1.07 to -0.71,0.576016141,3.0,-0.58 to -0.37
1724,31055,Nebraska,Douglas,79,0.706612863,3.0,-0.71 to -0.38,0.711735988,2.0,-0.81 to -0.58
1725,31057,Nebraska,Dundy,79,0.595842763,3.0,-0.71 to -0.38,0.236807092,4.0,-0.37 to -0.17
1726,31059,Nebraska,Fillmore,79,0.999670784,2.0,-1.07 to -0.71,0.767193996,2.0,-0.81 to -0.58
1727,31061,Nebraska,Franklin,79,0.888917667,2.0,-1.07 to -0.71,0.396903444,3.0,-0.58 to -0.37
1728,31063,Nebraska,Frontier,79,0.704088851,3.0,-0.71 to -0.38,0.482700095,3.0,-0.58 to -0.37
1729,31065,Nebraska,Furnas,79,0.388749922,3.0,-0.71 to -0.38,0.389581427,3.0,-0.58 to -0.37
1730,31067,Nebraska,Gage,79,0.673358971,3.0,-0.71 to -0.38,0.5290812,3.0,-0.58 to -0.37
1731,31069,Nebraska,Garden,79,0.663140912,3.0,-0.71 to -0.38,0.231777825,4.0,-0.37 to -0.17
1732,31071,Nebraska,Garfield,79,0.539577905,3.0,-0.71 to -0.38,0.626836554,2.0,-0.81 to -0.58
1733,31073,Nebraska,Gosper,79,0.836782819,2.0,-1.07 to -0.71,0.575231902,3.0,-0.58 to -0.37
1735,31077,Nebraska,Greeley,79,0.80692226,2.0,-1.07 to -0.71,0.357727982,4.0,-0.37 to -0.17
1736,31079,Nebraska,Hall,79,0.744941977,2.0,-1.07 to -0.71,0.471521896,3.0,-0.58 to -0.37
1737,31081,Nebraska,Hamilton,79,1.319101733,1.0,-1.81 to -1.08,0.986620633,1.0,-1.61 to -0.81
1738,31083,Nebraska,Harlan,79,0.659715051,3.0,-0.71 to -0.38,0.402970084,3.0,-0.58 to -0.37
1740,31087,Nebraska,Hitchcock,79,0.578772733,3.0,-0.71 to -0.38,0.045600902,5.0,-0.17 to 0.03
1741,31089,Nebraska,Holt,79,1.219060192,1.0,-1.81 to -1.08,0.510407099,3.0,-0.58 to -0.37
1743,31093,Nebraska,Howard,79,1.33728761,1.0,-1.81 to -1.08,0.665159056,2.0,-0.81 to -0.58
1744,31095,Nebraska,Jefferson,79,0.843736286,2.0,-1.07 to -0.71,0.358209655,4.0,-0.37 to -0.17
1745,31097,Nebraska,Johnson,79,1.191212699,1.0,-1.81 to -1.08,0.179263561,4.0,-0.37 to -0.17
1746,31099,Nebraska,Kearney,79,0.924944415,2.0,-1.07 to -0.71,0.813178744,1.0,-1.61 to -0.81
1747,31101,Nebraska,Keith,79,0.394710893,3.0,-0.71 to -0.38,0.536704497,3.0,-0.58 to -0.37
1749,31105,Nebraska,Kimball,79,0.46713672,3.0,-0.71 to -0.38,0.262203268,4.0,-0.37 to -0.17
1750,31107,Nebraska,Knox,79,0.857779314,2.0,-1.07 to -0.71,0.490337495,3.0,-0.58 to -0.37
1751,31109,Nebraska,Lancaster,79,1.093056721,1.0,-1.81 to -1.08,0.878109562,1.0,-1.61 to -0.81
1752,31111,Nebraska,Lincoln,79,0.375320003,4.0,-0.38 to -0.06,0.523934079,3.0,-0.58 to -0.37
1756,31119,Nebraska,Madison,79,1.054827484,2.0,-1.07 to -0.71,0.736103442,2.0,-0.81 to -0.58
1757,31121,Nebraska,Merrick,79,0.926173157,2.0,-1.07 to -0.71,0.632116068,2.0,-0.81 to -0.58
1758,31123,Nebraska,Morrill,79,0.408950887,3.0,-0.71 to -0.38,0.150962601,5.0,-0.17 to 0.03
1759,31125,Nebraska,Nance,79,0.384195694,3.0,-0.71 to -0.38,0.571608867,3.0,-0.58 to -0.37
1760,31127,Nebraska,Nemaha,79,0.561722887,3.0,-0.71 to -0.38,0.438516857,3.0,-0.58 to -0.37
1761,31129,Nebraska,Nuckolls,79,0.72522805,2.0,-1.07 to -0.71,0.509054365,3.0,-0.58 to -0.37
1762,31131,Nebraska,Otoe,79,0.879009435,2.0,-1.07 to -0.71,0.531992508,3.0,-0.58 to -0.37
1763,31133,Nebraska,Pawnee,79,0.687413668,3.0,-0.71 to -0.38,-0.0056900876,5.0,-0.17 to 0.03
1764,31135,Nebraska,Perkins,79,0.777964039,2.0,-1.07 to -0.71,0.70371354,2.0,-0.81 to -0.58
1765,31137,Nebraska,Phelps,79,1.233700023,1.0,-1.81 to -1.08,0.508984113,3.0,-0.58 to -0.37
1766,31139,Nebraska,Pierce,79,1.054269724,2.0,-1.07 to -0.71,0.779368053,2.0,-0.81 to -0.58
1767,31141,Nebraska,Platte,79,1.199129453,1.0,-1.81 to -1.08,0.617525605,2.0,-0.81 to -0.58
1768,31143,Nebraska,Polk,79,1.261499837,1.0,-1.81 to -1.08,0.757247243,2.0,-0.81 to -0.58
1769,31145,Nebraska,Red Willow,79,0.786919098,2.0,-1.07 to -0.71,0.446258156,3.0,-0.58 to -0.37
1770,31147,Nebraska,Richardson,79,0.802686113,2.0,-1.07 to -0.71,0.210663494,4.0,-0.37 to -0.17
1772,31151,Nebraska,Saline,79,0.989062676,2.0,-1.07 to -0.71,0.234574965,4.0,-0.37 to -0.17
1773,31153,Nebraska,Sarpy,79,1.340323569,1.0,-1.81 to -1.08,1.011289424,1.0,-1.61 to -0.81
1774,31155,Nebraska,Saunders,79,1.200394505,1.0,-1.81 to -1.08,0.878275694,1.0,-1.61 to -0.81
1775,31157,Nebraska,Scotts Bluff,79,0.301027425,4.0,-0.38 to -0.06,0.273394269,4.0,-0.37 to -0.17
1776,31159,Nebraska,Seward,79,1.434412762,1.0,-1.81 to -1.08,0.635711869,2.0,-0.81 to -0.58
1777,31161,Nebraska,Sheridan,79,0.848507152,2.0,-1.07 to -0.71,0.331308503,4.0,-0.37 to -0.17
1778,31163,Nebraska,Sherman,79,0.730058703,2.0,-1.07 to -0.71,0.514629985,3.0,-0.58 to -0.37
1780,31167,Nebraska,Stanton,79,0.807431211,2.0,-1.07 to -0.71,0.839328257,1.0,-1.61 to -0.81
1781,31169,Nebraska,Thayer,79,0.635183178,3.0,-0.71 to -0.38,0.559914967,3.0,-0.58 to -0.37
1783,31173,Nebraska,Thurston,79,-1.5595686157,9.0,1.39 to 1.93,-0.0900207366,6.0,0.03 to 0.24
1784,31175,Nebraska,Valley,79,0.93395966,2.0,-1.07 to -0.71,0.672471262,2.0,-0.81 to -0.58
1785,31177,Nebraska,Washington,79,1.458224309,1.0,-1.81 to -1.08,0.81751834,1.0,-1.61 to -0.81
1786,31179,Nebraska,Wayne,79,1.271769533,1.0,-1.81 to -1.08,0.701320554,2.0,-0.81 to -0.58
1787,31181,Nebraska,Webster,79,0.580798794,3.0,-0.71 to -0.38,0.399440861,3.0,-0.58 to -0.37
1789,31185,Nebraska,York,79,1.177632797,1.0,-1.81 to -1.08,0.784830753,2.0,-0.81 to -0.58
1791,32001,Nevada,Churchill,16,-0.0141221865,5.0,-0.05 to 0.27,-0.0876481881,6.0,0.03 to 0.24
1792,32003,Nevada,Clark,16,0.078523032,4.0,-0.38 to -0.06,-0.4119340887,7.0,0.24 to 0.46
1793,32005,Nevada,Douglas,16,0.499152177,3.0,-0.71 to -0.38,0.216953606,4.0,-0.37 to -0.17
1794,32007,Nevada,Elko,16,0.142058038,4.0,-0.38 to -0.06,0.202992738,4.0,-0.37 to -0.17
1796,32011,Nevada,Eureka,16,-0.2006163752,5.0,-0.05 to 0.27,0.287036193,4.0,-0.37 to -0.17
1797,32013,Nevada,Humboldt,16,-0.1835141834,5.0,-0.05 to 0.27,0.032374635,5.0,-0.17 to 0.03
1798,32015,Nevada,Lander,16,-0.4304429348,6.0,0.28 to 0.6,0.112028565,5.0,-0.17 to 0.03
1799,32017,Nevada,Lincoln,16,0.415945222,3.0,-0.71 to -0.38,-0.0039035692,5.0,-0.17 to 0.03
1800,32019,Nevada,Lyon,16,-0.0474465103,5.0,-0.05 to 0.27,-0.2488401913,7.0,0.24 to 0.46
1801,32021,Nevada,Mineral,16,-1.4842383531,9.0,1.39 to 1.93,-0.5762637525,8.0,0.47 to 0.72
1802,32023,Nevada,Nye,16,-0.4935098935,6.0,0.28 to 0.6,-0.7863603645,9.0,0.73 to 1.09
1803,32027,Nevada,Pershing,16,0.594311899,3.0,-0.71 to -0.38,-0.2866363907,7.0,0.24 to 0.46
1804,32029,Nevada,Storey,16,0.022771964,5.0,-0.05 to 0.27,0.089741014,5.0,-0.17 to 0.03
1805,32031,Nevada,Washoe,16,0.348880029,4.0,-0.38 to -0.06,0.030353431,5.0,-0.17 to 0.03
1806,32033,Nevada,White Pine,16,-0.0062684131,5.0,-0.05 to 0.27,0.171032479,5.0,-0.17 to 0.03
1807,32510,Nevada,Carson City,16,-0.1473220286,5.0,-0.05 to 0.27,0.120288291,5.0,-0.17 to 0.03
1809,33001,New Hampshire,Belknap,10,0.727535946,2.0,-1.07 to -0.71,0.573632806,3.0,-0.58 to -0.37
1810,33003,New Hampshire,Carroll,10,0.914376125,2.0,-1.07 to -0.71,0.577175142,3.0,-0.58 to -0.37
1811,33005,New Hampshire,Cheshire,10,0.87250307,2.0,-1.07 to -0.71,0.637198534,2.0,-0.81 to -0.58
1812,33007,New Hampshire,Coos,10,0.028324143,5.0,-0.05 to 0.27,0.227826426,4.0,-0.37 to -0.17
1813,33009,New Hampshire,Grafton,10,1.042693227,2.0,-1.07 to -0.71,0.742177939,2.0,-0.81 to -0.58
1814,33011,New Hampshire,Hillsborough,10,0.959375633,2.0,-1.07 to -0.71,0.803745792,2.0,-0.81 to -0.58
1815,33013,New Hampshire,Merrimack,10,0.959897092,2.0,-1.07 to -0.71,0.719205336,2.0,-0.81 to -0.58
1816,33015,New Hampshire,Rockingham,10,1.273147829,1.0,-1.81 to -1.08,0.85238766,1.0,-1.61 to -0.81
1817,33017,New Hampshire,Strafford,10,0.737580011,2.0,-1.07 to -0.71,0.587103828,2.0,-0.81 to -0.58
1818,33019,New Hampshire,Sullivan,10,0.588962268,3.0,-0.71 to -0.38,0.355827961,4.0,-0.37 to -0.17
1820,34001,New Jersey,Atlantic,21,0.237844507,4.0,-0.38 to -0.06,-0.130548503,6.0,0.03 to 0.24
1821,34003,New Jersey,Bergen,21,1.337667093,1.0,-1.81 to -1.08,0.656744107,2.0,-0.81 to -0.58
1822,34005,New Jersey,Burlington,21,0.918278653,2.0,-1.07 to -0.71,0.532990017,3.0,-0.58 to -0.37
1823,34007,New Jersey,Camden,21,0.299242406,4.0,-0.38 to -0.06,-0.0412366502,6.0,0.03 to 0.24
1824,34009,New Jersey,Cape May,21,0.56337484,3.0,-0.71 to -0.38,0.074634968,5.0,-0.17 to 0.03
1825,34011,New Jersey,Cumberland,21,-0.2021670342,5.0,-0.05 to 0.27,-0.7458496018,9.0,0.73 to 1.09
1826,34013,New Jersey,Essex,21,0.422498342,3.0,-0.71 to -0.38,-0.3869081651,7.0,0.24 to 0.46
1827,34015,New Jersey,Gloucester,21,0.713743012,2.0,-1.07 to -0.71,0.400072863,3.0,-0.58 to -0.37
1828,34017,New Jersey,Hudson,21,0.898171702,2.0,-1.07 to -0.71,-0.1484603921,6.0,0.03 to 0.24
1829,34019,New Jersey,Hunterdon,21,1.536430208,1.0,-1.81 to -1.08,0.765607707,2.0,-0.81 to -0.58
1830,34021,New Jersey,Mercer,21,0.655575081,3.0,-0.71 to -0.38,0.339937567,4.0,-0.37 to -0.17
1831,34023,New Jersey,Middlesex,21,1.123395116,1.0,-1.81 to -1.08,0.393992475,3.0,-0.58 to -0.37
1832,34025,New Jersey,Monmouth,21,1.192549494,1.0,-1.81 to -1.08,0.520654782,3.0,-0.58 to -0.37
1833,34027,New Jersey,Morris,21,1.652297251,1.0,-1.81 to -1.08,0.758528876,2.0,-0.81 to -0.58
1834,34029,New Jersey,Ocean,21,0.894467311,2.0,-1.07 to -0.71,0.198929818,4.0,-0.37 to -0.17
1835,34031,New Jersey,Passaic,21,0.438411365,3.0,-0.71 to -0.38,-0.3395645549,7.0,0.24 to 0.46
1836,34033,New Jersey,Salem,21,-0.1063875246,5.0,-0.05 to 0.27,-0.2909263695,7.0,0.24 to 0.46
1837,34035,New Jersey,Somerset,21,1.521396616,1.0,-1.81 to -1.08,0.782280859,2.0,-0.81 to -0.58
1838,34037,New Jersey,Sussex,21,1.094723164,1.0,-1.81 to -1.08,0.593083338,2.0,-0.81 to -0.58
1839,34039,New Jersey,Union,21,1.01692843,2.0,-1.07 to -0.71,0.118981455,5.0,-0.17 to 0.03
1840,34041,New Jersey,Warren,21,0.95943756,2.0,-1.07 to -0.71,0.391842229,3.0,-0.58 to -0.37
1842,35001,New Mexico,Bernalillo,32,-0.161177195,5.0,-0.05 to 0.27,-0.0024049033,5.0,-0.17 to 0.03
1843,35003,New Mexico,Catron,32,-0.6841594493,7.0,0.6 to 0.95,-0.5948652407,8.0,0.47 to 0.72
1844,35005,New Mexico,Chaves,32,-0.5681416598,6.0,0.28 to 0.6,-0.4969115998,8.0,0.47 to 0.72
1845,35006,New Mexico,Cibola,32,-1.4223545756,9.0,1.39 to 1.93,-0.7402072679,9.0,0.73 to 1.09
1846,35007,New Mexico,Colfax,32,-0.9557695498,8.0,0.96 to 1.38,0.101084786,5.0,-0.17 to 0.03
1847,35009,New Mexico,Curry,32,-0.2715413597,5.0,-0.05 to 0.27,-0.0823025935,6.0,0.03 to 0.24
1848,35011,New Mexico,De Baca,32,-1.1116592789,8.0,0.96 to 1.38,0.09532425,5.0,-0.17 to 0.03
1849,35013,New Mexico,Dona Ana,32,0.142061557,4.0,-0.38 to -0.06,-0.4028897613,7.0,0.24 to 0.46
1850,35015,New Mexico,Eddy,32,-0.3282394902,6.0,0.28 to 0.6,-0.2063218897,6.0,0.03 to 0.24
1851,35017,New Mexico,Grant,32,-0.5533466982,6.0,0.28 to 0.6,-0.208934147,6.0,0.03 to 0.24
1852,35019,New Mexico,Guadalupe,32,-0.4410035108,6.0,0.28 to 0.6,-0.4479812216,7.0,0.24 to 0.46
1854,35023,New Mexico,Hidalgo,32,-0.3056857968,6.0,0.28 to 0.6,-0.5129931461,8.0,0.47 to 0.72
1855,35025,New Mexico,Lea,32,-0.3979338897,6.0,0.28 to 0.6,-0.4390037322,7.0,0.24 to 0.46
1856,35027,New Mexico,Lincoln,32,-0.5448154322,6.0,0.28 to 0.6,0.118002049,5.0,-0.17 to 0.03
1857,35028,New Mexico,Los Alamos,32,1.680117879,1.0,-1.81 to -1.08,1.612948692,1.0,-1.61 to -0.81
1858,35029,New Mexico,Luna,32,-0.7480254902,7.0,0.6 to 0.95,-1.1950081486,10.0,1.09 to 1.98
1859,35031,New Mexico,McKinley,32,-3.033499063,10.0,1.95 to 3.17,-1.4356681413,10.0,1.09 to 1.98
1860,35033,New Mexico,Mora,32,-0.658859199,7.0,0.6 to 0.95,-0.5844300097,8.0,0.47 to 0.72
1861,35035,New Mexico,Otero,32,-0.1500765724,5.0,-0.05 to 0.27,-0.1781946753,6.0,0.03 to 0.24
1862,35037,New Mexico,Quay,32,-0.9684481572,8.0,0.96 to 1.38,-0.4839216616,8.0,0.47 to 0.72
1863,35039,New Mexico,Rio Arriba,32,-2.0931482512,10.0,1.95 to 3.17,-0.4848369117,8.0,0.47 to 0.72
1864,35041,New Mexico,Roosevelt,32,-0.0530159882,5.0,-0.05 to 0.27,-0.3364106845,7.0,0.24 to 0.46
1865,35043,New Mexico,Sandoval,32,0.013624035,5.0,-0.05 to 0.27,0.179222325,4.0,-0.37 to -0.17
1866,35045,New Mexico,San Juan,32,-1.3178691402,8.0,0.96 to 1.38,-0.5649598055,8.0,0.47 to 0.72
1867,35047,New Mexico,San Miguel,32,-0.9300500781,7.0,0.6 to 0.95,-0.6412421579,8.0,0.47 to 0.72
1868,35049,New Mexico,Santa Fe,32,0.068707543,4.0,-0.38 to -0.06,0.268199758,4.0,-0.37 to -0.17
1869,35051,New Mexico,Sierra,32,-1.0855402758,8.0,0.96 to 1.38,-0.6343369427,8.0,0.47 to 0.72
1870,35053,New Mexico,Socorro,32,-1.5487075546,9.0,1.39 to 1.93,-0.8262805703,9.0,0.73 to 1.09
1871,35055,New Mexico,Taos,32,-0.5582140125,6.0,0.28 to 0.6,-0.173655262,6.0,0.03 to 0.24
1872,35057,New Mexico,Torrance,32,-1.2273197992,8.0,0.96 to 1.38,-0.6052571929,8.0,0.47 to 0.72
1873,35059,New Mexico,Union,32,-0.3964112656,6.0,0.28 to 0.6,-0.1442133418,6.0,0.03 to 0.24
1874,35061,New Mexico,Valencia,32,-0.3913014096,6.0,0.28 to 0.6,-0.3922109538,7.0,0.24 to 0.46
1876,36001,New York,Albany,62,0.769054596,2.0,-1.07 to -0.71,0.506488552,3.0,-0.58 to -0.37
1877,36003,New York,Allegany,62,0.375730727,4.0,-0.38 to -0.06,0.101003319,5.0,-0.17 to 0.03
1878,36005,New York,Bronx,62,-0.3094283954,6.0,0.28 to 0.6,-1.1382515571,10.0,1.09 to 1.98
1879,36007,New York,Broome,62,0.26029203,4.0,-0.38 to -0.06,0.239300193,4.0,-0.37 to -0.17
1880,36009,New York,Cattaraugus,62,-0.0196067204,5.0,-0.05 to 0.27,-0.235345632,6.0,0.03 to 0.24
1881,36011,New York,Cayuga,62,0.381672096,3.0,-0.71 to -0.38,0.126466911,5.0,-0.17 to 0.03
1882,36013,New York,Chautauqua,62,0.16063007,4.0,-0.38 to -0.06,0.132906948,5.0,-0.17 to 0.03
1883,36015,New York,Chemung,62,0.231124685,4.0,-0.38 to -0.06,0.103173756,5.0,-0.17 to 0.03
1884,36017,New York,Chenango,62,0.207725943,4.0,-0.38 to -0.06,0.119837747,5.0,-0.17 to 0.03
1885,36019,New York,Clinton,62,0.541695961,3.0,-0.71 to -0.38,0.184883037,4.0,-0.37 to -0.17
1886,36021,New York,Columbia,62,0.683364339,3.0,-0.71 to -0.38,0.172678209,5.0,-0.17 to 0.03
1887,36023,New York,Cortland,62,0.465819635,3.0,-0.71 to -0.38,0.215985357,4.0,-0.37 to -0.17
1888,36025,New York,Delaware,62,0.429571479,3.0,-0.71 to -0.38,0.079945607,5.0,-0.17 to 0.03
1889,36027,New York,Dutchess,62,0.817738071,2.0,-1.07 to -0.71,0.391319352,3.0,-0.58 to -0.37
1890,36029,New York,Erie,62,0.404601977,3.0,-0.71 to -0.38,0.247505426,4.0,-0.37 to -0.17
1891,36031,New York,Essex,62,0.639415378,3.0,-0.71 to -0.38,0.470669235,3.0,-0.58 to -0.37
1892,36033,New York,Franklin,62,0.388110789,3.0,-0.71 to -0.38,-0.0304906936,5.0,-0.17 to 0.03
1893,36035,New York,Fulton,62,0.178612856,4.0,-0.38 to -0.06,0.13905847,5.0,-0.17 to 0.03
1894,36037,New York,Genesee,62,0.68368578,3.0,-0.71 to -0.38,0.302129001,4.0,-0.37 to -0.17
1895,36039,New York,Greene,62,0.571843982,3.0,-0.71 to -0.38,-0.0284678759,5.0,-0.17 to 0.03
1896,36041,New York,Hamilton,62,0.700885991,3.0,-0.71 to -0.38,0.34484881,4.0,-0.37 to -0.17
1897,36043,New York,Herkimer,62,0.685620333,3.0,-0.71 to -0.38,0.214446693,4.0,-0.37 to -0.17
1898,36045,New York,Jefferson,62,0.670968335,3.0,-0.71 to -0.38,0.220132418,4.0,-0.37 to -0.17
1899,36047,New York,Kings,62,0.76967029,2.0,-1.07 to -0.71,-0.3311308033,7.0,0.24 to 0.46
1900,36049,New York,Lewis,62,0.817559076,2.0,-1.07 to -0.71,0.209201856,4.0,-0.37 to -0.17
1901,36051,New York,Livingston,62,0.910065919,2.0,-1.07 to -0.71,0.427081584,3.0,-0.58 to -0.37
1902,36053,New York,Madison,62,0.719519481,2.0,-1.07 to -0.71,0.434399063,3.0,-0.58 to -0.37
1903,36055,New York,Monroe,62,0.63820874,3.0,-0.71 to -0.38,0.299378912,4.0,-0.37 to -0.17
1904,36057,New York,Montgomery,62,0.191339929,4.0,-0.38 to -0.06,-0.2277355662,6.0,0.03 to 0.24
1905,36059,New York,Nassau,62,1.237719901,1.0,-1.81 to -1.08,0.829019806,1.0,-1.61 to -0.81
1906,36061,New York,New York,62,1.015291298,2.0,-1.07 to -0.71,0.601429178,2.0,-0.81 to -0.58
1907,36063,New York,Niagara,62,0.254330407,4.0,-0.38 to -0.06,0.198618089,4.0,-0.37 to -0.17
1908,36065,New York,Oneida,62,0.37432056,4.0,-0.38 to -0.06,0.165941704,5.0,-0.17 to 0.03
1909,36067,New York,Onondaga,62,0.455512904,3.0,-0.71 to -0.38,0.316206609,4.0,-0.37 to -0.17
1910,36069,New York,Ontario,62,0.91976042,2.0,-1.07 to -0.71,0.568769016,3.0,-0.58 to -0.37
1911,36071,New York,Orange,62,0.938857092,2.0,-1.07 to -0.71,0.076288396,5.0,-0.17 to 0.03
1912,36073,New York,Orleans,62,0.558672916,3.0,-0.71 to -0.38,-0.0266609364,5.0,-0.17 to 0.03
1913,36075,New York,Oswego,62,0.30068627,4.0,-0.38 to -0.06,0.12147058,5.0,-0.17 to 0.03
1914,36077,New York,Otsego,62,0.720219333,2.0,-1.07 to -0.71,0.270652991,4.0,-0.37 to -0.17
1915,36079,New York,Putnam,62,1.364118597,1.0,-1.81 to -1.08,0.609669642,2.0,-0.81 to -0.58
1916,36081,New York,Queens,62,0.836520408,2.0,-1.07 to -0.71,0.04841796,5.0,-0.17 to 0.03
1917,36083,New York,Rensselaer,62,0.677255007,3.0,-0.71 to -0.38,0.349217453,4.0,-0.37 to -0.17
1918,36085,New York,Richmond,62,0.856632099,2.0,-1.07 to -0.71,0.195718759,4.0,-0.37 to -0.17
1919,36087,New York,Rockland,62,1.151787013,1.0,-1.81 to -1.08,0.065405434,5.0,-0.17 to 0.03
1920,36089,New York,St. Lawrence,62,0.489168285,3.0,-0.71 to -0.38,-0.0961261771,6.0,0.03 to 0.24
1921,36091,New York,Saratoga,62,1.285699308,1.0,-1.81 to -1.08,0.697728848,2.0,-0.81 to -0.58
1922,36093,New York,Schenectady,62,0.493040173,3.0,-0.71 to -0.38,0.413937655,3.0,-0.58 to -0.37
1923,36095,New York,Schoharie,62,0.826287371,2.0,-1.07 to -0.71,0.146088547,5.0,-0.17 to 0.03
1924,36097,New York,Schuyler,62,0.652913563,3.0,-0.71 to -0.38,0.145284356,5.0,-0.17 to 0.03
1925,36099,New York,Seneca,62,0.710252835,2.0,-1.07 to -0.71,-0.0139053846,5.0,-0.17 to 0.03
1926,36101,New York,Steuben,62,0.575692562,3.0,-0.71 to -0.38,0.201035476,4.0,-0.37 to -0.17
1927,36103,New York,Suffolk,62,0.91337656,2.0,-1.07 to -0.71,0.544185621,3.0,-0.58 to -0.37
1928,36105,New York,Sullivan,62,0.254807518,4.0,-0.38 to -0.06,-0.0802813541,6.0,0.03 to 0.24
1929,36107,New York,Tioga,62,0.854037118,2.0,-1.07 to -0.71,0.335683906,4.0,-0.37 to -0.17
1930,36109,New York,Tompkins,62,1.132665887,1.0,-1.81 to -1.08,0.573867867,3.0,-0.58 to -0.37
1931,36111,New York,Ulster,62,0.67773451,3.0,-0.71 to -0.38,0.150997016,5.0,-0.17 to 0.03
1932,36113,New York,Warren,62,0.67729125,3.0,-0.71 to -0.38,0.383417242,3.0,-0.58 to -0.37
1933,36115,New York,Washington,62,0.490743356,3.0,-0.71 to -0.38,0.142263863,5.0,-0.17 to 0.03
1934,36117,New York,Wayne,62,0.458177539,3.0,-0.71 to -0.38,0.219117723,4.0,-0.37 to -0.17
1935,36119,New York,Westchester,62,1.305852006,1.0,-1.81 to -1.08,0.5440377,3.0,-0.58 to -0.37
1936,36121,New York,Wyoming,62,0.731325012,2.0,-1.07 to -0.71,0.141228525,5.0,-0.17 to 0.03
1937,36123,New York,Yates,62,0.874789097,2.0,-1.07 to -0.71,0.007896802,5.0,-0.17 to 0.03
1939,37001,North Carolina,Alamance,100,0.159981328,4.0,-0.38 to -0.06,0.196377999,4.0,-0.37 to -0.17
1940,37003,North Carolina,Alexander,100,0.132065525,4.0,-0.38 to -0.06,0.036232011,5.0,-0.17 to 0.03
1941,37005,North Carolina,Alleghany,100,0.187152491,4.0,-0.38 to -0.06,-0.1871669935,6.0,0.03 to 0.24
1942,37007,North Carolina,Anson,100,-1.3851939711,9.0,1.39 to 1.93,-0.5970539925,8.0,0.47 to 0.72
1943,37009,North Carolina,Ashe,100,0.181697809,4.0,-0.38 to -0.06,0.136433802,5.0,-0.17 to 0.03
1944,37011,North Carolina,Avery,100,0.283896403,4.0,-0.38 to -0.06,0.154611963,5.0,-0.17 to 0.03
1945,37013,North Carolina,Beaufort,100,-0.4296881006,6.0,0.28 to 0.6,-0.114698623,6.0,0.03 to 0.24
1946,37015,North Carolina,Bertie,100,-1.1781903824,8.0,0.96 to 1.38,-0.7092753945,8.0,0.47 to 0.72
1947,37017,North Carolina,Bladen,100,-1.0964097224,8.0,0.96 to 1.38,-0.5917040736,8.0,0.47 to 0.72
1948,37019,North Carolina,Brunswick,100,0.387298229,3.0,-0.71 to -0.38,0.402326123,3.0,-0.58 to -0.37
1949,37021,North Carolina,Buncombe,100,0.585145529,3.0,-0.71 to -0.38,0.557259766,3.0,-0.58 to -0.37
1950,37023,North Carolina,Burke,100,-0.1011240646,5.0,-0.05 to 0.27,-0.0483517423,6.0,0.03 to 0.24
1951,37025,North Carolina,Cabarrus,100,0.769888371,2.0,-1.07 to -0.71,0.296234184,4.0,-0.37 to -0.17
1952,37027,North Carolina,Caldwell,100,-0.3446548717,6.0,0.28 to 0.6,0.003411977,5.0,-0.17 to 0.03
1953,37029,North Carolina,Camden,100,0.427194085,3.0,-0.71 to -0.38,0.641845915,2.0,-0.81 to -0.58
1954,37031,North Carolina,Carteret,100,0.377130902,4.0,-0.38 to -0.06,0.50370138,3.0,-0.58 to -0.37
1955,37033,North Carolina,Caswell,100,-0.1064931072,5.0,-0.05 to 0.27,-0.2335093628,6.0,0.03 to 0.24
1956,37035,North Carolina,Catawba,100,0.136814267,4.0,-0.38 to -0.06,0.257166397,4.0,-0.37 to -0.17
1957,37037,North Carolina,Chatham,100,0.71996841,2.0,-1.07 to -0.71,0.414396833,3.0,-0.58 to -0.37
1958,37039,North Carolina,Cherokee,100,-0.1532643269,5.0,-0.05 to 0.27,0.125279113,5.0,-0.17 to 0.03
1959,37041,North Carolina,Chowan,100,-0.249747554,5.0,-0.05 to 0.27,-0.0604021039,6.0,0.03 to 0.24
1960,37043,North Carolina,Clay,100,0.3020503,4.0,-0.38 to -0.06,0.056052518,5.0,-0.17 to 0.03
1961,37045,North Carolina,Cleveland,100,-0.4161239565,6.0,0.28 to 0.6,-0.137898217,6.0,0.03 to 0.24
1962,37047,North Carolina,Columbus,100,-1.2467448764,8.0,0.96 to 1.38,-0.4263579442,7.0,0.24 to 0.46
1963,37049,North Carolina,Craven,100,-0.1606017272,5.0,-0.05 to 0.27,0.253565695,4.0,-0.37 to -0.17
1964,37051,North Carolina,Cumberland,100,-0.360639085,6.0,0.28 to 0.6,0.101684217,5.0,-0.17 to 0.03
1965,37053,North Carolina,Currituck,100,0.911801092,2.0,-1.07 to -0.71,0.583303486,2.0,-0.81 to -0.58
1966,37055,North Carolina,Dare,100,0.974711924,2.0,-1.07 to -0.71,0.514088442,3.0,-0.58 to -0.37
1967,37057,North Carolina,Davidson,100,-0.191429474,5.0,-0.05 to 0.27,-0.0078908225,5.0,-0.17 to 0.03
1968,37059,North Carolina,Davie,100,0.430065578,3.0,-0.71 to -0.38,0.242818823,4.0,-0.37 to -0.17
1969,37061,North Carolina,Duplin,100,-0.2598036937,5.0,-0.05 to 0.27,-0.285413375,7.0,0.24 to 0.46
1970,37063,North Carolina,Durham,100,0.789929854,2.0,-1.07 to -0.71,0.581722727,2.0,-0.81 to -0.58
1971,37065,North Carolina,Edgecombe,100,-1.2628572236,8.0,0.96 to 1.38,-0.6992076191,8.0,0.47 to 0.72
1972,37067,North Carolina,Forsyth,100,0.168811267,4.0,-0.38 to -0.06,0.184627458,4.0,-0.37 to -0.17
1973,37069,North Carolina,Franklin,100,0.236307446,4.0,-0.38 to -0.06,0.065033546,5.0,-0.17 to 0.03
1974,37071,North Carolina,Gaston,100,-0.1880112948,5.0,-0.05 to 0.27,0.014486786,5.0,-0.17 to 0.03
1975,37073,North Carolina,Gates,100,-0.1298425964,5.0,-0.05 to 0.27,-0.0002570503,5.0,-0.17 to 0.03
1976,37075,North Carolina,Graham,100,-0.1379164045,5.0,-0.05 to 0.27,-0.0772796129,6.0,0.03 to 0.24
1977,37077,North Carolina,Granville,100,0.069321949,4.0,-0.38 to -0.06,0.099066022,5.0,-0.17 to 0.03
1978,37079,North Carolina,Greene,100,-0.2270383385,5.0,-0.05 to 0.27,-0.2769010453,7.0,0.24 to 0.46
1979,37081,North Carolina,Guilford,100,0.186038514,4.0,-0.38 to -0.06,0.324186752,4.0,-0.37 to -0.17
1980,37083,North Carolina,Halifax,100,-1.3467583705,8.0,0.96 to 1.38,-0.8219249199,9.0,0.73 to 1.09
1981,37085,North Carolina,Harnett,100,0.105943349,4.0,-0.38 to -0.06,0.040222122,5.0,-0.17 to 0.03
1982,37087,North Carolina,Haywood,100,0.100167792,4.0,-0.38 to -0.06,0.329140129,4.0,-0.37 to -0.17
1983,37089,North Carolina,Henderson,100,0.469597203,3.0,-0.71 to -0.38,0.353197315,4.0,-0.37 to -0.17
1984,37091,North Carolina,Hertford,100,-0.7623955665,7.0,0.6 to 0.95,-0.3911981448,7.0,0.24 to 0.46
1985,37093,North Carolina,Hoke,100,-0.2673737568,5.0,-0.05 to 0.27,-0.1991516415,6.0,0.03 to 0.24
1986,37095,North Carolina,Hyde,100,0.065696632,4.0,-0.38 to -0.06,-0.5218250694,8.0,0.47 to 0.72
1987,37097,North Carolina,Iredell,100,0.577446445,3.0,-0.71 to -0.38,0.439743784,3.0,-0.58 to -0.37
1988,37099,North Carolina,Jackson,100,0.034134835,5.0,-0.05 to 0.27,-0.0176362172,5.0,-0.17 to 0.03
1989,37101,North Carolina,Johnston,100,0.536423258,3.0,-0.71 to -0.38,0.211604562,4.0,-0.37 to -0.17
1990,37103,North Carolina,Jones,100,-0.2305836207,5.0,-0.05 to 0.27,-0.1750718242,6.0,0.03 to 0.24
1991,37105,North Carolina,Lee,100,-0.2923356588,6.0,0.28 to 0.6,-0.0716608097,6.0,0.03 to 0.24
1992,37107,North Carolina,Lenoir,100,-0.9757883508,8.0,0.96 to 1.38,-0.3394459441,7.0,0.24 to 0.46
1993,37109,North Carolina,Lincoln,100,0.460003895,3.0,-0.71 to -0.38,0.287163365,4.0,-0.37 to -0.17
1994,37111,North Carolina,McDowell,100,-0.1534089726,5.0,-0.05 to 0.27,0.09815019,5.0,-0.17 to 0.03
1995,37113,North Carolina,Macon,100,-0.0001175952,5.0,-0.05 to 0.27,0.071631094,5.0,-0.17 to 0.03
1996,37115,North Carolina,Madison,100,0.094873227,4.0,-0.38 to -0.06,0.144629215,5.0,-0.17 to 0.03
1997,37117,North Carolina,Martin,100,-0.9893215867,8.0,0.96 to 1.38,-0.2127042168,6.0,0.03 to 0.24
1998,37119,North Carolina,Mecklenburg,100,0.735177909,2.0,-1.07 to -0.71,0.511796291,3.0,-0.58 to -0.37
1999,37121,North Carolina,Mitchell,100,0.182351565,4.0,-0.38 to -0.06,0.244258371,4.0,-0.37 to -0.17
2000,37123,North Carolina,Montgomery,100,-0.548060494,6.0,0.28 to 0.6,-0.2517045536,7.0,0.24 to 0.46
2001,37125,North Carolina,Moore,100,0.603725186,3.0,-0.71 to -0.38,0.454769472,3.0,-0.58 to -0.37
2002,37127,North Carolina,Nash,100,-0.2844245691,6.0,0.28 to 0.6,-0.1696947702,6.0,0.03 to 0.24
2003,37129,North Carolina,New Hanover,100,0.536797465,3.0,-0.71 to -0.38,0.693014626,2.0,-0.81 to -0.58
2004,37131,North Carolina,Northampton,100,-0.9403858293,7.0,0.6 to 0.95,-0.661559891,8.0,0.47 to 0.72
2005,37133,North Carolina,Onslow,100,0.305550113,4.0,-0.38 to -0.06,0.295762994,4.0,-0.37 to -0.17
2006,37135,North Carolina,Orange,100,1.115732917,1.0,-1.81 to -1.08,0.805722556,2.0,-0.81 to -0.58
2007,37137,North Carolina,Pamlico,100,-0.3093302236,6.0,0.28 to 0.6,0.033569963,5.0,-0.17 to 0.03
2008,37139,North Carolina,Pasquotank,100,-0.0243143461,5.0,-0.05 to 0.27,0.181142703,4.0,-0.37 to -0.17
2009,37141,North Carolina,Pender,100,0.383647804,3.0,-0.71 to -0.38,0.29399426,4.0,-0.37 to -0.17
2010,37143,North Carolina,Perquimans,100,-0.1406427976,5.0,-0.05 to 0.27,0.001925442,5.0,-0.17 to 0.03
2011,37145,North Carolina,Person,100,-0.1772973254,5.0,-0.05 to 0.27,0.049159175,5.0,-0.17 to 0.03
2012,37147,North Carolina,Pitt,100,-0.0975056857,5.0,-0.05 to 0.27,0.21826744,4.0,-0.37 to -0.17
2013,37149,North Carolina,Polk,100,0.472699398,3.0,-0.71 to -0.38,0.190749836,4.0,-0.37 to -0.17
2014,37151,North Carolina,Randolph,100,-0.2738344833,5.0,-0.05 to 0.27,-0.1708103105,6.0,0.03 to 0.24
2015,37153,North Carolina,Richmond,100,-1.3524982523,8.0,0.96 to 1.38,-0.6555112447,8.0,0.47 to 0.72
2016,37155,North Carolina,Robeson,100,-1.6794580457,9.0,1.39 to 1.93,-1.1430660445,10.0,1.09 to 1.98
2017,37157,North Carolina,Rockingham,100,-0.5105105142,6.0,0.28 to 0.6,-0.2545194034,7.0,0.24 to 0.46
2018,37159,North Carolina,Rowan,100,-0.2520376526,5.0,-0.05 to 0.27,-0.0463109786,6.0,0.03 to 0.24
2019,37161,North Carolina,Rutherford,100,-0.6549838705,7.0,0.6 to 0.95,-0.1765278461,6.0,0.03 to 0.24
2020,37163,North Carolina,Sampson,100,-0.3598949705,6.0,0.28 to 0.6,-0.2021629102,6.0,0.03 to 0.24
2021,37165,North Carolina,Scotland,100,-1.610633223,9.0,1.39 to 1.93,-0.9475311206,9.0,0.73 to 1.09
2022,37167,North Carolina,Stanly,100,0.078432565,4.0,-0.38 to -0.06,0.052382426,5.0,-0.17 to 0.03
2023,37169,North Carolina,Stokes,100,-0.1254407844,5.0,-0.05 to 0.27,0.103149429,5.0,-0.17 to 0.03
2024,37171,North Carolina,Surry,100,-0.1180829265,5.0,-0.05 to 0.27,-0.1061889297,6.0,0.03 to 0.24
2025,37173,North Carolina,Swain,100,-1.3347389769,8.0,0.96 to 1.38,-0.1828821447,6.0,0.03 to 0.24
2026,37175,North Carolina,Transylvania,100,0.695787798,3.0,-0.71 to -0.38,0.429877106,3.0,-0.58 to -0.37
2027,37177,North Carolina,Tyrrell,100,0.573368756,3.0,-0.71 to -0.38,-0.4467814951,7.0,0.24 to 0.46
2028,37179,North Carolina,Union,100,1.033036899,2.0,-1.07 to -0.71,0.539580201,3.0,-0.58 to -0.37
2029,37181,North Carolina,Vance,100,-1.2088735959,8.0,0.96 to 1.38,-0.4927948151,8.0,0.47 to 0.72
2030,37183,North Carolina,Wake,100,1.228283766,1.0,-1.81 to -1.08,0.696308916,2.0,-0.81 to -0.58
2031,37185,North Carolina,Warren,100,-0.9988363411,8.0,0.96 to 1.38,-0.5050259417,8.0,0.47 to 0.72
2032,37187,North Carolina,Washington,100,-1.1472262331,8.0,0.96 to 1.38,-0.4183069227,7.0,0.24 to 0.46
2033,37189,North Carolina,Watauga,100,0.764731332,2.0,-1.07 to -0.71,0.352777765,4.0,-0.37 to -0.17
2034,37191,North Carolina,Wayne,100,-0.2835251547,6.0,0.28 to 0.6,0.051459167,5.0,-0.17 to 0.03
2035,37193,North Carolina,Wilkes,100,-0.376699828,6.0,0.28 to 0.6,-0.0131119513,5.0,-0.17 to 0.03
2036,37195,North Carolina,Wilson,100,-0.6172313412,7.0,0.6 to 0.95,-0.3991303235,7.0,0.24 to 0.46
2037,37197,North Carolina,Yadkin,100,-0.3582064929,6.0,0.28 to 0.6,-0.0118109611,5.0,-0.17 to 0.03
2038,37199,North Carolina,Yancey,100,0.285744269,4.0,-0.38 to -0.06,0.054562984,5.0,-0.17 to 0.03
2040,38001,North Dakota,Adams,51,0.52772931,3.0,-0.71 to -0.38,0.337277657,4.0,-0.37 to -0.17
2041,38003,North Dakota,Barnes,51,0.893135834,2.0,-1.07 to -0.71,0.625960837,2.0,-0.81 to -0.58
2042,38005,North Dakota,Benson,51,-1.7534863338,9.0,1.39 to 1.93,-0.3812615487,7.0,0.24 to 0.46
2044,38009,North Dakota,Bottineau,51,1.20130034,1.0,-1.81 to -1.08,0.57366009,3.0,-0.58 to -0.37
2045,38011,North Dakota,Bowman,51,0.56325665,3.0,-0.71 to -0.38,0.726916477,2.0,-0.81 to -0.58
2046,38013,North Dakota,Burke,51,0.72638936,2.0,-1.07 to -0.71,0.529619486,3.0,-0.58 to -0.37
2047,38015,North Dakota,Burleigh,51,1.181508692,1.0,-1.81 to -1.08,0.965259759,1.0,-1.61 to -0.81
2048,38017,North Dakota,Cass,51,1.070593804,2.0,-1.07 to -0.71,0.949301509,1.0,-1.61 to -0.81
2049,38019,North Dakota,Cavalier,51,0.401518071,3.0,-0.71 to -0.38,0.7973614,2.0,-0.81 to -0.58
2050,38021,North Dakota,Dickey,51,1.348080316,1.0,-1.81 to -1.08,0.536288344,3.0,-0.58 to -0.37
2051,38023,North Dakota,Divide,51,0.566010498,3.0,-0.71 to -0.38,0.533944688,3.0,-0.58 to -0.37
2052,38025,North Dakota,Dunn,51,0.681585798,3.0,-0.71 to -0.38,0.574347506,3.0,-0.58 to -0.37
2053,38027,North Dakota,Eddy,51,0.387420089,3.0,-0.71 to -0.38,0.502419461,3.0,-0.58 to -0.37
2054,38029,North Dakota,Emmons,51,0.576321333,3.0,-0.71 to -0.38,0.009958243,5.0,-0.17 to 0.03
2055,38031,North Dakota,Foster,51,0.89886081,2.0,-1.07 to -0.71,0.854613841,1.0,-1.61 to -0.81
2056,38033,North Dakota,Golden Valley,51,0.560390334,3.0,-0.71 to -0.38,0.496105454,3.0,-0.58 to -0.37
2057,38035,North Dakota,Grand Forks,51,0.913984208,2.0,-1.07 to -0.71,0.843367825,1.0,-1.61 to -0.81
2058,38037,North Dakota,Grant,51,0.477548801,3.0,-0.71 to -0.38,0.009416725,5.0,-0.17 to 0.03
2059,38039,North Dakota,Griggs,51,0.666409517,3.0,-0.71 to -0.38,0.52646615,3.0,-0.58 to -0.37
2060,38041,North Dakota,Hettinger,51,0.482608118,3.0,-0.71 to -0.38,0.20680903,4.0,-0.37 to -0.17
2061,38043,North Dakota,Kidder,51,0.52240076,3.0,-0.71 to -0.38,0.163658792,5.0,-0.17 to 0.03
2062,38045,North Dakota,LaMoure,51,0.920753168,2.0,-1.07 to -0.71,0.575114268,3.0,-0.58 to -0.37
2063,38047,North Dakota,Logan,51,0.508724368,3.0,-0.71 to -0.38,0.403361294,3.0,-0.58 to -0.37
2064,38049,North Dakota,McHenry,51,1.023485611,2.0,-1.07 to -0.71,0.357757928,4.0,-0.37 to -0.17
2065,38051,North Dakota,McIntosh,51,0.233116391,4.0,-0.38 to -0.06,0.141720772,5.0,-0.17 to 0.03
2066,38053,North Dakota,McKenzie,51,0.020877805,5.0,-0.05 to 0.27,0.53692104,3.0,-0.58 to -0.37
2067,38055,North Dakota,McLean,51,0.820490381,2.0,-1.07 to -0.71,0.650571542,2.0,-0.81 to -0.58
2068,38057,North Dakota,Mercer,51,0.913133844,2.0,-1.07 to -0.71,0.660465904,2.0,-0.81 to -0.58
2069,38059,North Dakota,Morton,51,0.978874687,2.0,-1.07 to -0.71,0.772679937,2.0,-0.81 to -0.58
2070,38061,North Dakota,Mountrail,51,-0.6084029104,7.0,0.6 to 0.95,0.309697449,4.0,-0.37 to -0.17
2071,38063,North Dakota,Nelson,51,0.629431013,3.0,-0.71 to -0.38,0.51320516,3.0,-0.58 to -0.37
2072,38065,North Dakota,Oliver,51,0.650361359,3.0,-0.71 to -0.38,0.579655007,2.0,-0.81 to -0.58
2073,38067,North Dakota,Pembina,51,0.68630447,3.0,-0.71 to -0.38,0.35421246,4.0,-0.37 to -0.17
2074,38069,North Dakota,Pierce,51,0.460091453,3.0,-0.71 to -0.38,0.451292518,3.0,-0.58 to -0.37
2075,38071,North Dakota,Ramsey,51,0.530025561,3.0,-0.71 to -0.38,0.479299378,3.0,-0.58 to -0.37
2076,38073,North Dakota,Ransom,51,1.171332036,1.0,-1.81 to -1.08,0.662643852,2.0,-0.81 to -0.58
2077,38075,North Dakota,Renville,51,0.656661585,3.0,-0.71 to -0.38,0.721175633,2.0,-0.81 to -0.58
2078,38077,North Dakota,Richland,51,1.084112026,1.0,-1.81 to -1.08,0.758411174,2.0,-0.81 to -0.58
2079,38079,North Dakota,Rolette,51,-1.8705998959,9.0,1.39 to 1.93,-0.7074729728,8.0,0.47 to 0.72
2080,38081,North Dakota,Sargent,51,0.718471139,2.0,-1.07 to -0.71,0.941696243,1.0,-1.61 to -0.81
2081,38083,North Dakota,Sheridan,51,0.564049842,3.0,-0.71 to -0.38,0.235843198,4.0,-0.37 to -0.17
2082,38085,North Dakota,Sioux,51,-2.440055437,10.0,1.95 to 3.17,-0.9721946801,9.0,0.73 to 1.09
2084,38089,North Dakota,Stark,51,0.940716355,2.0,-1.07 to -0.71,0.726310781,2.0,-0.81 to -0.58
2085,38091,North Dakota,Steele,51,0.66271105,3.0,-0.71 to -0.38,0.433495781,3.0,-0.58 to -0.37
2086,38093,North Dakota,Stutsman,51,0.987124257,2.0,-1.07 to -0.71,0.411095818,3.0,-0.58 to -0.37
2087,38095,North Dakota,Towner,51,0.27074112,4.0,-0.38 to -0.06,0.154981424,5.0,-0.17 to 0.03
2088,38097,North Dakota,Traill,51,1.219909368,1.0,-1.81 to -1.08,0.879778878,1.0,-1.61 to -0.81
2089,38099,North Dakota,Walsh,51,0.884731337,2.0,-1.07 to -0.71,0.386295324,3.0,-0.58 to -0.37
2090,38101,North Dakota,Ward,51,0.970873094,2.0,-1.07 to -0.71,0.844116002,1.0,-1.61 to -0.81
2091,38103,North Dakota,Wells,51,0.432858855,3.0,-0.71 to -0.38,0.525864349,3.0,-0.58 to -0.37
2092,38105,North Dakota,Williams,51,0.996211839,2.0,-1.07 to -0.71,0.506686776,3.0,-0.58 to -0.37
2094,39001,Ohio,Adams,88,-0.8746366325,7.0,0.6 to 0.95,-0.5907989054,8.0,0.47 to 0.72
2095,39003,Ohio,Allen,88,-0.264347888,5.0,-0.05 to 0.27,0.367667412,4.0,-0.37 to -0.17
2096,39005,Ohio,Ashland,88,0.238371466,4.0,-0.38 to -0.06,0.254877781,4.0,-0.37 to -0.17
2097,39007,Ohio,Ashtabula,88,-0.2817082584,6.0,0.28 to 0.6,-0.2373830635,6.0,0.03 to 0.24
2098,39009,Ohio,Athens,88,-0.1472700626,5.0,-0.05 to 0.27,-0.0375016115,6.0,0.03 to 0.24
2099,39011,Ohio,Auglaize,88,0.660290979,3.0,-0.71 to -0.38,0.62591584,2.0,-0.81 to -0.58
2100,39013,Ohio,Belmont,88,-0.2345180743,5.0,-0.05 to 0.27,-0.1361310861,6.0,0.03 to 0.24
2101,39015,Ohio,Brown,88,-0.3350338354,6.0,0.28 to 0.6,-0.3030585602,7.0,0.24 to 0.46
2102,39017,Ohio,Butler,88,0.106515843,4.0,-0.38 to -0.06,0.197695205,4.0,-0.37 to -0.17
2103,39019,Ohio,Carroll,88,-0.0619177295,5.0,-0.05 to 0.27,-0.0173655301,5.0,-0.17 to 0.03
2104,39021,Ohio,Champaign,88,0.211846358,4.0,-0.38 to -0.06,0.358157172,4.0,-0.37 to -0.17
2105,39023,Ohio,Clark,88,-0.7127844128,7.0,0.6 to 0.95,-0.0473726369,6.0,0.03 to 0.24
2106,39025,Ohio,Clermont,88,0.275228964,4.0,-0.38 to -0.06,0.298650125,4.0,-0.37 to -0.17
2107,39027,Ohio,Clinton,88,-0.4163209558,6.0,0.28 to 0.6,0.034884422,5.0,-0.17 to 0.03
2108,39029,Ohio,Columbiana,88,-0.158261186,5.0,-0.05 to 0.27,-0.0524432032,6.0,0.03 to 0.24
2109,39031,Ohio,Coshocton,88,-0.1316582016,5.0,-0.05 to 0.27,-0.2478385952,7.0,0.24 to 0.46
2110,39033,Ohio,Crawford,88,-0.3242307165,6.0,0.28 to 0.6,0.076063007,5.0,-0.17 to 0.03
2111,39035,Ohio,Cuyahoga,88,-0.2120910409,5.0,-0.05 to 0.27,-0.0160942868,5.0,-0.17 to 0.03
2112,39037,Ohio,Darke,88,0.338421232,4.0,-0.38 to -0.06,0.235912639,4.0,-0.37 to -0.17
2113,39039,Ohio,Defiance,88,0.351794265,4.0,-0.38 to -0.06,0.333745165,4.0,-0.37 to -0.17
2114,39041,Ohio,Delaware,88,1.398365404,1.0,-1.81 to -1.08,1.034977021,1.0,-1.61 to -0.81
2115,39043,Ohio,Erie,88,0.084234768,4.0,-0.38 to -0.06,0.181447312,4.0,-0.37 to -0.17
2116,39045,Ohio,Fairfield,88,0.383417141,3.0,-0.71 to -0.38,0.483844626,3.0,-0.58 to -0.37
2117,39047,Ohio,Fayette,88,-0.3583308228,6.0,0.28 to 0.6,-0.1514293046,6.0,0.03 to 0.24
2118,39049,Ohio,Franklin,88,0.066226,4.0,-0.38 to -0.06,0.294696397,4.0,-0.37 to -0.17
2119,39051,Ohio,Fulton,88,0.352284645,4.0,-0.38 to -0.06,0.43570206,3.0,-0.58 to -0.37
2120,39053,Ohio,Gallia,88,-0.6673465923,7.0,0.6 to 0.95,-0.2946950766,7.0,0.24 to 0.46
2121,39055,Ohio,Geauga,88,0.975120493,2.0,-1.07 to -0.71,0.506872314,3.0,-0.58 to -0.37
2122,39057,Ohio,Greene,88,0.577812565,3.0,-0.71 to -0.38,0.528275256,3.0,-0.58 to -0.37
2123,39059,Ohio,Guernsey,88,-0.4490509849,6.0,0.28 to 0.6,-0.2099065016,6.0,0.03 to 0.24
2124,39061,Ohio,Hamilton,88,-0.1185615162,5.0,-0.05 to 0.27,0.207936793,4.0,-0.37 to -0.17
2125,39063,Ohio,Hancock,88,0.282855184,4.0,-0.38 to -0.06,0.471459175,3.0,-0.58 to -0.37
2126,39065,Ohio,Hardin,88,-0.5661420721,6.0,0.28 to 0.6,-0.0705333445,6.0,0.03 to 0.24
2127,39067,Ohio,Harrison,88,-0.1074604561,5.0,-0.05 to 0.27,-0.276810525,7.0,0.24 to 0.46
2128,39069,Ohio,Henry,88,0.3154214,4.0,-0.38 to -0.06,0.374866156,3.0,-0.58 to -0.37
2129,39071,Ohio,Highland,88,-0.3553293892,6.0,0.28 to 0.6,-0.14627004,6.0,0.03 to 0.24
2130,39073,Ohio,Hocking,88,-0.5239796571,6.0,0.28 to 0.6,0.020668087,5.0,-0.17 to 0.03
2131,39075,Ohio,Holmes,88,0.594683375,3.0,-0.71 to -0.38,-0.7555331023,9.0,0.73 to 1.09
2132,39077,Ohio,Huron,88,0.017708258,5.0,-0.05 to 0.27,-0.0160771798,5.0,-0.17 to 0.03
2133,39079,Ohio,Jackson,88,-0.6591636172,7.0,0.6 to 0.95,-0.3127024651,7.0,0.24 to 0.46
2134,39081,Ohio,Jefferson,88,-0.719938594,7.0,0.6 to 0.95,-0.2155383274,6.0,0.03 to 0.24
2135,39083,Ohio,Knox,88,0.449179917,3.0,-0.71 to -0.38,0.236643541,4.0,-0.37 to -0.17
2136,39085,Ohio,Lake,88,0.462553436,3.0,-0.71 to -0.38,0.504761741,3.0,-0.58 to -0.37
2137,39087,Ohio,Lawrence,88,-1.1249281048,8.0,0.96 to 1.38,-0.245770706,7.0,0.24 to 0.46
2138,39089,Ohio,Licking,88,0.373701714,4.0,-0.38 to -0.06,0.430182579,3.0,-0.58 to -0.37
2139,39091,Ohio,Logan,88,0.370270373,4.0,-0.38 to -0.06,0.347999108,4.0,-0.37 to -0.17
2140,39093,Ohio,Lorain,88,0.029849056,5.0,-0.05 to 0.27,0.245583706,4.0,-0.37 to -0.17
2141,39095,Ohio,Lucas,88,-0.5632491477,6.0,0.28 to 0.6,-0.1469462065,6.0,0.03 to 0.24
2142,39097,Ohio,Madison,88,0.395323012,3.0,-0.71 to -0.38,0.335399029,4.0,-0.37 to -0.17
2143,39099,Ohio,Mahoning,88,-0.5462482274,6.0,0.28 to 0.6,-0.0634942204,6.0,0.03 to 0.24
2144,39101,Ohio,Marion,88,-0.3206869032,6.0,0.28 to 0.6,-0.1097788695,6.0,0.03 to 0.24
2145,39103,Ohio,Medina,88,1.028729189,2.0,-1.07 to -0.71,0.759136272,2.0,-0.81 to -0.58
2146,39105,Ohio,Meigs,88,-1.1023715324,8.0,0.96 to 1.38,-0.6404475092,8.0,0.47 to 0.72
2147,39107,Ohio,Mercer,88,0.746550515,2.0,-1.07 to -0.71,0.678512477,2.0,-0.81 to -0.58
2148,39109,Ohio,Miami,88,0.546133722,3.0,-0.71 to -0.38,0.491843529,3.0,-0.58 to -0.37
2149,39111,Ohio,Monroe,88,-0.2833289375,6.0,0.28 to 0.6,-0.2572922864,7.0,0.24 to 0.46
2150,39113,Ohio,Montgomery,88,-0.4377656868,6.0,0.28 to 0.6,0.011446284,5.0,-0.17 to 0.03
2151,39115,Ohio,Morgan,88,-0.1266150902,5.0,-0.05 to 0.27,-0.4792309732,8.0,0.47 to 0.72
2152,39117,Ohio,Morrow,88,0.2094691,4.0,-0.38 to -0.06,0.170872119,5.0,-0.17 to 0.03
2153,39119,Ohio,Muskingum,88,-0.0917372457,5.0,-0.05 to 0.27,-0.1374575843,6.0,0.03 to 0.24
2154,39121,Ohio,Noble,88,0.129040467,4.0,-0.38 to -0.06,-0.3668472201,7.0,0.24 to 0.46
2155,39123,Ohio,Ottawa,88,0.312173886,4.0,-0.38 to -0.06,0.256310362,4.0,-0.37 to -0.17
2156,39125,Ohio,Paulding,88,0.440666421,3.0,-0.71 to -0.38,0.094497147,5.0,-0.17 to 0.03
2157,39127,Ohio,Perry,88,-0.3392569134,6.0,0.28 to 0.6,-0.119367386,6.0,0.03 to 0.24
2158,39129,Ohio,Pickaway,88,0.107282678,4.0,-0.38 to -0.06,0.259113448,4.0,-0.37 to -0.17
2159,39131,Ohio,Pike,88,-1.2134962653,8.0,0.96 to 1.38,-0.5959378392,8.0,0.47 to 0.72
2160,39133,Ohio,Portage,88,0.426880033,3.0,-0.71 to -0.38,0.233299555,4.0,-0.37 to -0.17
2161,39135,Ohio,Preble,88,0.112234242,4.0,-0.38 to -0.06,0.197154456,4.0,-0.37 to -0.17
2162,39137,Ohio,Putnam,88,0.959657218,2.0,-1.07 to -0.71,0.744742859,2.0,-0.81 to -0.58
2163,39139,Ohio,Richland,88,-0.2519802396,5.0,-0.05 to 0.27,-0.0286077095,5.0,-0.17 to 0.03
2164,39141,Ohio,Ross,88,-0.503505462,6.0,0.28 to 0.6,0.00402675,5.0,-0.17 to 0.03
2165,39143,Ohio,Sandusky,88,0.137713875,4.0,-0.38 to -0.06,0.253687241,4.0,-0.37 to -0.17
2166,39145,Ohio,Scioto,88,-1.1826241155,8.0,0.96 to 1.38,-0.3953248904,7.0,0.24 to 0.46
2167,39147,Ohio,Seneca,88,-0.0767082624,5.0,-0.05 to 0.27,0.270593712,4.0,-0.37 to -0.17
2168,39149,Ohio,Shelby,88,0.246464281,4.0,-0.38 to -0.06,0.370764717,4.0,-0.37 to -0.17
2169,39151,Ohio,Stark,88,0.190797283,4.0,-0.38 to -0.06,0.158403417,5.0,-0.17 to 0.03
2170,39153,Ohio,Summit,88,-0.0207298893,5.0,-0.05 to 0.27,0.247773674,4.0,-0.37 to -0.17
2171,39155,Ohio,Trumbull,88,-0.5205670358,6.0,0.28 to 0.6,-0.2812020832,7.0,0.24 to 0.46
2172,39157,Ohio,Tuscarawas,88,0.140638209,4.0,-0.38 to -0.06,0.009033928,5.0,-0.17 to 0.03
2173,39159,Ohio,Union,88,1.035230983,2.0,-1.07 to -0.71,0.8610711,1.0,-1.61 to -0.81
2174,39161,Ohio,Van Wert,88,0.263253876,4.0,-0.38 to -0.06,0.445327999,3.0,-0.58 to -0.37
2175,39163,Ohio,Vinton,88,-1.5992140175,9.0,1.39 to 1.93,-0.5675029955,8.0,0.47 to 0.72
2176,39165,Ohio,Warren,88,1.02173786,2.0,-1.07 to -0.71,0.637186088,2.0,-0.81 to -0.58
2177,39167,Ohio,Washington,88,-0.0643452351,5.0,-0.05 to 0.27,0.264337733,4.0,-0.37 to -0.17
2178,39169,Ohio,Wayne,88,0.321663099,4.0,-0.38 to -0.06,0.234113255,4.0,-0.37 to -0.17
2179,39171,Ohio,Williams,88,0.432247361,3.0,-0.71 to -0.38,0.342569956,4.0,-0.37 to -0.17
2180,39173,Ohio,Wood,88,0.784058433,2.0,-1.07 to -0.71,0.538682826,3.0,-0.58 to -0.37
2181,39175,Ohio,Wyandot,88,0.401375148,3.0,-0.71 to -0.38,0.460538057,3.0,-0.58 to -0.37
2183,40001,Oklahoma,Adair,77,-1.3122501986,8.0,0.96 to 1.38,-0.946054106,9.0,0.73 to 1.09
2184,40003,Oklahoma,Alfalfa,77,0.589807105,3.0,-0.71 to -0.38,-0.1189024377,6.0,0.03 to 0.24
2185,40005,Oklahoma,Atoka,77,-0.5460548748,6.0,0.28 to 0.6,-0.860786431,9.0,0.73 to 1.09
2186,40007,Oklahoma,Beaver,77,0.331703996,4.0,-0.38 to -0.06,-0.0453128913,6.0,0.03 to 0.24
2187,40009,Oklahoma,Beckham,77,-0.402521225,6.0,0.28 to 0.6,-0.4445733165,7.0,0.24 to 0.46
2188,40011,Oklahoma,Blaine,77,-0.7205922875,7.0,0.6 to 0.95,-0.3358648287,7.0,0.24 to 0.46
2189,40013,Oklahoma,Bryan,77,-0.5128334087,6.0,0.28 to 0.6,-0.5314085847,8.0,0.47 to 0.72
2190,40015,Oklahoma,Caddo,77,-1.1367750657,8.0,0.96 to 1.38,-0.5543124382,8.0,0.47 to 0.72
2191,40017,Oklahoma,Canadian,77,0.718309346,2.0,-1.07 to -0.71,0.409132834,3.0,-0.58 to -0.37
2192,40019,Oklahoma,Carter,77,-0.546714144,6.0,0.28 to 0.6,-0.3760425001,7.0,0.24 to 0.46
2193,40021,Oklahoma,Cherokee,77,-0.6000395677,6.0,0.28 to 0.6,-0.3397163461,7.0,0.24 to 0.46
2194,40023,Oklahoma,Choctaw,77,-1.4701340057,9.0,1.39 to 1.93,-1.0031547298,9.0,0.73 to 1.09
2195,40025,Oklahoma,Cimarron,77,-0.080951608,5.0,-0.05 to 0.27,-0.4244970279,7.0,0.24 to 0.46
2196,40027,Oklahoma,Cleveland,77,0.442737746,3.0,-0.71 to -0.38,0.309626763,4.0,-0.37 to -0.17
2197,40029,Oklahoma,Coal,77,-1.1000752806,8.0,0.96 to 1.38,-0.9499867418,9.0,0.73 to 1.09
2198,40031,Oklahoma,Comanche,77,-0.2066724311,5.0,-0.05 to 0.27,-0.1981075545,6.0,0.03 to 0.24
2199,40033,Oklahoma,Cotton,77,-0.4311697763,6.0,0.28 to 0.6,-0.615952062,8.0,0.47 to 0.72
2200,40035,Oklahoma,Craig,77,-0.4729656434,6.0,0.28 to 0.6,-0.5969111156,8.0,0.47 to 0.72
2201,40037,Oklahoma,Creek,77,-0.3808887738,6.0,0.28 to 0.6,-0.1491645883,6.0,0.03 to 0.24
2202,40039,Oklahoma,Custer,77,0.039949778,5.0,-0.05 to 0.27,-0.0592820296,6.0,0.03 to 0.24
2203,40041,Oklahoma,Delaware,77,-0.613053534,7.0,0.6 to 0.95,-0.6390790313,8.0,0.47 to 0.72
2204,40043,Oklahoma,Dewey,77,0.36549476,4.0,-0.38 to -0.06,-0.0944572397,6.0,0.03 to 0.24
2205,40045,Oklahoma,Ellis,77,-0.6588840991,7.0,0.6 to 0.95,0.094443454,5.0,-0.17 to 0.03
2206,40047,Oklahoma,Garfield,77,-0.2699245016,5.0,-0.05 to 0.27,-0.1694715817,6.0,0.03 to 0.24
2207,40049,Oklahoma,Garvin,77,-0.6584699314,7.0,0.6 to 0.95,-0.3440525324,7.0,0.24 to 0.46
2208,40051,Oklahoma,Grady,77,-0.0116367999,5.0,-0.05 to 0.27,-0.0918504737,6.0,0.03 to 0.24
2209,40053,Oklahoma,Grant,77,0.079899962,4.0,-0.38 to -0.06,-0.0999468415,6.0,0.03 to 0.24
2210,40055,Oklahoma,Greer,77,-0.1870591766,5.0,-0.05 to 0.27,-0.6989819738,8.0,0.47 to 0.72
2211,40057,Oklahoma,Harmon,77,-1.3854531186,9.0,1.39 to 1.93,-0.4028880597,7.0,0.24 to 0.46
2212,40059,Oklahoma,Harper,77,0.049422259,5.0,-0.05 to 0.27,0.134493434,5.0,-0.17 to 0.03
2213,40061,Oklahoma,Haskell,77,-0.7028376472,7.0,0.6 to 0.95,-0.808046467,9.0,0.73 to 1.09
2214,40063,Oklahoma,Hughes,77,-1.1522644941,8.0,0.96 to 1.38,-0.7480922915,9.0,0.73 to 1.09
2215,40065,Oklahoma,Jackson,77,-0.1702324739,5.0,-0.05 to 0.27,-0.1021440594,6.0,0.03 to 0.24
2216,40067,Oklahoma,Jefferson,77,-0.709572095,7.0,0.6 to 0.95,-0.9196400441,9.0,0.73 to 1.09
2217,40069,Oklahoma,Johnston,77,-0.9125181719,7.0,0.6 to 0.95,-0.5639284967,8.0,0.47 to 0.72
2218,40071,Oklahoma,Kay,77,-0.5236905813,6.0,0.28 to 0.6,-0.3010891279,7.0,0.24 to 0.46
2219,40073,Oklahoma,Kingfisher,77,0.532197719,3.0,-0.71 to -0.38,0.213226803,4.0,-0.37 to -0.17
2220,40075,Oklahoma,Kiowa,77,-0.934172814,7.0,0.6 to 0.95,-0.4722381763,8.0,0.47 to 0.72
2221,40077,Oklahoma,Latimer,77,-0.7760284978,7.0,0.6 to 0.95,-0.7568810898,9.0,0.73 to 1.09
2222,40079,Oklahoma,Le Flore,77,-0.7760963567,7.0,0.6 to 0.95,-0.7079608865,8.0,0.47 to 0.72
2223,40081,Oklahoma,Lincoln,77,-0.1319693063,5.0,-0.05 to 0.27,-0.4363668495,7.0,0.24 to 0.46
2224,40083,Oklahoma,Logan,77,0.59829597,3.0,-0.71 to -0.38,0.084286152,5.0,-0.17 to 0.03
2225,40085,Oklahoma,Love,77,-0.2449477585,5.0,-0.05 to 0.27,-0.2821939646,7.0,0.24 to 0.46
2226,40087,Oklahoma,McClain,77,0.427725739,3.0,-0.71 to -0.38,0.141938507,5.0,-0.17 to 0.03
2227,40089,Oklahoma,McCurtain,77,-1.3739136714,8.0,0.96 to 1.38,-0.7851448187,9.0,0.73 to 1.09
2228,40091,Oklahoma,McIntosh,77,-0.9348838723,7.0,0.6 to 0.95,-0.9595046187,9.0,0.73 to 1.09
2229,40093,Oklahoma,Major,77,0.152994506,4.0,-0.38 to -0.06,-0.090883036,6.0,0.03 to 0.24
2230,40095,Oklahoma,Marshall,77,-0.4299449263,6.0,0.28 to 0.6,-0.5737144213,8.0,0.47 to 0.72
2231,40097,Oklahoma,Mayes,77,-0.7311657249,7.0,0.6 to 0.95,-0.2385415831,6.0,0.03 to 0.24
2232,40099,Oklahoma,Murray,77,-0.2237560393,5.0,-0.05 to 0.27,-0.5451870425,8.0,0.47 to 0.72
2233,40101,Oklahoma,Muskogee,77,-0.8169015826,7.0,0.6 to 0.95,-0.5293713165,8.0,0.47 to 0.72
2234,40103,Oklahoma,Noble,77,0.033865117,5.0,-0.05 to 0.27,-0.1151109271,6.0,0.03 to 0.24
2235,40105,Oklahoma,Nowata,77,-0.5800073133,6.0,0.28 to 0.6,-0.383910735,7.0,0.24 to 0.46
2236,40107,Oklahoma,Okfuskee,77,-1.1628329566,8.0,0.96 to 1.38,-0.9047228479,9.0,0.73 to 1.09
2237,40109,Oklahoma,Oklahoma,77,-0.1034362954,5.0,-0.05 to 0.27,0.053312171,5.0,-0.17 to 0.03
2238,40111,Oklahoma,Okmulgee,77,-0.9773839434,8.0,0.96 to 1.38,-0.5131527384,8.0,0.47 to 0.72
2239,40113,Oklahoma,Osage,77,-0.0969980843,5.0,-0.05 to 0.27,-0.3625788303,7.0,0.24 to 0.46
2240,40115,Oklahoma,Ottawa,77,-1.0620669329,8.0,0.96 to 1.38,-0.4974860338,8.0,0.47 to 0.72
2241,40117,Oklahoma,Pawnee,77,-0.4505028807,6.0,0.28 to 0.6,-0.4761365328,8.0,0.47 to 0.72
2242,40119,Oklahoma,Payne,77,0.183281953,4.0,-0.38 to -0.06,-0.1112686882,6.0,0.03 to 0.24
2243,40121,Oklahoma,Pittsburg,77,-0.6539743158,7.0,0.6 to 0.95,-0.4935076654,8.0,0.47 to 0.72
2244,40123,Oklahoma,Pontotoc,77,-0.5537478386,6.0,0.28 to 0.6,0.037124511,5.0,-0.17 to 0.03
2245,40125,Oklahoma,Pottawatomie,77,-0.4943171925,6.0,0.28 to 0.6,-0.2641409292,7.0,0.24 to 0.46
2246,40127,Oklahoma,Pushmataha,77,-1.4491399523,9.0,1.39 to 1.93,-0.9792014407,9.0,0.73 to 1.09
2247,40129,Oklahoma,Roger Mills,77,-0.1684788742,5.0,-0.05 to 0.27,-0.1413669409,6.0,0.03 to 0.24
2248,40131,Oklahoma,Rogers,77,0.461724312,3.0,-0.71 to -0.38,0.153628205,5.0,-0.17 to 0.03
2249,40133,Oklahoma,Seminole,77,-1.1698042545,8.0,0.96 to 1.38,-0.7587435437,9.0,0.73 to 1.09
2250,40135,Oklahoma,Sequoyah,77,-0.9816694824,8.0,0.96 to 1.38,-0.5593380355,8.0,0.47 to 0.72
2251,40137,Oklahoma,Stephens,77,-0.3125417736,6.0,0.28 to 0.6,-0.3723782804,7.0,0.24 to 0.46
2252,40139,Oklahoma,Texas,77,0.31448153,4.0,-0.38 to -0.06,-0.3003846402,7.0,0.24 to 0.46
2253,40141,Oklahoma,Tillman,77,-0.4371317818,6.0,0.28 to 0.6,-0.9040858021,9.0,0.73 to 1.09
2254,40143,Oklahoma,Tulsa,77,-0.0798901883,5.0,-0.05 to 0.27,0.163979499,5.0,-0.17 to 0.03
2255,40145,Oklahoma,Wagoner,77,0.296614657,4.0,-0.38 to -0.06,0.036804284,5.0,-0.17 to 0.03
2256,40147,Oklahoma,Washington,77,0.13043591,4.0,-0.38 to -0.06,0.023924728,5.0,-0.17 to 0.03
2257,40149,Oklahoma,Washita,77,-0.6252979242,7.0,0.6 to 0.95,-0.3103338249,7.0,0.24 to 0.46
2258,40151,Oklahoma,Woods,77,0.331353844,4.0,-0.38 to -0.06,0.123827004,5.0,-0.17 to 0.03
2259,40153,Oklahoma,Woodward,77,-0.0120213396,5.0,-0.05 to 0.27,-0.0023344031,5.0,-0.17 to 0.03
2261,41001,Oregon,Baker,36,0.001378609,5.0,-0.05 to 0.27,-0.0601866032,6.0,0.03 to 0.24
2262,41003,Oregon,Benton,36,1.187219113,1.0,-1.81 to -1.08,0.404135597,3.0,-0.58 to -0.37
2263,41005,Oregon,Clackamas,36,1.03408621,2.0,-1.07 to -0.71,-0.3125633107,7.0,0.24 to 0.46
2264,41007,Oregon,Clatsop,36,0.361321698,4.0,-0.38 to -0.06,0.236021793,4.0,-0.37 to -0.17
2265,41009,Oregon,Columbia,36,0.552682597,3.0,-0.71 to -0.38,0.038563498,5.0,-0.17 to 0.03
2266,41011,Oregon,Coos,36,0.105304483,4.0,-0.38 to -0.06,-0.1761260291,6.0,0.03 to 0.24
2267,41013,Oregon,Crook,36,0.484981609,3.0,-0.71 to -0.38,-0.2042008446,6.0,0.03 to 0.24
2268,41015,Oregon,Curry,36,-0.0994442235,5.0,-0.05 to 0.27,-0.1459469002,6.0,0.03 to 0.24
2269,41017,Oregon,Deschutes,36,1.079386471,1.0,-1.81 to -1.08,0.248060469,4.0,-0.37 to -0.17
2270,41019,Oregon,Douglas,36,-0.1272557425,5.0,-0.05 to 0.27,-0.5734548386,8.0,0.47 to 0.72
2271,41021,Oregon,Gilliam,36,0.316289515,4.0,-0.38 to -0.06,-0.3891063475,7.0,0.24 to 0.46
2272,41023,Oregon,Grant,36,0.493100819,3.0,-0.71 to -0.38,-0.1586719734,6.0,0.03 to 0.24
2273,41025,Oregon,Harney,36,-0.131552799,5.0,-0.05 to 0.27,-0.2720588448,7.0,0.24 to 0.46
2274,41027,Oregon,Hood River,36,1.119803185,1.0,-1.81 to -1.08,0.080272623,5.0,-0.17 to 0.03
2275,41029,Oregon,Jackson,36,0.294753383,4.0,-0.38 to -0.06,-0.122711919,6.0,0.03 to 0.24
2276,41031,Oregon,Jefferson,36,-0.1802966238,5.0,-0.05 to 0.27,-0.4589123031,7.0,0.24 to 0.46
2277,41033,Oregon,Josephine,36,-0.0659378544,5.0,-0.05 to 0.27,-0.5425696553,8.0,0.47 to 0.72
2278,41035,Oregon,Klamath,36,-0.3851621895,6.0,0.28 to 0.6,-0.7495341276,9.0,0.73 to 1.09
2279,41037,Oregon,Lake,36,-0.0930670894,5.0,-0.05 to 0.27,-0.5092542352,8.0,0.47 to 0.72
2280,41039,Oregon,Lane,36,0.275302646,4.0,-0.38 to -0.06,-0.0539462645,6.0,0.03 to 0.24
2281,41041,Oregon,Lincoln,36,0.151362797,4.0,-0.38 to -0.06,-0.0234683507,5.0,-0.17 to 0.03
2282,41043,Oregon,Linn,36,0.409533563,3.0,-0.71 to -0.38,-0.360115577,7.0,0.24 to 0.46
2283,41045,Oregon,Malheur,36,-0.0561496641,5.0,-0.05 to 0.27,-0.4610285039,7.0,0.24 to 0.46
2284,41047,Oregon,Marion,36,0.386292611,3.0,-0.71 to -0.38,-0.6189112693,8.0,0.47 to 0.72
2285,41049,Oregon,Morrow,36,0.169864111,4.0,-0.38 to -0.06,-0.3899096293,7.0,0.24 to 0.46
2286,41051,Oregon,Multnomah,36,0.528279974,3.0,-0.71 to -0.38,0.296900231,4.0,-0.37 to -0.17
2287,41053,Oregon,Polk,36,0.746869566,2.0,-1.07 to -0.71,0.097934977,5.0,-0.17 to 0.03
2288,41055,Oregon,Sherman,36,0.24914025,4.0,-0.38 to -0.06,-0.3986572441,7.0,0.24 to 0.46
2289,41057,Oregon,Tillamook,36,0.196311871,4.0,-0.38 to -0.06,0.102874209,5.0,-0.17 to 0.03
2290,41059,Oregon,Umatilla,36,0.292711185,4.0,-0.38 to -0.06,-0.454023332,7.0,0.24 to 0.46
2291,41061,Oregon,Union,36,0.160646914,4.0,-0.38 to -0.06,0.19386443,4.0,-0.37 to -0.17
2292,41063,Oregon,Wallowa,36,0.83734726,2.0,-1.07 to -0.71,0.3342823,4.0,-0.37 to -0.17
2293,41065,Oregon,Wasco,36,0.208283417,4.0,-0.38 to -0.06,-0.3974809546,7.0,0.24 to 0.46
2294,41067,Oregon,Washington,36,1.17031074,1.0,-1.81 to -1.08,0.603434081,2.0,-0.81 to -0.58
2295,41069,Oregon,Wheeler,36,0.259946975,4.0,-0.38 to -0.06,-0.3898534992,7.0,0.24 to 0.46
2296,41071,Oregon,Yamhill,36,0.70336456,3.0,-0.71 to -0.38,0.063691771,5.0,-0.17 to 0.03
2298,42001,Pennsylvania,Adams,67,0.777121975,2.0,-1.07 to -0.71,0.392837847,3.0,-0.58 to -0.37
2299,42003,Pennsylvania,Allegheny,67,0.417282107,3.0,-0.71 to -0.38,0.311981186,4.0,-0.37 to -0.17
2300,42005,Pennsylvania,Armstrong,67,0.138208716,4.0,-0.38 to -0.06,0.117953921,5.0,-0.17 to 0.03
2301,42007,Pennsylvania,Beaver,67,0.422138439,3.0,-0.71 to -0.38,0.23918841,4.0,-0.37 to -0.17
2302,42009,Pennsylvania,Bedford,67,0.28515071,4.0,-0.38 to -0.06,-0.0374093681,6.0,0.03 to 0.24
2303,42011,Pennsylvania,Berks,67,0.605996619,3.0,-0.71 to -0.38,0.053378557,5.0,-0.17 to 0.03
2304,42013,Pennsylvania,Blair,67,0.176589151,4.0,-0.38 to -0.06,0.204962684,4.0,-0.37 to -0.17
2305,42015,Pennsylvania,Bradford,67,0.593622826,3.0,-0.71 to -0.38,0.109924847,5.0,-0.17 to 0.03
2306,42017,Pennsylvania,Bucks,67,0.899604194,2.0,-1.07 to -0.71,0.560214361,3.0,-0.58 to -0.37
2307,42019,Pennsylvania,Butler,67,0.932781065,2.0,-1.07 to -0.71,0.472323946,3.0,-0.58 to -0.37
2308,42021,Pennsylvania,Cambria,67,-0.0894599073,5.0,-0.05 to 0.27,0.046545259,5.0,-0.17 to 0.03
2309,42023,Pennsylvania,Cameron,67,-0.4583122851,6.0,0.28 to 0.6,-0.140773143,6.0,0.03 to 0.24
2310,42025,Pennsylvania,Carbon,67,-0.0364298291,5.0,-0.05 to 0.27,-0.0731230414,6.0,0.03 to 0.24
2311,42027,Pennsylvania,Centre,67,1.186516896,1.0,-1.81 to -1.08,0.450894411,3.0,-0.58 to -0.37
2312,42029,Pennsylvania,Chester,67,1.426631415,1.0,-1.81 to -1.08,0.715810049,2.0,-0.81 to -0.58
2313,42031,Pennsylvania,Clarion,67,0.364018958,4.0,-0.38 to -0.06,-0.064899888,6.0,0.03 to 0.24
2314,42033,Pennsylvania,Clearfield,67,0.193751508,4.0,-0.38 to -0.06,0.046798009,5.0,-0.17 to 0.03
2315,42035,Pennsylvania,Clinton,67,0.374595777,4.0,-0.38 to -0.06,-0.0296766417,5.0,-0.17 to 0.03
2316,42037,Pennsylvania,Columbia,67,0.314338649,4.0,-0.38 to -0.06,0.156859513,5.0,-0.17 to 0.03
2317,42039,Pennsylvania,Crawford,67,0.15724042,4.0,-0.38 to -0.06,0.051698864,5.0,-0.17 to 0.03
2318,42041,Pennsylvania,Cumberland,67,1.033680058,2.0,-1.07 to -0.71,0.599834613,2.0,-0.81 to -0.58
2319,42043,Pennsylvania,Dauphin,67,0.236136014,4.0,-0.38 to -0.06,0.206265919,4.0,-0.37 to -0.17
2320,42045,Pennsylvania,Delaware,67,0.593204166,3.0,-0.71 to -0.38,0.387040377,3.0,-0.58 to -0.37
2321,42047,Pennsylvania,Elk,67,0.178903458,4.0,-0.38 to -0.06,0.380989793,3.0,-0.58 to -0.37
2322,42049,Pennsylvania,Erie,67,0.106597558,4.0,-0.38 to -0.06,0.167832196,5.0,-0.17 to 0.03
2323,42051,Pennsylvania,Fayette,67,-0.4537232883,6.0,0.28 to 0.6,-0.3483805707,7.0,0.24 to 0.46
2324,42053,Pennsylvania,Forest,67,0.04743206,5.0,-0.05 to 0.27,-0.3837388694,7.0,0.24 to 0.46
2325,42055,Pennsylvania,Franklin,67,0.543845329,3.0,-0.71 to -0.38,0.305541217,4.0,-0.37 to -0.17
2326,42057,Pennsylvania,Fulton,67,0.346218962,4.0,-0.38 to -0.06,0.076984126,5.0,-0.17 to 0.03
2327,42059,Pennsylvania,Greene,67,0.086915597,4.0,-0.38 to -0.06,-0.1156589628,6.0,0.03 to 0.24
2328,42061,Pennsylvania,Huntingdon,67,0.509201809,3.0,-0.71 to -0.38,-0.0613344724,6.0,0.03 to 0.24
2329,42063,Pennsylvania,Indiana,67,0.223001788,4.0,-0.38 to -0.06,-0.0272091334,5.0,-0.17 to 0.03
2330,42065,Pennsylvania,Jefferson,67,0.226692369,4.0,-0.38 to -0.06,-0.1215181012,6.0,0.03 to 0.24
2331,42067,Pennsylvania,Juniata,67,0.316989253,4.0,-0.38 to -0.06,-0.0443241977,6.0,0.03 to 0.24
2332,42069,Pennsylvania,Lackawanna,67,0.273014286,4.0,-0.38 to -0.06,0.102933533,5.0,-0.17 to 0.03
2333,42071,Pennsylvania,Lancaster,67,0.766303034,2.0,-1.07 to -0.71,0.233204169,4.0,-0.37 to -0.17
2334,42073,Pennsylvania,Lawrence,67,-0.2476183176,5.0,-0.05 to 0.27,0.110045678,5.0,-0.17 to 0.03
2335,42075,Pennsylvania,Lebanon,67,0.553814053,3.0,-0.71 to -0.38,0.299606184,4.0,-0.37 to -0.17
2336,42077,Pennsylvania,Lehigh,67,0.540234527,3.0,-0.71 to -0.38,0.233225285,4.0,-0.37 to -0.17
2337,42079,Pennsylvania,Luzerne,67,0.037260558,5.0,-0.05 to 0.27,-0.0792042958,6.0,0.03 to 0.24
2338,42081,Pennsylvania,Lycoming,67,0.313932501,4.0,-0.38 to -0.06,0.194949307,4.0,-0.37 to -0.17
2339,42083,Pennsylvania,McKean,67,-0.0375731019,5.0,-0.05 to 0.27,0.119995761,5.0,-0.17 to 0.03
2340,42085,Pennsylvania,Mercer,67,0.018844758,5.0,-0.05 to 0.27,0.098784868,5.0,-0.17 to 0.03
2341,42087,Pennsylvania,Mifflin,67,0.106724485,4.0,-0.38 to -0.06,-0.152327529,6.0,0.03 to 0.24
2342,42089,Pennsylvania,Monroe,67,0.234980644,4.0,-0.38 to -0.06,0.006844065,5.0,-0.17 to 0.03
2343,42091,Pennsylvania,Montgomery,67,1.145608555,1.0,-1.81 to -1.08,0.767939932,2.0,-0.81 to -0.58
2344,42093,Pennsylvania,Montour,67,0.58545082,3.0,-0.71 to -0.38,0.426468281,3.0,-0.58 to -0.37
2345,42095,Pennsylvania,Northampton,67,0.709887924,2.0,-1.07 to -0.71,0.343261669,4.0,-0.37 to -0.17
2346,42097,Pennsylvania,Northumberland,67,0.097055953,4.0,-0.38 to -0.06,0.075944659,5.0,-0.17 to 0.03
2347,42099,Pennsylvania,Perry,67,0.420519453,3.0,-0.71 to -0.38,0.08668958,5.0,-0.17 to 0.03
2348,42101,Pennsylvania,Philadelphia,67,-0.6354605692,7.0,0.6 to 0.95,-0.3330140918,7.0,0.24 to 0.46
2349,42103,Pennsylvania,Pike,67,0.678333252,3.0,-0.71 to -0.38,0.047123763,5.0,-0.17 to 0.03
2350,42105,Pennsylvania,Potter,67,0.437729746,3.0,-0.71 to -0.38,-0.1119803352,6.0,0.03 to 0.24
2351,42107,Pennsylvania,Schuylkill,67,-0.036270036,5.0,-0.05 to 0.27,-0.0727769203,6.0,0.03 to 0.24
2352,42109,Pennsylvania,Snyder,67,0.816397644,2.0,-1.07 to -0.71,0.064681963,5.0,-0.17 to 0.03
2353,42111,Pennsylvania,Somerset,67,0.155742537,4.0,-0.38 to -0.06,0.075345659,5.0,-0.17 to 0.03
2354,42113,Pennsylvania,Sullivan,67,0.295360863,4.0,-0.38 to -0.06,-0.1809741165,6.0,0.03 to 0.24
2355,42115,Pennsylvania,Susquehanna,67,0.591596647,3.0,-0.71 to -0.38,0.143579439,5.0,-0.17 to 0.03
2356,42117,Pennsylvania,Tioga,67,0.314536419,4.0,-0.38 to -0.06,0.061550546,5.0,-0.17 to 0.03
2357,42119,Pennsylvania,Union,67,1.047153925,2.0,-1.07 to -0.71,0.289982075,4.0,-0.37 to -0.17
2358,42121,Pennsylvania,Venango,67,-0.0954376638,5.0,-0.05 to 0.27,0.0436577,5.0,-0.17 to 0.03
2359,42123,Pennsylvania,Warren,67,0.159994521,4.0,-0.38 to -0.06,0.268628311,4.0,-0.37 to -0.17
2360,42125,Pennsylvania,Washington,67,0.426400683,3.0,-0.71 to -0.38,0.317612242,4.0,-0.37 to -0.17
2361,42127,Pennsylvania,Wayne,67,0.403829689,3.0,-0.71 to -0.38,0.001572598,5.0,-0.17 to 0.03
2362,42129,Pennsylvania,Westmoreland,67,0.569501604,3.0,-0.71 to -0.38,0.405905276,3.0,-0.58 to -0.37
2363,42131,Pennsylvania,Wyoming,67,0.328624727,4.0,-0.38 to -0.06,0.173751707,5.0,-0.17 to 0.03
2364,42133,Pennsylvania,York,67,0.491908058,3.0,-0.71 to -0.38,0.296952321,4.0,-0.37 to -0.17
2366,44001,Rhode Island,Bristol,5,1.338895761,1.0,-1.81 to -1.08,0.88821897,1.0,-1.61 to -0.81
2367,44003,Rhode Island,Kent,5,0.896216601,2.0,-1.07 to -0.71,0.66712243,2.0,-0.81 to -0.58
2368,44005,Rhode Island,Newport,5,1.348046766,1.0,-1.81 to -1.08,0.718361084,2.0,-0.81 to -0.58
2369,44007,Rhode Island,Providence,5,0.576190764,3.0,-0.71 to -0.38,0.1004645,5.0,-0.17 to 0.03
2370,44009,Rhode Island,Washington,5,1.316912972,1.0,-1.81 to -1.08,0.862018759,1.0,-1.61 to -0.81
2372,45001,South Carolina,Abbeville,46,-0.3865616164,6.0,0.28 to 0.6,-0.2222734047,6.0,0.03 to 0.24
2373,45003,South Carolina,Aiken,46,-0.2385035073,5.0,-0.05 to 0.27,0.041733175,5.0,-0.17 to 0.03
2374,45005,South Carolina,Allendale,46,-1.4325283545,9.0,1.39 to 1.93,-0.9310537203,9.0,0.73 to 1.09
2375,45007,South Carolina,Anderson,46,-0.145508808,5.0,-0.05 to 0.27,0.087767821,5.0,-0.17 to 0.03
2376,45009,South Carolina,Bamberg,46,-1.128302981,8.0,0.96 to 1.38,-0.921201124,9.0,0.73 to 1.09
2377,45011,South Carolina,Barnwell,46,-1.2516552696,8.0,0.96 to 1.38,-1.0052562029,9.0,0.73 to 1.09
2378,45013,South Carolina,Beaufort,46,0.804888868,2.0,-1.07 to -0.71,0.389925918,3.0,-0.58 to -0.37
2379,45015,South Carolina,Berkeley,46,0.354250613,4.0,-0.38 to -0.06,0.389521749,3.0,-0.58 to -0.37
2380,45017,South Carolina,Calhoun,46,-0.8008172021,7.0,0.6 to 0.95,-0.1772356254,6.0,0.03 to 0.24
2381,45019,South Carolina,Charleston,46,0.641715781,3.0,-0.71 to -0.38,0.568764289,3.0,-0.58 to -0.37
2382,45021,South Carolina,Cherokee,46,-0.8375657183,7.0,0.6 to 0.95,-0.285011131,7.0,0.24 to 0.46
2383,45023,South Carolina,Chester,46,-1.2916041647,8.0,0.96 to 1.38,-0.3951820939,7.0,0.24 to 0.46
2384,45025,South Carolina,Chesterfield,46,-0.909927089,7.0,0.6 to 0.95,-0.4606575001,7.0,0.24 to 0.46
2385,45027,South Carolina,Clarendon,46,-1.0519751289,8.0,0.96 to 1.38,-0.4688461267,8.0,0.47 to 0.72
2386,45029,South Carolina,Colleton,46,-1.5115776285,9.0,1.39 to 1.93,-0.495689802,8.0,0.47 to 0.72
2387,45031,South Carolina,Darlington,46,-1.1057188945,8.0,0.96 to 1.38,-0.3077282108,7.0,0.24 to 0.46
2388,45033,South Carolina,Dillon,46,-2.1641601527,10.0,1.95 to 3.17,-0.7776828441,9.0,0.73 to 1.09
2389,45035,South Carolina,Dorchester,46,0.3600189,4.0,-0.38 to -0.06,0.337082074,4.0,-0.37 to -0.17
2390,45037,South Carolina,Edgefield,46,-0.4074719985,6.0,0.28 to 0.6,-0.316204035,7.0,0.24 to 0.46
2391,45039,South Carolina,Fairfield,46,-1.4997334496,9.0,1.39 to 1.93,-0.5902067438,8.0,0.47 to 0.72
2392,45041,South Carolina,Florence,46,-0.976365497,8.0,0.96 to 1.38,-0.1665472134,6.0,0.03 to 0.24
2393,45043,South Carolina,Georgetown,46,-0.339726996,6.0,0.28 to 0.6,0.008088037,5.0,-0.17 to 0.03
2394,45045,South Carolina,Greenville,46,0.516827463,3.0,-0.71 to -0.38,0.473340358,3.0,-0.58 to -0.37
2395,45047,South Carolina,Greenwood,46,-0.618464567,7.0,0.6 to 0.95,-0.08450253,6.0,0.03 to 0.24
2396,45049,South Carolina,Hampton,46,-1.4309996979,9.0,1.39 to 1.93,-0.5449600053,8.0,0.47 to 0.72
2397,45051,South Carolina,Horry,46,-0.0198010492,5.0,-0.05 to 0.27,0.110548926,5.0,-0.17 to 0.03
2398,45053,South Carolina,Jasper,46,-0.4213462953,6.0,0.28 to 0.6,-0.2510783497,7.0,0.24 to 0.46
2399,45055,South Carolina,Kershaw,46,-0.2908172346,6.0,0.28 to 0.6,0.124883126,5.0,-0.17 to 0.03
2400,45057,South Carolina,Lancaster,46,0.033785157,5.0,-0.05 to 0.27,0.195953651,4.0,-0.37 to -0.17
2401,45059,South Carolina,Laurens,46,-0.687119895,7.0,0.6 to 0.95,-0.2599951683,7.0,0.24 to 0.46
2402,45061,South Carolina,Lee,46,-1.8485168495,9.0,1.39 to 1.93,-0.598065394,8.0,0.47 to 0.72
2403,45063,South Carolina,Lexington,46,0.406645859,3.0,-0.71 to -0.38,0.364580554,4.0,-0.37 to -0.17
2404,45065,South Carolina,McCormick,46,-0.7824216618,7.0,0.6 to 0.95,-0.233325997,6.0,0.03 to 0.24
2405,45067,South Carolina,Marion,46,-2.010375531,10.0,1.95 to 3.17,-0.8111821347,9.0,0.73 to 1.09
2406,45069,South Carolina,Marlboro,46,-1.5904069259,9.0,1.39 to 1.93,-1.1215799938,10.0,1.09 to 1.98
2407,45071,South Carolina,Newberry,46,-0.6604892651,7.0,0.6 to 0.95,-0.0377667535,6.0,0.03 to 0.24
2408,45073,South Carolina,Oconee,46,0.052001595,5.0,-0.05 to 0.27,0.071973321,5.0,-0.17 to 0.03
2409,45075,South Carolina,Orangeburg,46,-1.3701559285,8.0,0.96 to 1.38,-0.6499403586,8.0,0.47 to 0.72
2410,45077,South Carolina,Pickens,46,0.109174228,4.0,-0.38 to -0.06,-0.0901891944,6.0,0.03 to 0.24
2411,45079,South Carolina,Richland,46,0.056865501,4.0,-0.38 to -0.06,0.299925887,4.0,-0.37 to -0.17
2412,45081,South Carolina,Saluda,46,-0.1563788548,5.0,-0.05 to 0.27,-0.3004840004,7.0,0.24 to 0.46
2413,45083,South Carolina,Spartanburg,46,-0.0148753143,5.0,-0.05 to 0.27,0.097730031,5.0,-0.17 to 0.03
2414,45085,South Carolina,Sumter,46,-0.613974399,7.0,0.6 to 0.95,-0.095106727,6.0,0.03 to 0.24
2415,45087,South Carolina,Union,46,-1.4579371511,9.0,1.39 to 1.93,-0.5542901638,8.0,0.47 to 0.72
2416,45089,South Carolina,Williamsburg,46,-1.3895187619,9.0,1.39 to 1.93,-1.0037735885,9.0,0.73 to 1.09
2417,45091,South Carolina,York,46,0.622541884,3.0,-0.71 to -0.38,0.469013428,3.0,-0.58 to -0.37
2419,46003,South Dakota,Aurora,62,0.648657813,3.0,-0.71 to -0.38,0.555209805,3.0,-0.58 to -0.37
2420,46005,South Dakota,Beadle,62,0.794314937,2.0,-1.07 to -0.71,0.282583948,4.0,-0.37 to -0.17
2421,46007,South Dakota,Bennett,62,-1.4053154495,9.0,1.39 to 1.93,-0.707063335,8.0,0.47 to 0.72
2422,46009,South Dakota,Bon Homme,62,1.08228405,1.0,-1.81 to -1.08,0.346385008,4.0,-0.37 to -0.17
2423,46011,South Dakota,Brookings,62,1.310057478,1.0,-1.81 to -1.08,1.021521338,1.0,-1.61 to -0.81
2424,46013,South Dakota,Brown,62,1.174760626,1.0,-1.81 to -1.08,0.697158049,2.0,-0.81 to -0.58
2425,46015,South Dakota,Brule,62,0.739672389,2.0,-1.07 to -0.71,0.583294018,2.0,-0.81 to -0.58
2426,46017,South Dakota,Buffalo,62,-1.9479925576,10.0,1.95 to 3.17,-1.1280128474,10.0,1.09 to 1.98
2427,46019,South Dakota,Butte,62,1.237642973,1.0,-1.81 to -1.08,0.248293699,4.0,-0.37 to -0.17
2428,46021,South Dakota,Campbell,62,0.598647407,3.0,-0.71 to -0.38,0.519327744,3.0,-0.58 to -0.37
2429,46023,South Dakota,Charles Mix,62,-0.4083295668,6.0,0.28 to 0.6,-0.1242921654,6.0,0.03 to 0.24
2430,46025,South Dakota,Clark,62,0.407422724,3.0,-0.71 to -0.38,0.336765159,4.0,-0.37 to -0.17
2431,46027,South Dakota,Clay,62,0.910326557,2.0,-1.07 to -0.71,0.574411253,3.0,-0.58 to -0.37
2432,46029,South Dakota,Codington,62,1.131410239,1.0,-1.81 to -1.08,0.547372762,3.0,-0.58 to -0.37
2433,46031,South Dakota,Corson,62,-1.7464200211,9.0,1.39 to 1.93,-0.8885643602,9.0,0.73 to 1.09
2434,46033,South Dakota,Custer,62,1.415874989,1.0,-1.81 to -1.08,0.639209834,2.0,-0.81 to -0.58
2435,46035,South Dakota,Davison,62,0.8925017,2.0,-1.07 to -0.71,0.595169104,2.0,-0.81 to -0.58
2436,46037,South Dakota,Day,62,1.1727224,1.0,-1.81 to -1.08,0.284268231,4.0,-0.37 to -0.17
2437,46039,South Dakota,Deuel,62,0.640111607,3.0,-0.71 to -0.38,0.646185569,2.0,-0.81 to -0.58
2438,46041,South Dakota,Dewey,62,-1.8258452572,9.0,1.39 to 1.93,-0.7817080612,9.0,0.73 to 1.09
2439,46043,South Dakota,Douglas,62,0.518507639,3.0,-0.71 to -0.38,0.452508523,3.0,-0.58 to -0.37
2440,46045,South Dakota,Edmunds,62,0.592974099,3.0,-0.71 to -0.38,0.710068088,2.0,-0.81 to -0.58
2441,46047,South Dakota,Fall River,62,-0.0471670163,5.0,-0.05 to 0.27,0.103025167,5.0,-0.17 to 0.03
2442,46049,South Dakota,Faulk,62,0.622023787,3.0,-0.71 to -0.38,0.178735097,4.0,-0.37 to -0.17
2443,46051,South Dakota,Grant,62,1.378775545,1.0,-1.81 to -1.08,0.736699722,2.0,-0.81 to -0.58
2444,46053,South Dakota,Gregory,62,0.027959513,5.0,-0.05 to 0.27,0.26604132,4.0,-0.37 to -0.17
2445,46055,South Dakota,Haakon,62,0.44830842,3.0,-0.71 to -0.38,0.321595977,4.0,-0.37 to -0.17
2446,46057,South Dakota,Hamlin,62,1.47152018,1.0,-1.81 to -1.08,0.530666257,3.0,-0.58 to -0.37
2447,46059,South Dakota,Hand,62,0.842893058,2.0,-1.07 to -0.71,0.827120278,1.0,-1.61 to -0.81
2448,46061,South Dakota,Hanson,62,0.750235467,2.0,-1.07 to -0.71,0.714008145,2.0,-0.81 to -0.58
2450,46065,South Dakota,Hughes,62,0.715759709,2.0,-1.07 to -0.71,1.03586515,1.0,-1.61 to -0.81
2451,46067,South Dakota,Hutchinson,62,1.287292047,1.0,-1.81 to -1.08,0.670680074,2.0,-0.81 to -0.58
2453,46071,South Dakota,Jackson,62,-1.4209873922,9.0,1.39 to 1.93,-1.0409730686,9.0,0.73 to 1.09
2456,46077,South Dakota,Kingsbury,62,1.463262802,1.0,-1.81 to -1.08,0.57047859,3.0,-0.58 to -0.37
2457,46079,South Dakota,Lake,62,1.442220762,1.0,-1.81 to -1.08,0.927073077,1.0,-1.61 to -0.81
2458,46081,South Dakota,Lawrence,62,1.191932486,1.0,-1.81 to -1.08,0.829242757,1.0,-1.61 to -0.81
2459,46083,South Dakota,Lincoln,62,1.719596643,1.0,-1.81 to -1.08,1.175623372,1.0,-1.61 to -0.81
2460,46085,South Dakota,Lyman,62,-1.2833117381,8.0,0.96 to 1.38,0.0506002,5.0,-0.17 to 0.03
2461,46087,South Dakota,McCook,62,1.354482416,1.0,-1.81 to -1.08,0.813718224,1.0,-1.61 to -0.81
2462,46089,South Dakota,McPherson,62,0.242383292,4.0,-0.38 to -0.06,0.035042304,5.0,-0.17 to 0.03
2463,46091,South Dakota,Marshall,62,0.896260441,2.0,-1.07 to -0.71,0.487747605,3.0,-0.58 to -0.37
2464,46093,South Dakota,Meade,62,1.121952843,1.0,-1.81 to -1.08,0.815351426,1.0,-1.61 to -0.81
2465,46095,South Dakota,Mellette,62,-1.8246059961,9.0,1.39 to 1.93,-0.9763997818,9.0,0.73 to 1.09
2466,46097,South Dakota,Miner,62,0.553079813,3.0,-0.71 to -0.38,0.541054466,3.0,-0.58 to -0.37
2467,46099,South Dakota,Minnehaha,62,1.086723753,1.0,-1.81 to -1.08,0.855543553,1.0,-1.61 to -0.81
2468,46101,South Dakota,Moody,62,0.685373914,3.0,-0.71 to -0.38,0.620897678,2.0,-0.81 to -0.58
2469,46102,South Dakota,Oglala Lakota,62,-2.232581256,10.0,1.95 to 3.17,-1.4920798995,10.0,1.09 to 1.98
2470,46103,South Dakota,Pennington,62,0.449843933,3.0,-0.71 to -0.38,0.582049883,2.0,-0.81 to -0.58
2471,46105,South Dakota,Perkins,62,0.602344377,3.0,-0.71 to -0.38,0.521619985,3.0,-0.58 to -0.37
2472,46107,South Dakota,Potter,62,0.623434868,3.0,-0.71 to -0.38,0.825781944,1.0,-1.61 to -0.81
2473,46109,South Dakota,Roberts,62,-0.3513620892,6.0,0.28 to 0.6,0.025129202,5.0,-0.17 to 0.03
2474,46111,South Dakota,Sanborn,62,0.341206222,4.0,-0.38 to -0.06,0.313965076,4.0,-0.37 to -0.17
2476,46115,South Dakota,Spink,62,1.04162937,2.0,-1.07 to -0.71,0.414187511,3.0,-0.58 to -0.37
2477,46117,South Dakota,Stanley,62,0.661818689,3.0,-0.71 to -0.38,0.770480124,2.0,-0.81 to -0.58
2478,46119,South Dakota,Sully,62,0.632014151,3.0,-0.71 to -0.38,0.736950898,2.0,-0.81 to -0.58
2479,46121,South Dakota,Todd,62,-2.1899381035,10.0,1.95 to 3.17,-1.2023804736,10.0,1.09 to 1.98
2480,46123,South Dakota,Tripp,62,-0.1766201152,5.0,-0.05 to 0.27,0.062203492,5.0,-0.17 to 0.03
2481,46125,South Dakota,Turner,62,1.240015632,1.0,-1.81 to -1.08,0.620091872,2.0,-0.81 to -0.58
2482,46127,South Dakota,Union,62,1.539988724,1.0,-1.81 to -1.08,0.957642546,1.0,-1.61 to -0.81
2483,46129,South Dakota,Walworth,62,0.866934485,2.0,-1.07 to -0.71,0.307827187,4.0,-0.37 to -0.17
2484,46135,South Dakota,Yankton,62,1.2411,1.0,-1.81 to -1.08,0.934026588,1.0,-1.61 to -0.81
2485,46137,South Dakota,Ziebach,62,-1.9888636783,10.0,1.95 to 3.17,-0.8630531662,9.0,0.73 to 1.09
2487,47001,Tennessee,Anderson,95,-0.6177523845,7.0,0.6 to 0.95,0.168075574,5.0,-0.17 to 0.03
2488,47003,Tennessee,Bedford,95,-0.4861778202,6.0,0.28 to 0.6,-0.1163527754,6.0,0.03 to 0.24
2489,47005,Tennessee,Benton,95,-0.9055582717,7.0,0.6 to 0.95,-0.2995393611,7.0,0.24 to 0.46
2490,47007,Tennessee,Bledsoe,95,-0.511661629,6.0,0.28 to 0.6,-0.8157728302,9.0,0.73 to 1.09
2491,47009,Tennessee,Blount,95,-0.0437684573,5.0,-0.05 to 0.27,0.385292449,3.0,-0.58 to -0.37
2492,47011,Tennessee,Bradley,95,-0.1608161485,5.0,-0.05 to 0.27,0.085263682,5.0,-0.17 to 0.03
2493,47013,Tennessee,Campbell,95,-1.6121571984,9.0,1.39 to 1.93,-0.554612989,8.0,0.47 to 0.72
2494,47015,Tennessee,Cannon,95,-0.9393517233,7.0,0.6 to 0.95,-0.3193638278,7.0,0.24 to 0.46
2495,47017,Tennessee,Carroll,95,-0.8777361984,7.0,0.6 to 0.95,-0.183015425,6.0,0.03 to 0.24
2496,47019,Tennessee,Carter,95,-0.8088027444,7.0,0.6 to 0.95,-0.1575591581,6.0,0.03 to 0.24
2497,47021,Tennessee,Cheatham,95,-0.3153781138,6.0,0.28 to 0.6,0.261249149,4.0,-0.37 to -0.17
2498,47023,Tennessee,Chester,95,-0.4818717533,6.0,0.28 to 0.6,0.082587612,5.0,-0.17 to 0.03
2499,47025,Tennessee,Claiborne,95,-0.9633633053,8.0,0.96 to 1.38,-0.343318306,7.0,0.24 to 0.46
2500,47027,Tennessee,Clay,95,-0.9405440663,7.0,0.6 to 0.95,-0.937292749,9.0,0.73 to 1.09
2501,47029,Tennessee,Cocke,95,-1.5793913465,9.0,1.39 to 1.93,-0.469978599,8.0,0.47 to 0.72
2502,47031,Tennessee,Coffee,95,-0.7729601156,7.0,0.6 to 0.95,0.093312474,5.0,-0.17 to 0.03
2503,47033,Tennessee,Crockett,95,-0.7008385197,7.0,0.6 to 0.95,-0.1200534313,6.0,0.03 to 0.24
2504,47035,Tennessee,Cumberland,95,-0.5934346237,6.0,0.28 to 0.6,-0.0246925452,5.0,-0.17 to 0.03
2505,47037,Tennessee,Davidson,95,-0.1114413025,5.0,-0.05 to 0.27,0.321947239,4.0,-0.37 to -0.17
2506,47039,Tennessee,Decatur,95,-0.8417234575,7.0,0.6 to 0.95,-0.3271192257,7.0,0.24 to 0.46
2507,47041,Tennessee,DeKalb,95,-1.0362851503,8.0,0.96 to 1.38,-0.4577334859,7.0,0.24 to 0.46
2508,47043,Tennessee,Dickson,95,-0.3498104953,6.0,0.28 to 0.6,0.301765499,4.0,-0.37 to -0.17
2509,47045,Tennessee,Dyer,95,-1.1240963582,8.0,0.96 to 1.38,-0.1048334248,6.0,0.03 to 0.24
2510,47047,Tennessee,Fayette,95,-0.3010107202,6.0,0.28 to 0.6,0.096521375,5.0,-0.17 to 0.03
2511,47049,Tennessee,Fentress,95,-1.2034497349,8.0,0.96 to 1.38,-0.2734887006,7.0,0.24 to 0.46
2512,47051,Tennessee,Franklin,95,-0.3666301955,6.0,0.28 to 0.6,0.070855961,5.0,-0.17 to 0.03
2513,47053,Tennessee,Gibson,95,-0.8170515499,7.0,0.6 to 0.95,0.031346589,5.0,-0.17 to 0.03
2514,47055,Tennessee,Giles,95,-0.8631361992,7.0,0.6 to 0.95,-0.2078621271,6.0,0.03 to 0.24
2515,47057,Tennessee,Grainger,95,-1.0598587858,8.0,0.96 to 1.38,-0.4482352402,7.0,0.24 to 0.46
2516,47059,Tennessee,Greene,95,-0.7653814061,7.0,0.6 to 0.95,-0.233556369,6.0,0.03 to 0.24
2517,47061,Tennessee,Grundy,95,-1.2747629596,8.0,0.96 to 1.38,-0.6607476475,8.0,0.47 to 0.72
2518,47063,Tennessee,Hamblen,95,-0.858749133,7.0,0.6 to 0.95,-0.0844547035,6.0,0.03 to 0.24
2519,47065,Tennessee,Hamilton,95,0.012745551,5.0,-0.05 to 0.27,0.39256059,3.0,-0.58 to -0.37
2520,47067,Tennessee,Hancock,95,-1.5009540586,9.0,1.39 to 1.93,-1.0355308714,9.0,0.73 to 1.09
2521,47069,Tennessee,Hardeman,95,-1.3640353901,8.0,0.96 to 1.38,-0.4982605971,8.0,0.47 to 0.72
2522,47071,Tennessee,Hardin,95,-0.9633999139,8.0,0.96 to 1.38,-0.3094554216,7.0,0.24 to 0.46
2523,47073,Tennessee,Hawkins,95,-0.8438760128,7.0,0.6 to 0.95,-0.2531068164,7.0,0.24 to 0.46
2524,47075,Tennessee,Haywood,95,-1.6319641491,9.0,1.39 to 1.93,-0.5741345397,8.0,0.47 to 0.72
2525,47077,Tennessee,Henderson,95,-0.8076647458,7.0,0.6 to 0.95,-0.2090643302,6.0,0.03 to 0.24
2526,47079,Tennessee,Henry,95,-0.7649056724,7.0,0.6 to 0.95,-0.2012084838,6.0,0.03 to 0.24
2527,47081,Tennessee,Hickman,95,-0.9561650809,8.0,0.96 to 1.38,-0.1977562449,6.0,0.03 to 0.24
2528,47083,Tennessee,Houston,95,-0.95273744,7.0,0.6 to 0.95,-0.2217479796,6.0,0.03 to 0.24
2529,47085,Tennessee,Humphreys,95,-0.8350628053,7.0,0.6 to 0.95,-0.0091928104,5.0,-0.17 to 0.03
2530,47087,Tennessee,Jackson,95,-1.0535714789,8.0,0.96 to 1.38,-0.7863770953,9.0,0.73 to 1.09
2531,47089,Tennessee,Jefferson,95,-0.4259136792,6.0,0.28 to 0.6,0.062613704,5.0,-0.17 to 0.03
2532,47091,Tennessee,Johnson,95,-0.8315875478,7.0,0.6 to 0.95,-0.3423628703,7.0,0.24 to 0.46
2533,47093,Tennessee,Knox,95,-0.1157509817,5.0,-0.05 to 0.27,0.376300916,3.0,-0.58 to -0.37
2534,47095,Tennessee,Lake,95,-1.3602371249,8.0,0.96 to 1.38,-1.3729782475,10.0,1.09 to 1.98
2535,47097,Tennessee,Lauderdale,95,-1.4718042075,9.0,1.39 to 1.93,-0.6226140206,8.0,0.47 to 0.72
2536,47099,Tennessee,Lawrence,95,-0.7085129769,7.0,0.6 to 0.95,-0.080900567,6.0,0.03 to 0.24
2537,47101,Tennessee,Lewis,95,-0.9493472519,7.0,0.6 to 0.95,-0.3002352662,7.0,0.24 to 0.46
2538,47103,Tennessee,Lincoln,95,-0.5411015101,6.0,0.28 to 0.6,-0.1286991432,6.0,0.03 to 0.24
2539,47105,Tennessee,Loudon,95,-0.1711102192,5.0,-0.05 to 0.27,0.262508438,4.0,-0.37 to -0.17
2540,47107,Tennessee,McMinn,95,-0.7031616588,7.0,0.6 to 0.95,-0.0468188239,6.0,0.03 to 0.24
2541,47109,Tennessee,McNairy,95,-1.0423958501,8.0,0.96 to 1.38,-0.2178207694,6.0,0.03 to 0.24
2542,47111,Tennessee,Macon,95,-0.8321970259,7.0,0.6 to 0.95,-0.541196153,8.0,0.47 to 0.72
2543,47113,Tennessee,Madison,95,-0.6779326661,7.0,0.6 to 0.95,0.148662198,5.0,-0.17 to 0.03
2544,47115,Tennessee,Marion,95,-0.7952195689,7.0,0.6 to 0.95,-0.1437080579,6.0,0.03 to 0.24
2545,47117,Tennessee,Marshall,95,-0.3315529335,6.0,0.28 to 0.6,0.192950264,4.0,-0.37 to -0.17
2546,47119,Tennessee,Maury,95,0.022177266,5.0,-0.05 to 0.27,0.493048587,3.0,-0.58 to -0.37
2547,47121,Tennessee,Meigs,95,-1.1609368488,8.0,0.96 to 1.38,-0.5905539843,8.0,0.47 to 0.72
2548,47123,Tennessee,Monroe,95,-1.1468908529,8.0,0.96 to 1.38,-0.274791192,7.0,0.24 to 0.46
2549,47125,Tennessee,Montgomery,95,-0.08637466,5.0,-0.05 to 0.27,0.368454835,4.0,-0.37 to -0.17
2550,47127,Tennessee,Moore,95,0.174019458,4.0,-0.38 to -0.06,0.156734371,5.0,-0.17 to 0.03
2551,47129,Tennessee,Morgan,95,-0.9731026531,8.0,0.96 to 1.38,-0.4216918717,7.0,0.24 to 0.46
2552,47131,Tennessee,Obion,95,-0.6493869728,7.0,0.6 to 0.95,-0.1845850279,6.0,0.03 to 0.24
2553,47133,Tennessee,Overton,95,-0.5607940867,6.0,0.28 to 0.6,-0.3989191139,7.0,0.24 to 0.46
2554,47135,Tennessee,Perry,95,-0.5435125225,6.0,0.28 to 0.6,-0.5352361374,8.0,0.47 to 0.72
2555,47137,Tennessee,Pickett,95,-0.4606999599,6.0,0.28 to 0.6,-0.6692246272,8.0,0.47 to 0.72
2556,47139,Tennessee,Polk,95,-0.8079788622,7.0,0.6 to 0.95,-0.1221345686,6.0,0.03 to 0.24
2557,47141,Tennessee,Putnam,95,-0.2010432664,5.0,-0.05 to 0.27,0.023907574,5.0,-0.17 to 0.03
2558,47143,Tennessee,Rhea,95,-0.7022731433,7.0,0.6 to 0.95,-0.3203544024,7.0,0.24 to 0.46
2559,47145,Tennessee,Roane,95,-0.6604891275,7.0,0.6 to 0.95,-0.0686233302,6.0,0.03 to 0.24
2560,47147,Tennessee,Robertson,95,-0.3034692875,6.0,0.28 to 0.6,0.213339182,4.0,-0.37 to -0.17
2561,47149,Tennessee,Rutherford,95,0.138326698,4.0,-0.38 to -0.06,0.457107907,3.0,-0.58 to -0.37
2562,47151,Tennessee,Scott,95,-1.0800505598,8.0,0.96 to 1.38,-0.5287419263,8.0,0.47 to 0.72
2563,47153,Tennessee,Sequatchie,95,-0.6255156459,7.0,0.6 to 0.95,-0.4372099469,7.0,0.24 to 0.46
2564,47155,Tennessee,Sevier,95,-0.2376796418,5.0,-0.05 to 0.27,-0.0213227757,5.0,-0.17 to 0.03
2565,47157,Tennessee,Shelby,95,-1.1121043552,8.0,0.96 to 1.38,-0.2384831703,6.0,0.03 to 0.24
2566,47159,Tennessee,Smith,95,-0.4470907984,6.0,0.28 to 0.6,-0.1910253831,6.0,0.03 to 0.24
2567,47161,Tennessee,Stewart,95,-0.4130534086,6.0,0.28 to 0.6,-0.2408396663,6.0,0.03 to 0.24
2568,47163,Tennessee,Sullivan,95,-0.5513967918,6.0,0.28 to 0.6,0.166913351,5.0,-0.17 to 0.03
2569,47165,Tennessee,Sumner,95,0.219651337,4.0,-0.38 to -0.06,0.479156585,3.0,-0.58 to -0.37
2570,47167,Tennessee,Tipton,95,-0.5151341594,6.0,0.28 to 0.6,0.003345627,5.0,-0.17 to 0.03
2571,47169,Tennessee,Trousdale,95,-0.3847425269,6.0,0.28 to 0.6,-0.3494032044,7.0,0.24 to 0.46
2572,47171,Tennessee,Unicoi,95,-0.9114505851,7.0,0.6 to 0.95,0.073681992,5.0,-0.17 to 0.03
2573,47173,Tennessee,Union,95,-1.3017496742,8.0,0.96 to 1.38,-0.3817878353,7.0,0.24 to 0.46
2574,47175,Tennessee,Van Buren,95,-0.9976237295,8.0,0.96 to 1.38,-0.4611383319,7.0,0.24 to 0.46
2575,47177,Tennessee,Warren,95,-0.6519362832,7.0,0.6 to 0.95,-0.2506984749,7.0,0.24 to 0.46
2576,47179,Tennessee,Washington,95,-0.2470276411,5.0,-0.05 to 0.27,0.281746242,4.0,-0.37 to -0.17
2577,47181,Tennessee,Wayne,95,-0.4407969542,6.0,0.28 to 0.6,-0.4437084231,7.0,0.24 to 0.46
2578,47183,Tennessee,Weakley,95,-0.4091995436,6.0,0.28 to 0.6,-0.0447009799,6.0,0.03 to 0.24
2579,47185,Tennessee,White,95,-0.8947792323,7.0,0.6 to 0.95,-0.1264956322,6.0,0.03 to 0.24
2580,47187,Tennessee,Williamson,95,1.3812374,1.0,-1.81 to -1.08,0.992932744,1.0,-1.61 to -0.81
2581,47189,Tennessee,Wilson,95,0.430985953,3.0,-0.71 to -0.38,0.487918359,3.0,-0.58 to -0.37
2583,48001,Texas,Anderson,244,-0.1644830724,5.0,-0.05 to 0.27,-0.4803874335,8.0,0.47 to 0.72
2584,48003,Texas,Andrews,244,0.014642446,5.0,-0.05 to 0.27,-0.3275368424,7.0,0.24 to 0.46
2585,48005,Texas,Angelina,244,-0.5963053518,6.0,0.28 to 0.6,-0.3478972134,7.0,0.24 to 0.46
2586,48007,Texas,Aransas,244,-0.4357825588,6.0,0.28 to 0.6,-0.4888693631,8.0,0.47 to 0.72
2587,48009,Texas,Archer,244,0.500303515,3.0,-0.71 to -0.38,0.112601309,5.0,-0.17 to 0.03
2588,48011,Texas,Armstrong,244,0.21693506,4.0,-0.38 to -0.06,0.291570314,4.0,-0.37 to -0.17
2589,48013,Texas,Atascosa,244,-0.0687949848,5.0,-0.05 to 0.27,-0.567688546,8.0,0.47 to 0.72
2590,48015,Texas,Austin,244,0.299987714,4.0,-0.38 to -0.06,-0.34508449,7.0,0.24 to 0.46
2591,48017,Texas,Bailey,244,-0.1663496803,5.0,-0.05 to 0.27,-0.761062946,9.0,0.73 to 1.09
2592,48019,Texas,Bandera,244,0.24076076,4.0,-0.38 to -0.06,0.003574016,5.0,-0.17 to 0.03
2593,48021,Texas,Bastrop,244,0.353880063,4.0,-0.38 to -0.06,-0.32947438,7.0,0.24 to 0.46
2594,48023,Texas,Baylor,244,-0.5016273086,6.0,0.28 to 0.6,-0.2163886447,6.0,0.03 to 0.24
2595,48025,Texas,Bee,244,-0.5348975941,6.0,0.28 to 0.6,-0.8405109446,9.0,0.73 to 1.09
2596,48027,Texas,Bell,244,0.025922404,5.0,-0.05 to 0.27,0.025510098,5.0,-0.17 to 0.03
2597,48029,Texas,Bexar,244,0.098872334,4.0,-0.38 to -0.06,-0.0849640277,6.0,0.03 to 0.24
2598,48031,Texas,Blanco,244,0.604051609,3.0,-0.71 to -0.38,0.260414501,4.0,-0.37 to -0.17
2600,48035,Texas,Bosque,244,-0.0926518913,5.0,-0.05 to 0.27,-0.2541248616,7.0,0.24 to 0.46
2601,48037,Texas,Bowie,244,-0.5948187375,6.0,0.28 to 0.6,-0.2892421125,7.0,0.24 to 0.46
2602,48039,Texas,Brazoria,244,0.535537618,3.0,-0.71 to -0.38,0.031423572,5.0,-0.17 to 0.03
2603,48041,Texas,Brazos,244,0.618210758,3.0,-0.71 to -0.38,-0.0844714635,6.0,0.03 to 0.24
2604,48043,Texas,Brewster,244,0.459006914,3.0,-0.71 to -0.38,0.178546157,4.0,-0.37 to -0.17
2605,48045,Texas,Briscoe,244,-0.5328521159,6.0,0.28 to 0.6,-0.7339588334,9.0,0.73 to 1.09
2606,48047,Texas,Brooks,244,-1.2369890552,8.0,0.96 to 1.38,-1.4749302655,10.0,1.09 to 1.98
2607,48049,Texas,Brown,244,-0.2461587819,5.0,-0.05 to 0.27,-0.1097068836,6.0,0.03 to 0.24
2608,48051,Texas,Burleson,244,-0.1869281653,5.0,-0.05 to 0.27,-0.275031365,7.0,0.24 to 0.46
2609,48053,Texas,Burnet,244,0.268738662,4.0,-0.38 to -0.06,0.018009656,5.0,-0.17 to 0.03
2610,48055,Texas,Caldwell,244,0.01851906,5.0,-0.05 to 0.27,-0.560970201,8.0,0.47 to 0.72
2611,48057,Texas,Calhoun,244,0.265747421,4.0,-0.38 to -0.06,-0.3354155738,7.0,0.24 to 0.46
2612,48059,Texas,Callahan,244,-0.2041443461,5.0,-0.05 to 0.27,0.050952662,5.0,-0.17 to 0.03
2613,48061,Texas,Cameron,244,-0.4117379518,6.0,0.28 to 0.6,-1.1819504156,10.0,1.09 to 1.98
2614,48063,Texas,Camp,244,-0.6535517539,7.0,0.6 to 0.95,-0.5074147147,8.0,0.47 to 0.72
2615,48065,Texas,Carson,244,0.201020881,4.0,-0.38 to -0.06,0.429536677,3.0,-0.58 to -0.37
2616,48067,Texas,Cass,244,-0.7741224365,7.0,0.6 to 0.95,-0.6095463865,8.0,0.47 to 0.72
2617,48069,Texas,Castro,244,0.050479792,5.0,-0.05 to 0.27,-0.4797035935,8.0,0.47 to 0.72
2618,48071,Texas,Chambers,244,0.461329023,3.0,-0.71 to -0.38,-0.146934678,6.0,0.03 to 0.24
2619,48073,Texas,Cherokee,244,-0.3795731584,6.0,0.28 to 0.6,-0.5662910622,8.0,0.47 to 0.72
2620,48075,Texas,Childress,244,-0.0824664768,5.0,-0.05 to 0.27,-0.2474183877,7.0,0.24 to 0.46
2621,48077,Texas,Clay,244,0.338928453,4.0,-0.38 to -0.06,-0.1720968037,6.0,0.03 to 0.24
2622,48079,Texas,Cochran,244,-1.0012804574,8.0,0.96 to 1.38,-0.8922536792,9.0,0.73 to 1.09
2623,48081,Texas,Coke,244,-0.2601762723,5.0,-0.05 to 0.27,-0.1330622244,6.0,0.03 to 0.24
2624,48083,Texas,Coleman,244,-0.6293847181,7.0,0.6 to 0.95,-0.4163335462,7.0,0.24 to 0.46
2625,48085,Texas,Collin,244,1.365621742,1.0,-1.81 to -1.08,0.789267148,2.0,-0.81 to -0.58
2626,48087,Texas,Collingsworth,244,-0.4411630262,6.0,0.28 to 0.6,-0.6028206387,8.0,0.47 to 0.72
2627,48089,Texas,Colorado,244,-0.2114492339,5.0,-0.05 to 0.27,-0.1926137043,6.0,0.03 to 0.24
2628,48091,Texas,Comal,244,0.848987624,2.0,-1.07 to -0.71,0.419571906,3.0,-0.58 to -0.37
2629,48093,Texas,Comanche,244,0.242313389,4.0,-0.38 to -0.06,-0.5438093138,8.0,0.47 to 0.72
2630,48095,Texas,Concho,244,-0.4411847313,6.0,0.28 to 0.6,-0.2539590858,7.0,0.24 to 0.46
2631,48097,Texas,Cooke,244,0.402666353,3.0,-0.71 to -0.38,-0.1765812231,6.0,0.03 to 0.24
2632,48099,Texas,Coryell,244,0.172014872,4.0,-0.38 to -0.06,-0.020684842,5.0,-0.17 to 0.03
2633,48101,Texas,Cottle,244,-0.4279403441,6.0,0.28 to 0.6,-0.6383330472,8.0,0.47 to 0.72
2634,48103,Texas,Crane,244,-0.0878100191,5.0,-0.05 to 0.27,-0.6429004136,8.0,0.47 to 0.72
2635,48105,Texas,Crockett,244,-0.2156929915,5.0,-0.05 to 0.27,-0.1977685503,6.0,0.03 to 0.24
2636,48107,Texas,Crosby,244,-1.0834632668,8.0,0.96 to 1.38,-0.7017384756,8.0,0.47 to 0.72
2637,48109,Texas,Culberson,244,-0.4681364196,6.0,0.28 to 0.6,-0.5991609813,8.0,0.47 to 0.72
2638,48111,Texas,Dallam,244,-0.5721048234,6.0,0.28 to 0.6,-0.1746008132,6.0,0.03 to 0.24
2639,48113,Texas,Dallas,244,0.313228995,4.0,-0.38 to -0.06,-0.0986468963,6.0,0.03 to 0.24
2640,48115,Texas,Dawson,244,-0.9838090605,8.0,0.96 to 1.38,-0.8070894681,9.0,0.73 to 1.09
2641,48117,Texas,Deaf Smith,244,-0.2193100393,5.0,-0.05 to 0.27,-0.4101809346,7.0,0.24 to 0.46
2642,48119,Texas,Delta,244,-0.1461536343,5.0,-0.05 to 0.27,-0.2532215335,7.0,0.24 to 0.46
2643,48121,Texas,Denton,244,1.249751372,1.0,-1.81 to -1.08,0.734902601,2.0,-0.81 to -0.58
2644,48123,Texas,DeWitt,244,-0.1042166683,5.0,-0.05 to 0.27,-0.3490789313,7.0,0.24 to 0.46
2645,48125,Texas,Dickens,244,-0.1627013145,5.0,-0.05 to 0.27,-0.7595924857,9.0,0.73 to 1.09
2646,48127,Texas,Dimmit,244,-1.0741085324,8.0,0.96 to 1.38,-1.2166782192,10.0,1.09 to 1.98
2647,48129,Texas,Donley,244,-0.2685562348,5.0,-0.05 to 0.27,-0.237571824,6.0,0.03 to 0.24
2648,48131,Texas,Duval,244,-1.1798582638,8.0,0.96 to 1.38,-1.2145235216,10.0,1.09 to 1.98
2649,48133,Texas,Eastland,244,-0.3179751817,6.0,0.28 to 0.6,-0.4804482513,8.0,0.47 to 0.72
2650,48135,Texas,Ector,244,-0.4959183472,6.0,0.28 to 0.6,-0.4112221386,7.0,0.24 to 0.46
2651,48137,Texas,Edwards,244,-0.5055907444,6.0,0.28 to 0.6,-0.7593958906,9.0,0.73 to 1.09
2652,48139,Texas,Ellis,244,0.609506602,3.0,-0.71 to -0.38,0.12611443,5.0,-0.17 to 0.03
2653,48141,Texas,El Paso,244,-0.0018203718,5.0,-0.05 to 0.27,-0.4362055229,7.0,0.24 to 0.46
2654,48143,Texas,Erath,244,0.329423777,4.0,-0.38 to -0.06,-0.1904597427,6.0,0.03 to 0.24
2655,48145,Texas,Falls,244,-0.5713318066,6.0,0.28 to 0.6,-0.5505315791,8.0,0.47 to 0.72
2656,48147,Texas,Fannin,244,-0.0675471895,5.0,-0.05 to 0.27,-0.362599455,7.0,0.24 to 0.46
2657,48149,Texas,Fayette,244,0.297347292,4.0,-0.38 to -0.06,-0.0034695497,5.0,-0.17 to 0.03
2658,48151,Texas,Fisher,244,-0.8101710242,7.0,0.6 to 0.95,0.074540218,5.0,-0.17 to 0.03
2659,48153,Texas,Floyd,244,-0.3624675467,6.0,0.28 to 0.6,-0.7126978799,8.0,0.47 to 0.72
2660,48155,Texas,Foard,244,-0.3747138127,6.0,0.28 to 0.6,-1.0235361696,9.0,0.73 to 1.09
2661,48157,Texas,Fort Bend,244,1.066638588,2.0,-1.07 to -0.71,0.463212302,3.0,-0.58 to -0.37
2662,48159,Texas,Franklin,244,0.220223951,4.0,-0.38 to -0.06,-0.0361609161,6.0,0.03 to 0.24
2663,48161,Texas,Freestone,244,-0.0786345905,5.0,-0.05 to 0.27,-0.5093101934,8.0,0.47 to 0.72
2664,48163,Texas,Frio,244,-0.6463412995,7.0,0.6 to 0.95,-1.0885938946,9.0,0.73 to 1.09
2665,48165,Texas,Gaines,244,-0.0264055525,5.0,-0.05 to 0.27,-0.9903074028,9.0,0.73 to 1.09
2666,48167,Texas,Galveston,244,0.34902158,4.0,-0.38 to -0.06,-0.0133022209,5.0,-0.17 to 0.03
2667,48169,Texas,Garza,244,0.041194553,5.0,-0.05 to 0.27,-0.6177594928,8.0,0.47 to 0.72
2668,48171,Texas,Gillespie,244,0.552177496,3.0,-0.71 to -0.38,0.183969409,4.0,-0.37 to -0.17
2670,48175,Texas,Goliad,244,0.198018258,4.0,-0.38 to -0.06,-0.34634641,7.0,0.24 to 0.46
2671,48177,Texas,Gonzales,244,-0.2227510738,5.0,-0.05 to 0.27,-0.6263330825,8.0,0.47 to 0.72
2672,48179,Texas,Gray,244,-0.315651836,6.0,0.28 to 0.6,-0.2080484662,6.0,0.03 to 0.24
2673,48181,Texas,Grayson,244,0.131380645,4.0,-0.38 to -0.06,-0.031306054,6.0,0.03 to 0.24
2674,48183,Texas,Gregg,244,-0.4301980671,6.0,0.28 to 0.6,-0.1927282538,6.0,0.03 to 0.24
2675,48185,Texas,Grimes,244,-0.0818456745,5.0,-0.05 to 0.27,-0.554970137,8.0,0.47 to 0.72
2676,48187,Texas,Guadalupe,244,0.612791598,3.0,-0.71 to -0.38,0.130280125,5.0,-0.17 to 0.03
2677,48189,Texas,Hale,244,-0.4212374857,6.0,0.28 to 0.6,-0.6670415094,8.0,0.47 to 0.72
2678,48191,Texas,Hall,244,-0.4793578019,6.0,0.28 to 0.6,-0.6565884665,8.0,0.47 to 0.72
2679,48193,Texas,Hamilton,244,-0.217315296,5.0,-0.05 to 0.27,-0.5266764891,8.0,0.47 to 0.72
2680,48195,Texas,Hansford,244,0.554026107,3.0,-0.71 to -0.38,-0.0183284416,5.0,-0.17 to 0.03
2681,48197,Texas,Hardeman,244,0.095586228,4.0,-0.38 to -0.06,-0.5908716524,8.0,0.47 to 0.72
2682,48199,Texas,Hardin,244,-0.1780134221,5.0,-0.05 to 0.27,-0.2320531842,6.0,0.03 to 0.24
2683,48201,Texas,Harris,244,0.160531671,4.0,-0.38 to -0.06,-0.4352736612,7.0,0.24 to 0.46
2684,48203,Texas,Harrison,244,-0.1570602635,5.0,-0.05 to 0.27,-0.3370928029,7.0,0.24 to 0.46
2685,48205,Texas,Hartley,244,0.734077869,2.0,-1.07 to -0.71,0.269066741,4.0,-0.37 to -0.17
2686,48207,Texas,Haskell,244,-0.5249042808,6.0,0.28 to 0.6,-0.3407924745,7.0,0.24 to 0.46
2687,48209,Texas,Hays,244,0.910748135,2.0,-1.07 to -0.71,0.330214094,4.0,-0.37 to -0.17
2688,48211,Texas,Hemphill,244,0.348172055,4.0,-0.38 to -0.06,0.096492816,5.0,-0.17 to 0.03
2689,48213,Texas,Henderson,244,-0.4454328744,6.0,0.28 to 0.6,-0.4603130763,7.0,0.24 to 0.46
2690,48215,Texas,Hidalgo,244,-0.3919043776,6.0,0.28 to 0.6,-1.3091340177,10.0,1.09 to 1.98
2691,48217,Texas,Hill,244,-0.3253936553,6.0,0.28 to 0.6,-0.2621148085,7.0,0.24 to 0.46
2692,48219,Texas,Hockley,244,-0.6827275984,7.0,0.6 to 0.95,-0.4111589804,7.0,0.24 to 0.46
2693,48221,Texas,Hood,244,0.538305202,3.0,-0.71 to -0.38,0.154513082,5.0,-0.17 to 0.03
2694,48223,Texas,Hopkins,244,0.058177819,4.0,-0.38 to -0.06,-0.1919020037,6.0,0.03 to 0.24
2695,48225,Texas,Houston,244,-0.7410344883,7.0,0.6 to 0.95,-0.6886785117,8.0,0.47 to 0.72
2696,48227,Texas,Howard,244,-0.4165563792,6.0,0.28 to 0.6,-0.5122826701,8.0,0.47 to 0.72
2697,48229,Texas,Hudspeth,244,-0.7526531666,7.0,0.6 to 0.95,-1.0849397555,9.0,0.73 to 1.09
2698,48231,Texas,Hunt,244,-0.04223851,5.0,-0.05 to 0.27,-0.312530855,7.0,0.24 to 0.46
2699,48233,Texas,Hutchinson,244,-0.4200631865,6.0,0.28 to 0.6,-0.1396725099,6.0,0.03 to 0.24
2700,48235,Texas,Irion,244,-0.2140989932,5.0,-0.05 to 0.27,0.311969804,4.0,-0.37 to -0.17
2701,48237,Texas,Jack,244,0.160303783,4.0,-0.38 to -0.06,-0.5276548166,8.0,0.47 to 0.72
2702,48239,Texas,Jackson,244,0.035716063,5.0,-0.05 to 0.27,-0.4294287996,7.0,0.24 to 0.46
2703,48241,Texas,Jasper,244,-0.8216274669,7.0,0.6 to 0.95,-0.6900995435,8.0,0.47 to 0.72
2704,48243,Texas,Jeff Davis,244,-0.4933048133,6.0,0.28 to 0.6,-0.0846539979,6.0,0.03 to 0.24
2705,48245,Texas,Jefferson,244,-0.5211778634,6.0,0.28 to 0.6,-0.5480145974,8.0,0.47 to 0.72
2706,48247,Texas,Jim Hogg,244,-1.170397847,8.0,0.96 to 1.38,-1.2317749279,10.0,1.09 to 1.98
2707,48249,Texas,Jim Wells,244,-0.9139166346,7.0,0.6 to 0.95,-0.9971760051,9.0,0.73 to 1.09
2708,48251,Texas,Johnson,244,0.458941568,3.0,-0.71 to -0.38,-0.0705408775,6.0,0.03 to 0.24
2709,48253,Texas,Jones,244,-0.2122005412,5.0,-0.05 to 0.27,-0.5579240184,8.0,0.47 to 0.72
2710,48255,Texas,Karnes,244,-0.0187649762,5.0,-0.05 to 0.27,-0.6957844633,8.0,0.47 to 0.72
2711,48257,Texas,Kaufman,244,0.241254076,4.0,-0.38 to -0.06,0.076207001,5.0,-0.17 to 0.03
2712,48259,Texas,Kendall,244,1.084647547,1.0,-1.81 to -1.08,0.497337568,3.0,-0.58 to -0.37
2715,48265,Texas,Kerr,244,0.097725553,4.0,-0.38 to -0.06,0.050196548,5.0,-0.17 to 0.03
2716,48267,Texas,Kimble,244,0.016260258,5.0,-0.05 to 0.27,-0.3455298069,7.0,0.24 to 0.46
2718,48271,Texas,Kinney,244,0.130245291,4.0,-0.38 to -0.06,-0.2382665781,6.0,0.03 to 0.24
2719,48273,Texas,Kleberg,244,-0.2246114052,5.0,-0.05 to 0.27,-0.8233252384,9.0,0.73 to 1.09
2720,48275,Texas,Knox,244,-0.6354110638,7.0,0.6 to 0.95,-0.2155898214,6.0,0.03 to 0.24
2721,48277,Texas,Lamar,244,-0.3682746152,6.0,0.28 to 0.6,-0.4754691519,8.0,0.47 to 0.72
2722,48279,Texas,Lamb,244,-0.561757262,6.0,0.28 to 0.6,-0.4893308272,8.0,0.47 to 0.72
2723,48281,Texas,Lampasas,244,0.147947625,4.0,-0.38 to -0.06,0.001646299,5.0,-0.17 to 0.03
2724,48283,Texas,La Salle,244,-0.7392735966,7.0,0.6 to 0.95,-0.6678400643,8.0,0.47 to 0.72
2725,48285,Texas,Lavaca,244,0.437749702,3.0,-0.71 to -0.38,-0.0790585508,6.0,0.03 to 0.24
2726,48287,Texas,Lee,244,0.142997828,4.0,-0.38 to -0.06,-0.4433479711,7.0,0.24 to 0.46
2727,48289,Texas,Leon,244,-0.3341596361,6.0,0.28 to 0.6,-0.387928784,7.0,0.24 to 0.46
2728,48291,Texas,Liberty,244,-0.4197965005,6.0,0.28 to 0.6,-0.800389107,9.0,0.73 to 1.09
2729,48293,Texas,Limestone,244,-0.7072447087,7.0,0.6 to 0.95,-0.5646257735,8.0,0.47 to 0.72
2730,48295,Texas,Lipscomb,244,0.202387798,4.0,-0.38 to -0.06,-0.0829155507,6.0,0.03 to 0.24
2731,48297,Texas,Live Oak,244,-0.020518384,5.0,-0.05 to 0.27,-0.7504253818,9.0,0.73 to 1.09
2732,48299,Texas,Llano,244,0.035046144,5.0,-0.05 to 0.27,-0.2026414666,6.0,0.03 to 0.24
2734,48303,Texas,Lubbock,244,-0.1024066406,5.0,-0.05 to 0.27,0.066546634,5.0,-0.17 to 0.03
2735,48305,Texas,Lynn,244,-0.7419338243,7.0,0.6 to 0.95,-0.2891621447,7.0,0.24 to 0.46
2736,48307,Texas,McCulloch,244,-0.5135730735,6.0,0.28 to 0.6,-0.5258409381,8.0,0.47 to 0.72
2737,48309,Texas,McLennan,244,0.049160718,5.0,-0.05 to 0.27,-0.1793535321,6.0,0.03 to 0.24
2739,48313,Texas,Madison,244,-0.2881950865,6.0,0.28 to 0.6,-0.7072429489,8.0,0.47 to 0.72
2740,48315,Texas,Marion,244,-0.7556937171,7.0,0.6 to 0.95,-0.6967773638,8.0,0.47 to 0.72
2741,48317,Texas,Martin,244,-0.5570270612,6.0,0.28 to 0.6,-0.517972872,8.0,0.47 to 0.72
2742,48319,Texas,Mason,244,0.244167961,4.0,-0.38 to -0.06,0.135681059,5.0,-0.17 to 0.03
2743,48321,Texas,Matagorda,244,-0.4475730271,6.0,0.28 to 0.6,-0.9784561855,9.0,0.73 to 1.09
2744,48323,Texas,Maverick,244,-0.5432914671,6.0,0.28 to 0.6,-1.3642060509,10.0,1.09 to 1.98
2745,48325,Texas,Medina,244,0.262686938,4.0,-0.38 to -0.06,-0.1362493748,6.0,0.03 to 0.24
2746,48327,Texas,Menard,244,-0.4660048074,6.0,0.28 to 0.6,-0.4549897493,7.0,0.24 to 0.46
2747,48329,Texas,Midland,244,0.35892631,4.0,-0.38 to -0.06,0.118027529,5.0,-0.17 to 0.03
2748,48331,Texas,Milam,244,0.056916813,4.0,-0.38 to -0.06,-0.4507854664,7.0,0.24 to 0.46
2749,48333,Texas,Mills,244,0.600472301,3.0,-0.71 to -0.38,-0.2928514669,7.0,0.24 to 0.46
2750,48335,Texas,Mitchell,244,-0.3531838169,6.0,0.28 to 0.6,-0.4200335382,7.0,0.24 to 0.46
2751,48337,Texas,Montague,244,-0.4919836802,6.0,0.28 to 0.6,-0.3517302163,7.0,0.24 to 0.46
2752,48339,Texas,Montgomery,244,0.746881884,2.0,-1.07 to -0.71,0.065695652,5.0,-0.17 to 0.03
2753,48341,Texas,Moore,244,-0.105667403,5.0,-0.05 to 0.27,-0.3902127748,7.0,0.24 to 0.46
2754,48343,Texas,Morris,244,-0.7442690795,7.0,0.6 to 0.95,-0.499575627,8.0,0.47 to 0.72
2755,48345,Texas,Motley,244,0.027342291,5.0,-0.05 to 0.27,-0.376815996,7.0,0.24 to 0.46
2756,48347,Texas,Nacogdoches,244,-0.1928862148,5.0,-0.05 to 0.27,-0.4076609433,7.0,0.24 to 0.46
2757,48349,Texas,Navarro,244,-0.339568081,6.0,0.28 to 0.6,-0.5913180859,8.0,0.47 to 0.72
2758,48351,Texas,Newton,244,-1.1278683248,8.0,0.96 to 1.38,-0.9467504535,9.0,0.73 to 1.09
2759,48353,Texas,Nolan,244,-0.187001571,5.0,-0.05 to 0.27,-0.4495334462,7.0,0.24 to 0.46
2760,48355,Texas,Nueces,244,-0.3439299603,6.0,0.28 to 0.6,-0.2986546017,7.0,0.24 to 0.46
2761,48357,Texas,Ochiltree,244,-0.0789478609,5.0,-0.05 to 0.27,-0.1656915225,6.0,0.03 to 0.24
2762,48359,Texas,Oldham,244,-0.1170764316,5.0,-0.05 to 0.27,0.028999391,5.0,-0.17 to 0.03
2763,48361,Texas,Orange,244,-0.4110188768,6.0,0.28 to 0.6,-0.3146348757,7.0,0.24 to 0.46
2764,48363,Texas,Palo Pinto,244,-0.1129802177,5.0,-0.05 to 0.27,-0.4527513421,7.0,0.24 to 0.46
2765,48365,Texas,Panola,244,-0.5165806201,6.0,0.28 to 0.6,-0.5318922268,8.0,0.47 to 0.72
2766,48367,Texas,Parker,244,0.714158382,2.0,-1.07 to -0.71,0.197099112,4.0,-0.37 to -0.17
2767,48369,Texas,Parmer,244,0.190570269,4.0,-0.38 to -0.06,-0.1999772474,6.0,0.03 to 0.24
2768,48371,Texas,Pecos,244,-0.5639155914,6.0,0.28 to 0.6,-0.7382775146,9.0,0.73 to 1.09
2769,48373,Texas,Polk,244,-0.6336713638,7.0,0.6 to 0.95,-0.7070394494,8.0,0.47 to 0.72
2770,48375,Texas,Potter,244,-0.8375862853,7.0,0.6 to 0.95,-0.2952617478,7.0,0.24 to 0.46
2771,48377,Texas,Presidio,244,0.097728381,4.0,-0.38 to -0.06,-0.9322917075,9.0,0.73 to 1.09
2772,48379,Texas,Rains,244,0.158262669,4.0,-0.38 to -0.06,-0.1917148701,6.0,0.03 to 0.24
2773,48381,Texas,Randall,244,0.548120376,3.0,-0.71 to -0.38,0.643940641,2.0,-0.81 to -0.58
2774,48383,Texas,Reagan,244,0.346374275,4.0,-0.38 to -0.06,0.038233072,5.0,-0.17 to 0.03
2775,48385,Texas,Real,244,-0.2936353304,6.0,0.28 to 0.6,-0.8248054212,9.0,0.73 to 1.09
2776,48387,Texas,Red River,244,-1.4968036586,9.0,1.39 to 1.93,-0.83519382,9.0,0.73 to 1.09
2777,48389,Texas,Reeves,244,-0.2806039213,6.0,0.28 to 0.6,-0.8027084323,9.0,0.73 to 1.09
2778,48391,Texas,Refugio,244,-0.1846247041,5.0,-0.05 to 0.27,-0.8429969774,9.0,0.73 to 1.09
2780,48395,Texas,Robertson,244,-0.0889269662,5.0,-0.05 to 0.27,-0.4692264716,8.0,0.47 to 0.72
2781,48397,Texas,Rockwall,244,1.127129452,1.0,-1.81 to -1.08,0.769148995,2.0,-0.81 to -0.58
2782,48399,Texas,Runnels,244,-0.4195906818,6.0,0.28 to 0.6,-0.3280372287,7.0,0.24 to 0.46
2783,48401,Texas,Rusk,244,-0.0513954862,5.0,-0.05 to 0.27,-0.4368995618,7.0,0.24 to 0.46
2784,48403,Texas,Sabine,244,-1.0817364239,8.0,0.96 to 1.38,-0.6969082782,8.0,0.47 to 0.72
2785,48405,Texas,San Augustine,244,-1.0306261795,8.0,0.96 to 1.38,-1.0449972466,9.0,0.73 to 1.09
2786,48407,Texas,San Jacinto,244,-0.6522845109,7.0,0.6 to 0.95,-0.6714587487,8.0,0.47 to 0.72
2787,48409,Texas,San Patricio,244,-0.3700890852,6.0,0.28 to 0.6,-0.6392030175,8.0,0.47 to 0.72
2788,48411,Texas,San Saba,244,0.10006412,4.0,-0.38 to -0.06,-0.2844755508,7.0,0.24 to 0.46
2789,48413,Texas,Schleicher,244,-0.2651820369,5.0,-0.05 to 0.27,-0.1307284824,6.0,0.03 to 0.24
2790,48415,Texas,Scurry,244,-0.3629418696,6.0,0.28 to 0.6,-0.0449778551,6.0,0.03 to 0.24
2791,48417,Texas,Shackelford,244,-0.012416442,5.0,-0.05 to 0.27,0.094972918,5.0,-0.17 to 0.03
2792,48419,Texas,Shelby,244,-0.7648665267,7.0,0.6 to 0.95,-0.7575008548,9.0,0.73 to 1.09
2793,48421,Texas,Sherman,244,0.188819616,4.0,-0.38 to -0.06,-0.0217948098,5.0,-0.17 to 0.03
2794,48423,Texas,Smith,244,0.155276421,4.0,-0.38 to -0.06,0.05041872,5.0,-0.17 to 0.03
2795,48425,Texas,Somervell,244,0.655929398,3.0,-0.71 to -0.38,0.28529003,4.0,-0.37 to -0.17
2796,48427,Texas,Starr,244,-0.729526028,7.0,0.6 to 0.95,-1.9805349055,10.0,1.09 to 1.98
2797,48429,Texas,Stephens,244,-0.4522077253,6.0,0.28 to 0.6,-0.3992566205,7.0,0.24 to 0.46
2799,48433,Texas,Stonewall,244,-0.6266304722,7.0,0.6 to 0.95,-0.2404756586,6.0,0.03 to 0.24
2800,48435,Texas,Sutton,244,-0.1860920398,5.0,-0.05 to 0.27,-0.3183106113,7.0,0.24 to 0.46
2801,48437,Texas,Swisher,244,-0.9657023223,8.0,0.96 to 1.38,-0.8403804571,9.0,0.73 to 1.09
2802,48439,Texas,Tarrant,244,0.405793478,3.0,-0.71 to -0.38,0.024804629,5.0,-0.17 to 0.03
2803,48441,Texas,Taylor,244,-0.0887777067,5.0,-0.05 to 0.27,0.158556377,5.0,-0.17 to 0.03
2805,48445,Texas,Terry,244,-0.7684597751,7.0,0.6 to 0.95,-0.792248946,9.0,0.73 to 1.09
2806,48447,Texas,Throckmorton,244,-0.1083487411,5.0,-0.05 to 0.27,-0.0726540893,6.0,0.03 to 0.24
2807,48449,Texas,Titus,244,-0.1318680626,5.0,-0.05 to 0.27,-0.5473181788,8.0,0.47 to 0.72
2808,48451,Texas,Tom Green,244,0.091065029,4.0,-0.38 to -0.06,0.109547261,5.0,-0.17 to 0.03
2809,48453,Texas,Travis,244,0.964108128,2.0,-1.07 to -0.71,0.388794783,3.0,-0.58 to -0.37
2810,48455,Texas,Trinity,244,-0.5543705954,6.0,0.28 to 0.6,-0.5566152079,8.0,0.47 to 0.72
2811,48457,Texas,Tyler,244,-0.6935584709,7.0,0.6 to 0.95,-0.8932262393,9.0,0.73 to 1.09
2812,48459,Texas,Upshur,244,-0.2355874658,5.0,-0.05 to 0.27,-0.295525166,7.0,0.24 to 0.46
2813,48461,Texas,Upton,244,-0.4819763797,6.0,0.28 to 0.6,-0.4397393982,7.0,0.24 to 0.46
2814,48463,Texas,Uvalde,244,-0.5760635328,6.0,0.28 to 0.6,-0.7242337512,8.0,0.47 to 0.72
2815,48465,Texas,Val Verde,244,0.09715749,4.0,-0.38 to -0.06,-0.8719483258,9.0,0.73 to 1.09
2816,48467,Texas,Van Zandt,244,-0.071985687,5.0,-0.05 to 0.27,-0.1702453543,6.0,0.03 to 0.24
2817,48469,Texas,Victoria,244,-0.1246858456,5.0,-0.05 to 0.27,-0.2755056462,7.0,0.24 to 0.46
2818,48471,Texas,Walker,244,0.093309892,4.0,-0.38 to -0.06,-0.5108089564,8.0,0.47 to 0.72
2819,48473,Texas,Waller,244,0.30110748,4.0,-0.38 to -0.06,-0.4212575202,7.0,0.24 to 0.46
2820,48475,Texas,Ward,244,-0.4615284475,6.0,0.28 to 0.6,-0.3850545152,7.0,0.24 to 0.46
2821,48477,Texas,Washington,244,0.30892518,4.0,-0.38 to -0.06,-0.0952392461,6.0,0.03 to 0.24
2822,48479,Texas,Webb,244,0.065882198,4.0,-0.38 to -0.06,-0.926844171,9.0,0.73 to 1.09
2823,48481,Texas,Wharton,244,-0.2883197924,6.0,0.28 to 0.6,-0.5263410156,8.0,0.47 to 0.72
2824,48483,Texas,Wheeler,244,-0.458510475,6.0,0.28 to 0.6,-0.1855182544,6.0,0.03 to 0.24
2825,48485,Texas,Wichita,244,-0.1032105803,5.0,-0.05 to 0.27,-0.0695710299,6.0,0.03 to 0.24
2826,48487,Texas,Wilbarger,244,-0.7643361385,7.0,0.6 to 0.95,-0.6761712344,8.0,0.47 to 0.72
2827,48489,Texas,Willacy,244,-0.7470173736,7.0,0.6 to 0.95,-1.6726496327,10.0,1.09 to 1.98
2828,48491,Texas,Williamson,244,1.089366821,1.0,-1.81 to -1.08,0.731599943,2.0,-0.81 to -0.58
2829,48493,Texas,Wilson,244,0.405396559,3.0,-0.71 to -0.38,0.128376334,5.0,-0.17 to 0.03
2830,48495,Texas,Winkler,244,-0.8727966575,7.0,0.6 to 0.95,-0.4166051413,7.0,0.24 to 0.46
2831,48497,Texas,Wise,244,0.397942277,3.0,-0.71 to -0.38,-0.1417324027,6.0,0.03 to 0.24
2832,48499,Texas,Wood,244,-0.0710252332,5.0,-0.05 to 0.27,-0.3138250167,7.0,0.24 to 0.46
2833,48501,Texas,Yoakum,244,-0.4576418132,6.0,0.28 to 0.6,-0.2302528301,6.0,0.03 to 0.24
2834,48503,Texas,Young,244,-0.2307006592,5.0,-0.05 to 0.27,0.073065873,5.0,-0.17 to 0.03
2835,48505,Texas,Zapata,244,-0.353408015,6.0,0.28 to 0.6,-1.7504697064,10.0,1.09 to 1.98
2836,48507,Texas,Zavala,244,-1.2077250808,8.0,0.96 to 1.38,-1.247682211,10.0,1.09 to 1.98
2838,49001,Utah,Beaver,26,0.348019901,4.0,-0.38 to -0.06,0.340685803,4.0,-0.37 to -0.17
2839,49003,Utah,Box Elder,26,0.7680804,2.0,-1.07 to -0.71,0.522605242,3.0,-0.58 to -0.37
2840,49005,Utah,Cache,26,1.022803637,2.0,-1.07 to -0.71,0.614386841,2.0,-0.81 to -0.58
2841,49007,Utah,Carbon,26,-0.4987508052,6.0,0.28 to 0.6,0.154410847,5.0,-0.17 to 0.03
2843,49011,Utah,Davis,26,0.883561281,2.0,-1.07 to -0.71,0.848432541,1.0,-1.61 to -0.81
2844,49013,Utah,Duchesne,26,0.136322058,4.0,-0.38 to -0.06,-0.0145437753,5.0,-0.17 to 0.03
2845,49015,Utah,Emery,26,0.357284525,4.0,-0.38 to -0.06,0.302046699,4.0,-0.37 to -0.17
2846,49017,Utah,Garfield,26,0.472607118,3.0,-0.71 to -0.38,0.070512383,5.0,-0.17 to 0.03
2847,49019,Utah,Grand,26,0.586080737,3.0,-0.71 to -0.38,0.307032139,4.0,-0.37 to -0.17
2848,49021,Utah,Iron,26,0.670011638,3.0,-0.71 to -0.38,0.416199266,3.0,-0.58 to -0.37
2849,49023,Utah,Juab,26,0.838743704,2.0,-1.07 to -0.71,0.487912641,3.0,-0.58 to -0.37
2850,49025,Utah,Kane,26,0.773487354,2.0,-1.07 to -0.71,0.496429707,3.0,-0.58 to -0.37
2851,49027,Utah,Millard,26,0.373793453,4.0,-0.38 to -0.06,0.373586779,3.0,-0.58 to -0.37
2852,49029,Utah,Morgan,26,1.434996283,1.0,-1.81 to -1.08,1.145686088,1.0,-1.61 to -0.81
2855,49035,Utah,Salt Lake,26,0.745287278,2.0,-1.07 to -0.71,0.525538222,3.0,-0.58 to -0.37
2856,49037,Utah,San Juan,26,-0.5485593484,6.0,0.28 to 0.6,-0.5745358438,8.0,0.47 to 0.72
2857,49039,Utah,Sanpete,26,0.439342663,3.0,-0.71 to -0.38,0.255747553,4.0,-0.37 to -0.17
2858,49041,Utah,Sevier,26,0.503783223,3.0,-0.71 to -0.38,0.493499826,3.0,-0.58 to -0.37
2859,49043,Utah,Summit,26,1.353850806,1.0,-1.81 to -1.08,0.99612085,1.0,-1.61 to -0.81
2860,49045,Utah,Tooele,26,0.629384176,3.0,-0.71 to -0.38,0.624715416,2.0,-0.81 to -0.58
2861,49047,Utah,Uintah,26,0.04187863,5.0,-0.05 to 0.27,0.103187534,5.0,-0.17 to 0.03
2862,49049,Utah,Utah,26,1.142089517,1.0,-1.81 to -1.08,0.761885815,2.0,-0.81 to -0.58
2863,49051,Utah,Wasatch,26,1.403086359,1.0,-1.81 to -1.08,0.846109136,1.0,-1.61 to -0.81
2864,49053,Utah,Washington,26,0.892154477,2.0,-1.07 to -0.71,0.552574079,3.0,-0.58 to -0.37
2865,49055,Utah,Wayne,26,0.369241541,4.0,-0.38 to -0.06,0.258232795,4.0,-0.37 to -0.17
2866,49057,Utah,Weber,26,0.5626999,3.0,-0.71 to -0.38,0.549909181,3.0,-0.58 to -0.37
2868,50001,Vermont,Addison,14,1.140053899,1.0,-1.81 to -1.08,0.729978117,2.0,-0.81 to -0.58
2869,50003,Vermont,Bennington,14,0.470457667,3.0,-0.71 to -0.38,0.39702905,3.0,-0.58 to -0.37
2870,50005,Vermont,Caledonia,14,0.42482331,3.0,-0.71 to -0.38,0.135109931,5.0,-0.17 to 0.03
2871,50007,Vermont,Chittenden,14,1.262192729,1.0,-1.81 to -1.08,0.892451513,1.0,-1.61 to -0.81
2872,50009,Vermont,Essex,14,0.438553782,3.0,-0.71 to -0.38,-0.0316941895,6.0,0.03 to 0.24
2873,50011,Vermont,Franklin,14,0.854012721,2.0,-1.07 to -0.71,0.399733343,3.0,-0.58 to -0.37
2874,50013,Vermont,Grand Isle,14,1.137222024,1.0,-1.81 to -1.08,0.496442345,3.0,-0.58 to -0.37
2875,50015,Vermont,Lamoille,14,1.108418405,1.0,-1.81 to -1.08,0.490858383,3.0,-0.58 to -0.37
2876,50017,Vermont,Orange,14,0.840244925,2.0,-1.07 to -0.71,0.484607547,3.0,-0.58 to -0.37
2877,50019,Vermont,Orleans,14,0.480645658,3.0,-0.71 to -0.38,0.160119158,5.0,-0.17 to 0.03
2878,50021,Vermont,Rutland,14,0.427803313,3.0,-0.71 to -0.38,0.169494476,5.0,-0.17 to 0.03
2879,50023,Vermont,Washington,14,0.773753934,2.0,-1.07 to -0.71,0.740183023,2.0,-0.81 to -0.58
2880,50025,Vermont,Windham,14,0.584948753,3.0,-0.71 to -0.38,0.231557664,4.0,-0.37 to -0.17
2881,50027,Vermont,Windsor,14,0.748371104,2.0,-1.07 to -0.71,0.468912365,3.0,-0.58 to -0.37
2883,51001,Virginia,Accomack,133,-0.5938638863,6.0,0.28 to 0.6,-0.1546230163,6.0,0.03 to 0.24
2884,51003,Virginia,Albemarle,133,1.20523564,1.0,-1.81 to -1.08,0.942611387,1.0,-1.61 to -0.81
2885,51005,Virginia,Alleghany,133,-0.2973483021,6.0,0.28 to 0.6,0.074615344,5.0,-0.17 to 0.03
2886,51007,Virginia,Amelia,133,-0.1836741833,5.0,-0.05 to 0.27,-0.0001519507,5.0,-0.17 to 0.03
2887,51009,Virginia,Amherst,133,0.072973119,4.0,-0.38 to -0.06,0.248461388,4.0,-0.37 to -0.17
2888,51011,Virginia,Appomattox,133,0.213944426,4.0,-0.38 to -0.06,0.236455475,4.0,-0.37 to -0.17
2889,51013,Virginia,Arlington,133,1.616408061,1.0,-1.81 to -1.08,1.046310951,1.0,-1.61 to -0.81
2890,51015,Virginia,Augusta,133,0.550506331,3.0,-0.71 to -0.38,0.496855637,3.0,-0.58 to -0.37
2891,51017,Virginia,Bath,133,-0.1003246215,5.0,-0.05 to 0.27,0.050480332,5.0,-0.17 to 0.03
2892,51019,Virginia,Bedford,133,0.498873321,3.0,-0.71 to -0.38,0.527028623,3.0,-0.58 to -0.37
2893,51021,Virginia,Bland,133,-0.0769487438,5.0,-0.05 to 0.27,0.202680824,4.0,-0.37 to -0.17
2894,51023,Virginia,Botetourt,133,0.700756691,3.0,-0.71 to -0.38,0.738327108,2.0,-0.81 to -0.58
2895,51025,Virginia,Brunswick,133,-1.0218478391,8.0,0.96 to 1.38,-0.4395854767,7.0,0.24 to 0.46
2896,51027,Virginia,Buchanan,133,-1.4067782555,9.0,1.39 to 1.93,-0.7140606829,8.0,0.47 to 0.72
2897,51029,Virginia,Buckingham,133,-0.1171078398,5.0,-0.05 to 0.27,-0.3612897107,7.0,0.24 to 0.46
2898,51031,Virginia,Campbell,133,0.29431445,4.0,-0.38 to -0.06,0.314783454,4.0,-0.37 to -0.17
2899,51033,Virginia,Caroline,133,0.002321063,5.0,-0.05 to 0.27,0.192630136,4.0,-0.37 to -0.17
2900,51035,Virginia,Carroll,133,-0.0289017414,5.0,-0.05 to 0.27,0.034242726,5.0,-0.17 to 0.03
2901,51036,Virginia,Charles City,133,-0.0535324055,5.0,-0.05 to 0.27,0.013407435,5.0,-0.17 to 0.03
2902,51037,Virginia,Charlotte,133,-0.8832546739,7.0,0.6 to 0.95,-0.6963249247,8.0,0.47 to 0.72
2903,51041,Virginia,Chesterfield,133,0.685483561,3.0,-0.71 to -0.38,0.813256545,1.0,-1.61 to -0.81
2904,51043,Virginia,Clarke,133,0.968827082,2.0,-1.07 to -0.71,0.581154747,2.0,-0.81 to -0.58
2905,51045,Virginia,Craig,133,-0.207876879,5.0,-0.05 to 0.27,0.047820032,5.0,-0.17 to 0.03
2906,51047,Virginia,Culpeper,133,0.432776924,3.0,-0.71 to -0.38,0.397855245,3.0,-0.58 to -0.37
2907,51049,Virginia,Cumberland,133,0.105660689,4.0,-0.38 to -0.06,0.077481635,5.0,-0.17 to 0.03
2908,51051,Virginia,Dickenson,133,-0.7493460007,7.0,0.6 to 0.95,-0.5004604471,8.0,0.47 to 0.72
2909,51053,Virginia,Dinwiddie,133,-0.0189300033,5.0,-0.05 to 0.27,0.205879564,4.0,-0.37 to -0.17
2910,51057,Virginia,Essex,133,-1.0489587429,8.0,0.96 to 1.38,-0.3052571025,7.0,0.24 to 0.46
2911,51059,Virginia,Fairfax,133,1.491080439,1.0,-1.81 to -1.08,0.942065553,1.0,-1.61 to -0.81
2912,51061,Virginia,Fauquier,133,0.990428067,2.0,-1.07 to -0.71,0.692474935,2.0,-0.81 to -0.58
2913,51063,Virginia,Floyd,133,0.465583375,3.0,-0.71 to -0.38,0.162081289,5.0,-0.17 to 0.03
2914,51065,Virginia,Fluvanna,133,0.674560025,3.0,-0.71 to -0.38,0.773352706,2.0,-0.81 to -0.58
2915,51067,Virginia,Franklin,133,0.120940246,4.0,-0.38 to -0.06,-0.0053204668,5.0,-0.17 to 0.03
2916,51069,Virginia,Frederick,133,0.702618034,3.0,-0.71 to -0.38,0.54027736,3.0,-0.58 to -0.37
2917,51071,Virginia,Giles,133,-0.2240294949,5.0,-0.05 to 0.27,0.280093761,4.0,-0.37 to -0.17
2918,51073,Virginia,Gloucester,133,0.418815475,3.0,-0.71 to -0.38,0.531877852,3.0,-0.58 to -0.37
2919,51075,Virginia,Goochland,133,1.014563282,2.0,-1.07 to -0.71,0.888803734,1.0,-1.61 to -0.81
2920,51077,Virginia,Grayson,133,-0.155141071,5.0,-0.05 to 0.27,-0.0410761225,6.0,0.03 to 0.24
2921,51079,Virginia,Greene,133,0.785250411,2.0,-1.07 to -0.71,0.491680875,3.0,-0.58 to -0.37
2922,51081,Virginia,Greensville,133,-0.8803609138,7.0,0.6 to 0.95,-0.196791834,6.0,0.03 to 0.24
2923,51083,Virginia,Halifax,133,-0.833702597,7.0,0.6 to 0.95,-0.456600058,7.0,0.24 to 0.46
2924,51085,Virginia,Hanover,133,0.948548978,2.0,-1.07 to -0.71,0.927850465,1.0,-1.61 to -0.81
2925,51087,Virginia,Henrico,133,0.573033514,3.0,-0.71 to -0.38,0.785862937,2.0,-0.81 to -0.58
2926,51089,Virginia,Henry,133,-1.1056649578,8.0,0.96 to 1.38,-0.2886519979,7.0,0.24 to 0.46
2927,51091,Virginia,Highland,133,-0.1019160366,5.0,-0.05 to 0.27,0.341203398,4.0,-0.37 to -0.17
2928,51093,Virginia,Isle of Wight,133,0.440674335,3.0,-0.71 to -0.38,0.454710268,3.0,-0.58 to -0.37
2929,51095,Virginia,James City,133,1.144635462,1.0,-1.81 to -1.08,0.990042888,1.0,-1.61 to -0.81
2930,51097,Virginia,King and Queen,133,-0.5691034414,6.0,0.28 to 0.6,-0.026770562,5.0,-0.17 to 0.03
2931,51099,Virginia,King George,133,0.602681334,3.0,-0.71 to -0.38,0.595825285,2.0,-0.81 to -0.58
2932,51101,Virginia,King William,133,0.3908381,3.0,-0.71 to -0.38,0.494465554,3.0,-0.58 to -0.37
2933,51103,Virginia,Lancaster,133,-0.4438002202,6.0,0.28 to 0.6,0.172775559,5.0,-0.17 to 0.03
2934,51105,Virginia,Lee,133,-0.635340701,7.0,0.6 to 0.95,-0.5807019939,8.0,0.47 to 0.72
2935,51107,Virginia,Loudoun,133,1.6530254,1.0,-1.81 to -1.08,1.073067458,1.0,-1.61 to -0.81
2936,51109,Virginia,Louisa,133,0.284925653,4.0,-0.38 to -0.06,0.196067163,4.0,-0.37 to -0.17
2937,51111,Virginia,Lunenburg,133,-0.4185193925,6.0,0.28 to 0.6,-0.3442222107,7.0,0.24 to 0.46
2938,51113,Virginia,Madison,133,0.423606672,3.0,-0.71 to -0.38,0.296556596,4.0,-0.37 to -0.17
2939,51115,Virginia,Mathews,133,0.110849059,4.0,-0.38 to -0.06,0.609241707,2.0,-0.81 to -0.58
2940,51117,Virginia,Mecklenburg,133,-0.5366907039,6.0,0.28 to 0.6,-0.1739014247,6.0,0.03 to 0.24
2941,51119,Virginia,Middlesex,133,-0.5688368284,6.0,0.28 to 0.6,0.241659572,4.0,-0.37 to -0.17
2942,51121,Virginia,Montgomery,133,0.744199111,2.0,-1.07 to -0.71,0.531244538,3.0,-0.58 to -0.37
2943,51125,Virginia,Nelson,133,0.418821014,3.0,-0.71 to -0.38,-0.0194080701,5.0,-0.17 to 0.03
2944,51127,Virginia,New Kent,133,0.762866339,2.0,-1.07 to -0.71,0.840806237,1.0,-1.61 to -0.81
2945,51131,Virginia,Northampton,133,-0.5433347362,6.0,0.28 to 0.6,-0.1280889515,6.0,0.03 to 0.24
2946,51133,Virginia,Northumberland,133,-0.1673107934,5.0,-0.05 to 0.27,0.101447015,5.0,-0.17 to 0.03
2947,51135,Virginia,Nottoway,133,-0.5237477061,6.0,0.28 to 0.6,-0.3015390336,7.0,0.24 to 0.46
2948,51137,Virginia,Orange,133,0.188001918,4.0,-0.38 to -0.06,0.289760314,4.0,-0.37 to -0.17
2949,51139,Virginia,Page,133,-0.1502005279,5.0,-0.05 to 0.27,-0.1759841419,6.0,0.03 to 0.24
2950,51141,Virginia,Patrick,133,-0.6883172014,7.0,0.6 to 0.95,-0.2213587993,6.0,0.03 to 0.24
2951,51143,Virginia,Pittsylvania,133,-0.2718780319,5.0,-0.05 to 0.27,-0.1561701594,6.0,0.03 to 0.24
2952,51145,Virginia,Powhatan,133,0.827135952,2.0,-1.07 to -0.71,0.774827535,2.0,-0.81 to -0.58
2953,51147,Virginia,Prince Edward,133,-0.3735660735,6.0,0.28 to 0.6,-0.1898715788,6.0,0.03 to 0.24
2954,51149,Virginia,Prince George,133,0.34153389,4.0,-0.38 to -0.06,0.524078256,3.0,-0.58 to -0.37
2955,51153,Virginia,Prince William,133,1.019797379,2.0,-1.07 to -0.71,0.695235872,2.0,-0.81 to -0.58
2956,51155,Virginia,Pulaski,133,-0.1610702483,5.0,-0.05 to 0.27,0.081518708,5.0,-0.17 to 0.03
2957,51157,Virginia,Rappahannock,133,0.452140211,3.0,-0.71 to -0.38,0.150600911,5.0,-0.17 to 0.03
2958,51159,Virginia,Richmond,133,-0.0602164146,5.0,-0.05 to 0.27,-0.1367204265,6.0,0.03 to 0.24
2959,51161,Virginia,Roanoke,133,0.629192903,3.0,-0.71 to -0.38,0.771738068,2.0,-0.81 to -0.58
2960,51163,Virginia,Rockbridge,133,0.219081812,4.0,-0.38 to -0.06,0.415254998,3.0,-0.58 to -0.37
2961,51165,Virginia,Rockingham,133,0.726492696,2.0,-1.07 to -0.71,0.441579279,3.0,-0.58 to -0.37
2962,51167,Virginia,Russell,133,-0.5784290663,6.0,0.28 to 0.6,-0.1787157233,6.0,0.03 to 0.24
2963,51169,Virginia,Scott,133,-0.3811775648,6.0,0.28 to 0.6,-0.3633478723,7.0,0.24 to 0.46
2964,51171,Virginia,Shenandoah,133,0.292608483,4.0,-0.38 to -0.06,0.170069599,5.0,-0.17 to 0.03
2965,51173,Virginia,Smyth,133,-0.8128374145,7.0,0.6 to 0.95,0.015626487,5.0,-0.17 to 0.03
2966,51175,Virginia,Southampton,133,-0.0588495061,5.0,-0.05 to 0.27,0.070230235,5.0,-0.17 to 0.03
2967,51177,Virginia,Spotsylvania,133,0.597169174,3.0,-0.71 to -0.38,0.48042766,3.0,-0.58 to -0.37
2968,51179,Virginia,Stafford,133,0.950969897,2.0,-1.07 to -0.71,0.812796505,1.0,-1.61 to -0.81
2969,51181,Virginia,Surry,133,-0.1436841713,5.0,-0.05 to 0.27,0.038661729,5.0,-0.17 to 0.03
2970,51183,Virginia,Sussex,133,-0.6937581365,7.0,0.6 to 0.95,-0.2527598,7.0,0.24 to 0.46
2971,51185,Virginia,Tazewell,133,-1.0108837227,8.0,0.96 to 1.38,-0.2421825157,6.0,0.03 to 0.24
2972,51187,Virginia,Warren,133,0.229129504,4.0,-0.38 to -0.06,0.377921992,3.0,-0.58 to -0.37
2973,51191,Virginia,Washington,133,-0.0841732073,5.0,-0.05 to 0.27,0.355631804,4.0,-0.37 to -0.17
2974,51193,Virginia,Westmoreland,133,-0.3818301461,6.0,0.28 to 0.6,-0.2311447924,6.0,0.03 to 0.24
2975,51195,Virginia,Wise,133,-0.8167442138,7.0,0.6 to 0.95,-0.1724933299,6.0,0.03 to 0.24
2976,51197,Virginia,Wythe,133,-0.3128862127,6.0,0.28 to 0.6,0.077856743,5.0,-0.17 to 0.03
2977,51199,Virginia,York,133,1.174322547,1.0,-1.81 to -1.08,1.094717216,1.0,-1.61 to -0.81
2978,51510,Virginia,Alexandria City,133,1.366234891,1.0,-1.81 to -1.08,0.748336388,2.0,-0.81 to -0.58
2980,51520,Virginia,Bristol City,133,-0.5392468083,6.0,0.28 to 0.6,-0.1180872813,6.0,0.03 to 0.24
2981,51530,Virginia,Buena Vista City,133,-0.5728128481,6.0,0.28 to 0.6,0.002332947,5.0,-0.17 to 0.03
2982,51540,Virginia,Charlottesville City,133,0.742326998,2.0,-1.07 to -0.71,0.594825798,2.0,-0.81 to -0.58
2983,51550,Virginia,Chesapeake City,133,0.445216706,3.0,-0.71 to -0.38,0.64474799,2.0,-0.81 to -0.58
2984,51570,Virginia,Colonial Heights City,133,-0.2075403241,5.0,-0.05 to 0.27,0.466090064,3.0,-0.58 to -0.37
2985,51580,Virginia,Covington City,133,-1.1746855139,8.0,0.96 to 1.38,0.033403569,5.0,-0.17 to 0.03
2986,51590,Virginia,Danville City,133,-1.9530207007,10.0,1.95 to 3.17,-0.3010752848,7.0,0.24 to 0.46
2987,51595,Virginia,Emporia City,133,-2.1724153691,10.0,1.95 to 3.17,-0.3504690336,7.0,0.24 to 0.46
2988,51600,Virginia,Fairfax City,133,1.039043684,2.0,-1.07 to -0.71,0.821598775,1.0,-1.61 to -0.81
2989,51610,Virginia,Falls Church City,133,1.449062286,1.0,-1.81 to -1.08,1.256996809,1.0,-1.61 to -0.81
2990,51620,Virginia,Franklin City,133,-1.7877849171,9.0,1.39 to 1.93,-0.1397001761,6.0,0.03 to 0.24
2991,51630,Virginia,Fredericksburg City,133,0.016590112,5.0,-0.05 to 0.27,0.395076136,3.0,-0.58 to -0.37
2992,51640,Virginia,Galax City,133,-1.9816880695,10.0,1.95 to 3.17,-0.2471403831,7.0,0.24 to 0.46
2993,51650,Virginia,Hampton City,133,-0.209993913,5.0,-0.05 to 0.27,0.386836565,3.0,-0.58 to -0.37
2994,51660,Virginia,Harrisonburg City,133,0.488589169,3.0,-0.71 to -0.38,0.225423251,4.0,-0.37 to -0.17
2995,51670,Virginia,Hopewell City,133,-2.2358760231,10.0,1.95 to 3.17,-0.4874327703,8.0,0.47 to 0.72
2996,51678,Virginia,Lexington City,133,1.059834183,2.0,-1.07 to -0.71,0.663470617,2.0,-0.81 to -0.58
2997,51680,Virginia,Lynchburg City,133,-0.0963806562,5.0,-0.05 to 0.27,0.530125246,3.0,-0.58 to -0.37
2998,51683,Virginia,Manassas City,133,0.571067436,3.0,-0.71 to -0.38,0.322587262,4.0,-0.37 to -0.17
2999,51685,Virginia,Manassas Park City,133,0.016954611,5.0,-0.05 to 0.27,0.180262606,4.0,-0.37 to -0.17
3000,51690,Virginia,Martinsville City,133,-1.8463370122,9.0,1.39 to 1.93,-0.3715114496,7.0,0.24 to 0.46
3001,51700,Virginia,Newport News City,133,-0.2156981613,5.0,-0.05 to 0.27,0.330104391,4.0,-0.37 to -0.17
3002,51710,Virginia,Norfolk City,133,-0.4048421765,6.0,0.28 to 0.6,0.165940959,5.0,-0.17 to 0.03
3003,51720,Virginia,Norton City,133,-1.9689971813,10.0,1.95 to 3.17,-0.2210926011,6.0,0.03 to 0.24
3004,51730,Virginia,Petersburg City,133,-2.3622366239,10.0,1.95 to 3.17,-0.5521462101,8.0,0.47 to 0.72
3005,51735,Virginia,Poquoson City,133,1.132384568,1.0,-1.81 to -1.08,0.986238261,1.0,-1.61 to -0.81
3006,51740,Virginia,Portsmouth City,133,-1.0627096257,8.0,0.96 to 1.38,0.057672236,5.0,-0.17 to 0.03
3007,51750,Virginia,Radford City,133,-0.0918852764,5.0,-0.05 to 0.27,0.195879327,4.0,-0.37 to -0.17
3008,51760,Virginia,Richmond City,133,-0.5178079566,6.0,0.28 to 0.6,0.054091771,5.0,-0.17 to 0.03
3009,51770,Virginia,Roanoke City,133,-1.1171076669,8.0,0.96 to 1.38,0.002996003,5.0,-0.17 to 0.03
3010,51775,Virginia,Salem City,133,0.16908046,4.0,-0.38 to -0.06,0.703885751,2.0,-0.81 to -0.58
3011,51790,Virginia,Staunton City,133,0.295054168,4.0,-0.38 to -0.06,0.580924857,2.0,-0.81 to -0.58
3012,51800,Virginia,Suffolk City,133,0.170367978,4.0,-0.38 to -0.06,0.49338572,3.0,-0.58 to -0.37
3013,51810,Virginia,Virginia Beach City,133,0.725006187,2.0,-1.07 to -0.71,0.776561244,2.0,-0.81 to -0.58
3014,51820,Virginia,Waynesboro City,133,-0.161704818,5.0,-0.05 to 0.27,0.277621744,4.0,-0.37 to -0.17
3015,51830,Virginia,Williamsburg City,133,0.591561513,3.0,-0.71 to -0.38,0.510869295,3.0,-0.58 to -0.37
3016,51840,Virginia,Winchester City,133,-0.1840816183,5.0,-0.05 to 0.27,0.362412499,4.0,-0.37 to -0.17
3018,53001,Washington,Adams,39,0.307917489,4.0,-0.38 to -0.06,-0.8259683925,9.0,0.73 to 1.09
3019,53003,Washington,Asotin,39,0.290148875,4.0,-0.38 to -0.06,0.13228558,5.0,-0.17 to 0.03
3020,53005,Washington,Benton,39,0.746239361,2.0,-1.07 to -0.71,-0.0531313539,6.0,0.03 to 0.24
3021,53007,Washington,Chelan,39,0.884093417,2.0,-1.07 to -0.71,0.121263681,5.0,-0.17 to 0.03
3022,53009,Washington,Clallam,39,0.547874282,3.0,-0.71 to -0.38,0.099263063,5.0,-0.17 to 0.03
3023,53011,Washington,Clark,39,0.9659375,2.0,-1.07 to -0.71,0.297944621,4.0,-0.37 to -0.17
3024,53013,Washington,Columbia,39,0.320057915,4.0,-0.38 to -0.06,-0.1561437121,6.0,0.03 to 0.24
3025,53015,Washington,Cowlitz,39,0.201109451,4.0,-0.38 to -0.06,-0.1272351281,6.0,0.03 to 0.24
3026,53017,Washington,Douglas,39,1.018444019,2.0,-1.07 to -0.71,-0.1915434171,6.0,0.03 to 0.24
3027,53019,Washington,Ferry,39,-0.3569543294,6.0,0.28 to 0.6,-0.8772723579,9.0,0.73 to 1.09
3028,53021,Washington,Franklin,39,0.677336025,3.0,-0.71 to -0.38,-0.5203664199,8.0,0.47 to 0.72
3029,53023,Washington,Garfield,39,0.718357006,2.0,-1.07 to -0.71,-0.1158202578,6.0,0.03 to 0.24
3030,53025,Washington,Grant,39,0.368737895,4.0,-0.38 to -0.06,-0.6188701189,8.0,0.47 to 0.72
3031,53027,Washington,Grays Harbor,39,-0.0277484682,5.0,-0.05 to 0.27,-0.2876160811,7.0,0.24 to 0.46
3032,53029,Washington,Island,39,1.085463706,1.0,-1.81 to -1.08,0.399070169,3.0,-0.58 to -0.37
3033,53031,Washington,Jefferson,39,0.747786667,2.0,-1.07 to -0.71,0.214171146,4.0,-0.37 to -0.17
3034,53033,Washington,King,39,1.216099568,1.0,-1.81 to -1.08,0.539015491,3.0,-0.58 to -0.37
3035,53035,Washington,Kitsap,39,0.993530388,2.0,-1.07 to -0.71,0.658567578,2.0,-0.81 to -0.58
3036,53037,Washington,Kittitas,39,0.902962298,2.0,-1.07 to -0.71,0.053032553,5.0,-0.17 to 0.03
3037,53039,Washington,Klickitat,39,0.550829175,3.0,-0.71 to -0.38,-0.2350209871,6.0,0.03 to 0.24
3038,53041,Washington,Lewis,39,0.312943324,4.0,-0.38 to -0.06,-0.1644182601,6.0,0.03 to 0.24
3039,53043,Washington,Lincoln,39,0.634686253,3.0,-0.71 to -0.38,-0.1521020942,6.0,0.03 to 0.24
3040,53045,Washington,Mason,39,0.352738937,4.0,-0.38 to -0.06,-0.0641891193,6.0,0.03 to 0.24
3041,53047,Washington,Okanogan,39,0.036772397,5.0,-0.05 to 0.27,-0.6680925182,8.0,0.47 to 0.72
3042,53049,Washington,Pacific,39,-0.0253710852,5.0,-0.05 to 0.27,-0.1554232237,6.0,0.03 to 0.24
3043,53051,Washington,Pend Oreille,39,-0.3113579327,6.0,0.28 to 0.6,-0.3730333028,7.0,0.24 to 0.46
3044,53053,Washington,Pierce,39,0.525931221,3.0,-0.71 to -0.38,0.233727245,4.0,-0.37 to -0.17
3045,53055,Washington,San Juan,39,1.736784774,1.0,-1.81 to -1.08,0.479526243,3.0,-0.58 to -0.37
3046,53057,Washington,Skagit,39,0.833627021,2.0,-1.07 to -0.71,0.258670985,4.0,-0.37 to -0.17
3047,53059,Washington,Skamania,39,0.841872729,2.0,-1.07 to -0.71,-0.1918100342,6.0,0.03 to 0.24
3048,53061,Washington,Snohomish,39,0.994993782,2.0,-1.07 to -0.71,0.467648325,3.0,-0.58 to -0.37
3049,53063,Washington,Spokane,39,0.466471599,3.0,-0.71 to -0.38,0.345015784,4.0,-0.37 to -0.17
3050,53065,Washington,Stevens,39,0.327225495,4.0,-0.38 to -0.06,-0.45763363,7.0,0.24 to 0.46
3051,53067,Washington,Thurston,39,0.690258598,3.0,-0.71 to -0.38,0.443517032,3.0,-0.58 to -0.37
3052,53069,Washington,Wahkiakum,39,0.514090145,3.0,-0.71 to -0.38,-0.2011451009,6.0,0.03 to 0.24
3053,53071,Washington,Walla Walla,39,0.509157106,3.0,-0.71 to -0.38,-0.05645767,6.0,0.03 to 0.24
3054,53073,Washington,Whatcom,39,0.885471309,2.0,-1.07 to -0.71,0.432831333,3.0,-0.58 to -0.37
3055,53075,Washington,Whitman,39,0.795030607,2.0,-1.07 to -0.71,0.013655334,5.0,-0.17 to 0.03
3056,53077,Washington,Yakima,39,-0.0158559089,5.0,-0.05 to 0.27,-0.7366862411,9.0,0.73 to 1.09
3058,54001,West Virginia,Barbour,55,-0.8433169742,7.0,0.6 to 0.95,-0.3884633327,7.0,0.24 to 0.46
3059,54003,West Virginia,Berkeley,55,-0.2763814163,6.0,0.28 to 0.6,0.136319817,5.0,-0.17 to 0.03
3060,54005,West Virginia,Boone,55,-1.8572486048,9.0,1.39 to 1.93,-0.8142397156,9.0,0.73 to 1.09
3061,54007,West Virginia,Braxton,55,-0.8089800046,7.0,0.6 to 0.95,-0.4767025101,8.0,0.47 to 0.72
3062,54009,West Virginia,Brooke,55,-0.5614683291,6.0,0.28 to 0.6,-0.0175953074,5.0,-0.17 to 0.03
3063,54011,West Virginia,Cabell,55,-1.7427662224,9.0,1.39 to 1.93,-0.091272966,6.0,0.03 to 0.24
3064,54013,West Virginia,Calhoun,55,-1.1816421733,8.0,0.96 to 1.38,-0.9079515174,9.0,0.73 to 1.09
3065,54015,West Virginia,Clay,55,-1.6138918932,9.0,1.39 to 1.93,-0.7894570811,9.0,0.73 to 1.09
3066,54017,West Virginia,Doddridge,55,-0.3177288974,6.0,0.28 to 0.6,-0.4048531606,7.0,0.24 to 0.46
3067,54019,West Virginia,Fayette,55,-1.5205673743,9.0,1.39 to 1.93,-0.4322733095,7.0,0.24 to 0.46
3068,54021,West Virginia,Gilmer,55,0.086321748,4.0,-0.38 to -0.06,-0.4183216087,7.0,0.24 to 0.46
3069,54023,West Virginia,Grant,55,-0.5977742501,6.0,0.28 to 0.6,-0.0266745094,5.0,-0.17 to 0.03
3070,54025,West Virginia,Greenbrier,55,-0.8951763585,7.0,0.6 to 0.95,-0.2114720256,6.0,0.03 to 0.24
3071,54027,West Virginia,Hampshire,55,-0.7153066805,7.0,0.6 to 0.95,-0.3256360497,7.0,0.24 to 0.46
3072,54029,West Virginia,Hancock,55,-0.583317571,6.0,0.28 to 0.6,-0.1839762264,6.0,0.03 to 0.24
3073,54031,West Virginia,Hardy,55,-1.1092619291,8.0,0.96 to 1.38,-0.2406831058,6.0,0.03 to 0.24
3074,54033,West Virginia,Harrison,55,-0.6017720495,6.0,0.28 to 0.6,0.108679466,5.0,-0.17 to 0.03
3075,54035,West Virginia,Jackson,55,-0.6317713826,7.0,0.6 to 0.95,-0.1337495124,6.0,0.03 to 0.24
3076,54037,West Virginia,Jefferson,55,0.169636387,4.0,-0.38 to -0.06,0.29651503,4.0,-0.37 to -0.17
3077,54039,West Virginia,Kanawha,55,-1.1131609993,8.0,0.96 to 1.38,0.046923558,5.0,-0.17 to 0.03
3078,54041,West Virginia,Lewis,55,-1.1775980412,8.0,0.96 to 1.38,-0.2950541803,7.0,0.24 to 0.46
3079,54043,West Virginia,Lincoln,55,-2.0579241597,10.0,1.95 to 3.17,-0.9702949599,9.0,0.73 to 1.09
3080,54045,West Virginia,Logan,55,-2.607655764,10.0,1.95 to 3.17,-1.030458948,9.0,0.73 to 1.09
3081,54047,West Virginia,McDowell,55,-2.7009555169,10.0,1.95 to 3.17,-1.5220198286,10.0,1.09 to 1.98
3082,54049,West Virginia,Marion,55,-0.477003873,6.0,0.28 to 0.6,0.143331628,5.0,-0.17 to 0.03
3083,54051,West Virginia,Marshall,55,-0.3731087734,6.0,0.28 to 0.6,-0.2216467072,6.0,0.03 to 0.24
3084,54053,West Virginia,Mason,55,-1.2688164536,8.0,0.96 to 1.38,-0.336968313,7.0,0.24 to 0.46
3085,54055,West Virginia,Mercer,55,-1.7845751258,9.0,1.39 to 1.93,-0.4007372265,7.0,0.24 to 0.46
3086,54057,West Virginia,Mineral,55,-0.4323714488,6.0,0.28 to 0.6,0.001528776,5.0,-0.17 to 0.03
3087,54059,West Virginia,Mingo,55,-2.8656904291,10.0,1.95 to 3.17,-1.5367059865,10.0,1.09 to 1.98
3088,54061,West Virginia,Monongalia,55,0.264918654,4.0,-0.38 to -0.06,0.401126775,3.0,-0.58 to -0.37
3089,54063,West Virginia,Monroe,55,-0.698253229,7.0,0.6 to 0.95,-0.3091940437,7.0,0.24 to 0.46
3090,54065,West Virginia,Morgan,55,-0.7060395544,7.0,0.6 to 0.95,0.067561593,5.0,-0.17 to 0.03
3091,54067,West Virginia,Nicholas,55,-1.1327451469,8.0,0.96 to 1.38,-0.3755864616,7.0,0.24 to 0.46
3092,54069,West Virginia,Ohio,55,-0.401343968,6.0,0.28 to 0.6,0.166784543,5.0,-0.17 to 0.03
3093,54071,West Virginia,Pendleton,55,-0.5602427694,6.0,0.28 to 0.6,-0.1146426235,6.0,0.03 to 0.24
3094,54073,West Virginia,Pleasants,55,0.235107401,4.0,-0.38 to -0.06,-0.0655670837,6.0,0.03 to 0.24
3095,54075,West Virginia,Pocahontas,55,-1.1368793166,8.0,0.96 to 1.38,-0.6117665955,8.0,0.47 to 0.72
3096,54077,West Virginia,Preston,55,-0.5961391757,6.0,0.28 to 0.6,-0.2248351756,6.0,0.03 to 0.24
3097,54079,West Virginia,Putnam,55,0.063962505,4.0,-0.38 to -0.06,0.424480341,3.0,-0.58 to -0.37
3098,54081,West Virginia,Raleigh,55,-1.5316211506,9.0,1.39 to 1.93,-0.6155845885,8.0,0.47 to 0.72
3099,54083,West Virginia,Randolph,55,-0.4907107632,6.0,0.28 to 0.6,-0.2767519196,7.0,0.24 to 0.46
3100,54085,West Virginia,Ritchie,55,-0.767518039,7.0,0.6 to 0.95,-0.5287567443,8.0,0.47 to 0.72
3101,54087,West Virginia,Roane,55,-1.0957517307,8.0,0.96 to 1.38,-0.736119579,9.0,0.73 to 1.09
3102,54089,West Virginia,Summers,55,-1.8342403861,9.0,1.39 to 1.93,-0.6356950217,8.0,0.47 to 0.72
3103,54091,West Virginia,Taylor,55,-0.8182722446,7.0,0.6 to 0.95,-0.0928952092,6.0,0.03 to 0.24
3104,54093,West Virginia,Tucker,55,-0.3789731407,6.0,0.28 to 0.6,0.105398299,5.0,-0.17 to 0.03
3105,54095,West Virginia,Tyler,55,-0.2560705992,5.0,-0.05 to 0.27,-0.2176034242,6.0,0.03 to 0.24
3106,54097,West Virginia,Upshur,55,-0.515709812,6.0,0.28 to 0.6,-0.3118920043,7.0,0.24 to 0.46
3107,54099,West Virginia,Wayne,55,-1.5895276991,9.0,1.39 to 1.93,-0.5375723065,8.0,0.47 to 0.72
3108,54101,West Virginia,Webster,55,-0.9411514279,7.0,0.6 to 0.95,-0.8891788603,9.0,0.73 to 1.09
3109,54103,West Virginia,Wetzel,55,-1.0700084265,8.0,0.96 to 1.38,-0.4035425704,7.0,0.24 to 0.46
3110,54105,West Virginia,Wirt,55,-0.8836356918,7.0,0.6 to 0.95,-0.4012572664,7.0,0.24 to 0.46
3111,54107,West Virginia,Wood,55,-0.7217848825,7.0,0.6 to 0.95,0.011104478,5.0,-0.17 to 0.03
3112,54109,West Virginia,Wyoming,55,-2.0857519669,10.0,1.95 to 3.17,-0.9907929416,9.0,0.73 to 1.09
3114,55001,Wisconsin,Adams,72,0.082858115,4.0,-0.38 to -0.06,-0.2993733616,7.0,0.24 to 0.46
3115,55003,Wisconsin,Ashland,72,-0.132894454,5.0,-0.05 to 0.27,0.265418069,4.0,-0.37 to -0.17
3116,55005,Wisconsin,Barron,72,0.713644202,2.0,-1.07 to -0.71,0.393512242,3.0,-0.58 to -0.37
3117,55007,Wisconsin,Bayfield,72,0.800510961,2.0,-1.07 to -0.71,0.567324609,3.0,-0.58 to -0.37
3118,55009,Wisconsin,Brown,72,0.965975186,2.0,-1.07 to -0.71,0.589429027,2.0,-0.81 to -0.58
3119,55011,Wisconsin,Buffalo,72,1.089522831,1.0,-1.81 to -1.08,0.355576982,4.0,-0.37 to -0.17
3120,55013,Wisconsin,Burnett,72,0.594811616,3.0,-0.71 to -0.38,0.101908292,5.0,-0.17 to 0.03
3121,55015,Wisconsin,Calumet,72,1.331220687,1.0,-1.81 to -1.08,0.869863926,1.0,-1.61 to -0.81
3122,55017,Wisconsin,Chippewa,72,0.968825744,2.0,-1.07 to -0.71,0.467309505,3.0,-0.58 to -0.37
3123,55019,Wisconsin,Clark,72,0.683015781,3.0,-0.71 to -0.38,-0.2404726153,6.0,0.03 to 0.24
3124,55021,Wisconsin,Columbia,72,1.001015664,2.0,-1.07 to -0.71,0.45562403,3.0,-0.58 to -0.37
3125,55023,Wisconsin,Crawford,72,0.718732971,2.0,-1.07 to -0.71,0.087793182,5.0,-0.17 to 0.03
3126,55025,Wisconsin,Dane,72,1.155786911,1.0,-1.81 to -1.08,0.859880633,1.0,-1.61 to -0.81
3127,55027,Wisconsin,Dodge,72,0.714788455,2.0,-1.07 to -0.71,0.463572563,3.0,-0.58 to -0.37
3128,55029,Wisconsin,Door,72,0.959580377,2.0,-1.07 to -0.71,0.731575519,2.0,-0.81 to -0.58
3129,55031,Wisconsin,Douglas,72,0.568916287,3.0,-0.71 to -0.38,0.272728131,4.0,-0.37 to -0.17
3130,55033,Wisconsin,Dunn,72,0.895601411,2.0,-1.07 to -0.71,0.404627059,3.0,-0.58 to -0.37
3131,55035,Wisconsin,Eau Claire,72,0.90001726,2.0,-1.07 to -0.71,0.659436569,2.0,-0.81 to -0.58
3132,55037,Wisconsin,Florence,72,0.259724709,4.0,-0.38 to -0.06,0.340677603,4.0,-0.37 to -0.17
3133,55039,Wisconsin,Fond du Lac,72,0.679741286,3.0,-0.71 to -0.38,0.585448722,2.0,-0.81 to -0.58
3134,55041,Wisconsin,Forest,72,-0.2457068906,5.0,-0.05 to 0.27,0.007098639,5.0,-0.17 to 0.03
3135,55043,Wisconsin,Grant,72,0.742531307,2.0,-1.07 to -0.71,0.298520281,4.0,-0.37 to -0.17
3136,55045,Wisconsin,Green,72,1.006473271,2.0,-1.07 to -0.71,0.53738714,3.0,-0.58 to -0.37
3137,55047,Wisconsin,Green Lake,72,0.416696185,3.0,-0.71 to -0.38,0.393059334,3.0,-0.58 to -0.37
3138,55049,Wisconsin,Iowa,72,1.169381152,1.0,-1.81 to -1.08,0.547528796,3.0,-0.58 to -0.37
3139,55051,Wisconsin,Iron,72,1.115275467,1.0,-1.81 to -1.08,0.18144612,4.0,-0.37 to -0.17
3140,55053,Wisconsin,Jackson,72,0.48738261,3.0,-0.71 to -0.38,0.065910573,5.0,-0.17 to 0.03
3141,55055,Wisconsin,Jefferson,72,0.891350679,2.0,-1.07 to -0.71,0.474259793,3.0,-0.58 to -0.37
3142,55057,Wisconsin,Juneau,72,0.302979613,4.0,-0.38 to -0.06,0.135274341,5.0,-0.17 to 0.03
3143,55059,Wisconsin,Kenosha,72,0.492919194,3.0,-0.71 to -0.38,0.271674432,4.0,-0.37 to -0.17
3144,55061,Wisconsin,Kewaunee,72,1.07451264,2.0,-1.07 to -0.71,0.549093823,3.0,-0.58 to -0.37
3145,55063,Wisconsin,La Crosse,72,0.976200979,2.0,-1.07 to -0.71,0.83475106,1.0,-1.61 to -0.81
3146,55065,Wisconsin,Lafayette,72,0.760616454,2.0,-1.07 to -0.71,0.188729774,4.0,-0.37 to -0.17
3147,55067,Wisconsin,Langlade,72,0.429507383,3.0,-0.71 to -0.38,0.17202236,5.0,-0.17 to 0.03
3148,55069,Wisconsin,Lincoln,72,0.366432877,4.0,-0.38 to -0.06,0.394046443,3.0,-0.58 to -0.37
3149,55071,Wisconsin,Manitowoc,72,0.745088423,2.0,-1.07 to -0.71,0.398930458,3.0,-0.58 to -0.37
3150,55073,Wisconsin,Marathon,72,0.853375583,2.0,-1.07 to -0.71,0.578469364,2.0,-0.81 to -0.58
3151,55075,Wisconsin,Marinette,72,0.462589876,3.0,-0.71 to -0.38,0.237745427,4.0,-0.37 to -0.17
3152,55077,Wisconsin,Marquette,72,0.249012933,4.0,-0.38 to -0.06,0.10731428,5.0,-0.17 to 0.03
3153,55078,Wisconsin,Menominee,72,-1.9047427256,9.0,1.39 to 1.93,-0.5334228325,8.0,0.47 to 0.72
3154,55079,Wisconsin,Milwaukee,72,-0.3175291645,6.0,0.28 to 0.6,-0.0475351483,6.0,0.03 to 0.24
3155,55081,Wisconsin,Monroe,72,0.737273367,2.0,-1.07 to -0.71,0.257076175,4.0,-0.37 to -0.17
3156,55083,Wisconsin,Oconto,72,0.806503818,2.0,-1.07 to -0.71,0.475989492,3.0,-0.58 to -0.37
3157,55085,Wisconsin,Oneida,72,0.841880332,2.0,-1.07 to -0.71,0.538985846,3.0,-0.58 to -0.37
3158,55087,Wisconsin,Outagamie,72,0.952583009,2.0,-1.07 to -0.71,0.934859488,1.0,-1.61 to -0.81
3159,55089,Wisconsin,Ozaukee,72,1.387197071,1.0,-1.81 to -1.08,1.110642706,1.0,-1.61 to -0.81
3160,55091,Wisconsin,Pepin,72,1.059879814,2.0,-1.07 to -0.71,0.42775822,3.0,-0.58 to -0.37
3161,55093,Wisconsin,Pierce,72,1.252156651,1.0,-1.81 to -1.08,0.729446245,2.0,-0.81 to -0.58
3162,55095,Wisconsin,Polk,72,0.735200517,2.0,-1.07 to -0.71,0.389754974,3.0,-0.58 to -0.37
3163,55097,Wisconsin,Portage,72,0.989174297,2.0,-1.07 to -0.71,0.748236869,2.0,-0.81 to -0.58
3164,55099,Wisconsin,Price,72,0.813976542,2.0,-1.07 to -0.71,0.28721281,4.0,-0.37 to -0.17
3165,55101,Wisconsin,Racine,72,0.240031855,4.0,-0.38 to -0.06,0.241663842,4.0,-0.37 to -0.17
3166,55103,Wisconsin,Richland,72,0.69946846,3.0,-0.71 to -0.38,0.102466403,5.0,-0.17 to 0.03
3167,55105,Wisconsin,Rock,72,0.505299567,3.0,-0.71 to -0.38,0.179370703,4.0,-0.37 to -0.17
3168,55107,Wisconsin,Rusk,72,0.538965866,3.0,-0.71 to -0.38,-0.0702662275,6.0,0.03 to 0.24
3169,55109,Wisconsin,St. Croix,72,1.372786621,1.0,-1.81 to -1.08,0.868438026,1.0,-1.61 to -0.81
3170,55111,Wisconsin,Sauk,72,0.728097864,2.0,-1.07 to -0.71,0.619333498,2.0,-0.81 to -0.58
3171,55113,Wisconsin,Sawyer,72,0.198999323,4.0,-0.38 to -0.06,0.223947034,4.0,-0.37 to -0.17
3172,55115,Wisconsin,Shawano,72,0.616757846,3.0,-0.71 to -0.38,0.280943841,4.0,-0.37 to -0.17
3173,55117,Wisconsin,Sheboygan,72,0.855954443,2.0,-1.07 to -0.71,0.714512597,2.0,-0.81 to -0.58
3174,55119,Wisconsin,Taylor,72,0.894462324,2.0,-1.07 to -0.71,0.092817534,5.0,-0.17 to 0.03
3175,55121,Wisconsin,Trempealeau,72,0.934266316,2.0,-1.07 to -0.71,0.369973754,4.0,-0.37 to -0.17
3176,55123,Wisconsin,Vernon,72,0.870404494,2.0,-1.07 to -0.71,0.080397669,5.0,-0.17 to 0.03
3177,55125,Wisconsin,Vilas,72,0.249095382,4.0,-0.38 to -0.06,0.506264192,3.0,-0.58 to -0.37
3178,55127,Wisconsin,Walworth,72,0.92890487,2.0,-1.07 to -0.71,0.443099989,3.0,-0.58 to -0.37
3179,55129,Wisconsin,Washburn,72,0.522675556,3.0,-0.71 to -0.38,0.321593725,4.0,-0.37 to -0.17
3180,55131,Wisconsin,Washington,72,1.215004938,1.0,-1.81 to -1.08,0.903145721,1.0,-1.61 to -0.81
3181,55133,Wisconsin,Waukesha,72,1.432302916,1.0,-1.81 to -1.08,0.90091172,1.0,-1.61 to -0.81
3182,55135,Wisconsin,Waupaca,72,0.916546837,2.0,-1.07 to -0.71,0.411058071,3.0,-0.58 to -0.37
3183,55137,Wisconsin,Waushara,72,0.490066681,3.0,-0.71 to -0.38,0.166796376,5.0,-0.17 to 0.03
3184,55139,Wisconsin,Winnebago,72,0.717608319,2.0,-1.07 to -0.71,0.534488139,3.0,-0.58 to -0.37
3185,55141,Wisconsin,Wood,72,0.628165998,3.0,-0.71 to -0.38,0.447448845,3.0,-0.58 to -0.37
3187,56001,Wyoming,Albany,23,0.49752723,3.0,-0.71 to -0.38,0.466325964,3.0,-0.58 to -0.37
3188,56003,Wyoming,Big Horn,23,0.721723171,2.0,-1.07 to -0.71,0.132825725,5.0,-0.17 to 0.03
3189,56005,Wyoming,Campbell,23,0.452626495,3.0,-0.71 to -0.38,0.505263556,3.0,-0.58 to -0.37
3190,56007,Wyoming,Carbon,23,0.114280176,4.0,-0.38 to -0.06,0.266413159,4.0,-0.37 to -0.17
3191,56009,Wyoming,Converse,23,0.301177832,4.0,-0.38 to -0.06,0.601576248,2.0,-0.81 to -0.58
3192,56011,Wyoming,Crook,23,0.667425488,3.0,-0.71 to -0.38,0.557602558,3.0,-0.58 to -0.37
3193,56013,Wyoming,Fremont,23,-0.7180421256,7.0,0.6 to 0.95,0.083015055,5.0,-0.17 to 0.03
3194,56015,Wyoming,Goshen,23,0.43581526,3.0,-0.71 to -0.38,0.35452962,4.0,-0.37 to -0.17
3195,56017,Wyoming,Hot Springs,23,0.14708292,4.0,-0.38 to -0.06,0.639891185,2.0,-0.81 to -0.58
3196,56019,Wyoming,Johnson,23,0.912715038,2.0,-1.07 to -0.71,0.516137635,3.0,-0.58 to -0.37
3197,56021,Wyoming,Laramie,23,0.396695608,3.0,-0.71 to -0.38,0.51944219,3.0,-0.58 to -0.37
3198,56023,Wyoming,Lincoln,23,0.775726248,2.0,-1.07 to -0.71,0.45712805,3.0,-0.58 to -0.37
3199,56025,Wyoming,Natrona,23,0.142606119,4.0,-0.38 to -0.06,0.478508231,3.0,-0.58 to -0.37
3200,56027,Wyoming,Niobrara,23,0.20503347,4.0,-0.38 to -0.06,-0.2277682838,6.0,0.03 to 0.24
3201,56029,Wyoming,Park,23,0.816132352,2.0,-1.07 to -0.71,0.735257362,2.0,-0.81 to -0.58
3202,56031,Wyoming,Platte,23,0.245902666,4.0,-0.38 to -0.06,0.248015069,4.0,-0.37 to -0.17
3203,56033,Wyoming,Sheridan,23,0.965023947,2.0,-1.07 to -0.71,0.48116021,3.0,-0.58 to -0.37
3204,56035,Wyoming,Sublette,23,0.468685266,3.0,-0.71 to -0.38,0.717597588,2.0,-0.81 to -0.58
3205,56037,Wyoming,Sweetwater,23,0.131166179,4.0,-0.38 to -0.06,0.422975793,3.0,-0.58 to -0.37
3206,56039,Wyoming,Teton,23,1.473612707,1.0,-1.81 to -1.08,1.071406059,1.0,-1.61 to -0.81
3207,56041,Wyoming,Uinta,23,-0.0641813948,5.0,-0.05 to 0.27,0.484848,3.0,-0.58 to -0.37
3208,56043,Wyoming,Washakie,23,0.626716223,3.0,-0.71 to -0.38,0.451586241,3.0,-0.58 to -0.37
3209,56045,Wyoming,Weston,23,0.747531544,2.0,-1.07 to -0.71,0.358427387,4.0,-0.37 to -0.17
